<?xml version="1.0" encoding="UTF-8" standalone="yes"?>
<Wordlist>
    <Paradigm pdgId="1126904" Lemma="а" Tag="C">
        <Form Tag="" Slouniki="yes">а</Form>
    </Paradigm>
    <Paradigm pdgId="1126905" Lemma="або*" Tag="C">
        <Form Tag="" Slouniki="yes">або*</Form>
    </Paradigm>
    <Paradigm pdgId="1126908" Lemma="адна*к" Tag="C">
        <Form Tag="" Slouniki="yes">адна*к</Form>
    </Paradigm>
    <Paradigm pdgId="1126910" Lemma="аж" Tag="C">
        <Form Tag="" Slouniki="yes">аж</Form>
    </Paradigm>
    <Paradigm pdgId="1127142" Lemma="аж" Tag="C">
        <Form Tag="" Slouniki="yes">аж</Form>
    </Paradigm>
    <Paradigm pdgId="1126911" Lemma="ажно*" Tag="C">
        <Form Tag="" Slouniki="yes">ажно*</Form>
    </Paradigm>
    <Paradigm pdgId="1126913" Lemma="альбо*" Tag="C">
        <Form Tag="" Slouniki="yes">альбо*</Form>
    </Paradigm>
    <Paradigm pdgId="1198080" Lemma="балазе*" Tag="C">
        <Form Tag="" Slouniki="yes">балазе*</Form>
    </Paradigm>
    <Paradigm pdgId="1126914" Lemma="бо" Tag="C">
        <Form Tag="" Slouniki="yes">бо</Form>
    </Paradigm>
    <Paradigm pdgId="1126915" Lemma="бы" Tag="C">
        <Form Tag="" Slouniki="yes">бы</Form>
    </Paradigm>
    <Paradigm pdgId="1126916" Lemma="бы*ццам" Tag="C">
        <Form Tag="" Slouniki="yes">бы*ццам</Form>
    </Paradigm>
    <Paradigm pdgId="1126923" Lemma="ж" Tag="C">
        <Form Tag="" Slouniki="yes">ж</Form>
        <Form Tag="" Slouniki="yes">жа</Form>
    </Paradigm>
    <Paradigm pdgId="1126928" Lemma="зато*е" Tag="C">
        <Form Tag="" Slouniki="yes">зато*е</Form>
    </Paradigm>
    <Paradigm pdgId="1140040" Lemma="зрэ*шты" Tag="C">
        <Form Tag="" Slouniki="yes">зрэ*шты</Form>
    </Paradigm>
    <Paradigm pdgId="1126931" Lemma="і" Tag="C">
        <Form Tag="" Slouniki="yes">і</Form>
    </Paradigm>
    <Paradigm pdgId="1127124" Lemma="іна*кш" Tag="C">
        <Form Tag="" Slouniki="yes">іна*кш</Form>
    </Paradigm>
    <Paradigm pdgId="1140038" Lemma="іна*чай" Tag="C">
        <Form Tag="" Slouniki="yes">іна*чай</Form>
    </Paradigm>
    <Paradigm pdgId="1126932" Lemma="й" Tag="C">
        <Form Tag="" Slouniki="yes">й</Form>
    </Paradigm>
    <Paradigm pdgId="1126933" Lemma="каб" Tag="C">
        <Form Tag="" Slouniki="yes">каб</Form>
    </Paradigm>
    <Paradigm pdgId="1126934" Lemma="калі*" Tag="C">
        <Form Tag="" Slouniki="yes">калі*</Form>
    </Paradigm>
    <Paradigm pdgId="1126939" Lemma="на*ват" Tag="C">
        <Form Tag="" Slouniki="yes">на*ват</Form>
    </Paradigm>
    <Paradigm pdgId="1198081" Lemma="нат" Tag="C">
        <Form Tag="" Slouniki="yes">нат</Form>
    </Paradigm>
    <Paradigm pdgId="1126945" Lemma="няха*й" Tag="C">
        <Form Tag="" Slouniki="yes">няха*й</Form>
    </Paradigm>
    <Paradigm pdgId="1126946" Lemma="пако*лькі" Tag="C">
        <Form Tag="" Slouniki="yes">пако*лькі</Form>
    </Paradigm>
    <Paradigm pdgId="1126947" Lemma="паку*ль" Tag="C">
        <Form Tag="" Slouniki="yes">паку*ль</Form>
    </Paradigm>
    <Paradigm pdgId="1140041" Lemma="пасто*лькі" Tag="C">
        <Form Tag="" Slouniki="yes">пасто*лькі</Form>
    </Paradigm>
    <Paradigm pdgId="1198082" Lemma="по*кі" Tag="C">
        <Form Tag="" Slouniki="yes">по*кі</Form>
    </Paradigm>
    <Paradigm pdgId="1140042" Lemma="прыты*м" Tag="C">
        <Form Tag="" Slouniki="yes">прыты*м</Form>
    </Paradigm>
    <Paradigm pdgId="1140043" Lemma="прычы*м" Tag="C">
        <Form Tag="" Slouniki="yes">прычы*м</Form>
    </Paradigm>
    <Paradigm pdgId="1126949" Lemma="раз" Tag="C">
        <Form Tag="" Slouniki="yes">раз</Form>
    </Paradigm>
    <Paradigm pdgId="1160169" Lemma="такса*ма" Tag="C">
        <Form Tag="" Slouniki="yes">такса*ма</Form>
    </Paradigm>
    <Paradigm pdgId="1198083" Lemma="та*к-што" Tag="C">
        <Form Tag="" Slouniki="yes">та*к-што</Form>
    </Paradigm>
    <Paradigm pdgId="1160168" Lemma="таму*" Tag="C">
        <Form Tag="" Slouniki="yes">таму*</Form>
    </Paradigm>
    <Paradigm pdgId="1126954" Lemma="то" Tag="C">
        <Form Tag="" Slouniki="yes">то</Form>
    </Paradigm>
    <Paradigm pdgId="1198084" Lemma="то*-бок" Tag="C">
        <Form Tag="" Slouniki="yes">то*-бок</Form>
    </Paradigm>
    <Paradigm pdgId="1198085" Lemma="то-бок" Tag="C">
        <Form Tag="" Slouniki="yes">то*-бок</Form>
    </Paradigm>
    <Paradigm pdgId="1126955" Lemma="то*лькі" Tag="C">
        <Form Tag="" Slouniki="yes">то*лькі</Form>
    </Paradigm>
    <Paradigm pdgId="1127148" Lemma="то*лькі" Tag="C">
        <Form Tag="" Slouniki="yes">то*лькі</Form>
    </Paradigm>
    <Paradigm pdgId="1140048" Lemma="усё-такі" Tag="C">
        <Form Tag="" Slouniki="yes">усё-такі</Form>
    </Paradigm>
    <Paradigm pdgId="1126958" Lemma="хай" Tag="C">
        <Form Tag="" Slouniki="yes">хай</Form>
    </Paradigm>
    <Paradigm pdgId="1126960" Lemma="хіба*" Tag="C">
        <Form Tag="" Slouniki="yes">хіба*</Form>
    </Paradigm>
    <Paradigm pdgId="1126961" Lemma="хоць" Tag="C">
        <Form Tag="" Slouniki="yes">хоць</Form>
    </Paradigm>
    <Paradigm pdgId="1126963" Lemma="ці" Tag="C">
        <Form Tag="" Slouniki="yes">ці</Form>
    </Paradigm>
    <Paradigm pdgId="1127123" Lemma="чаму*" Tag="C">
        <Form Tag="" Slouniki="yes">чаму*</Form>
    </Paradigm>
    <Paradigm pdgId="1126966" Lemma="чым" Tag="C">
        <Form Tag="" Slouniki="yes">чым</Form>
    </Paradigm>
    <Paradigm pdgId="1146206" Lemma="чы*мся" Tag="C">
        <Form Tag="" Slouniki="yes">чы*мся</Form>
    </Paradigm>
    <Paradigm pdgId="1126967" Lemma="што" Tag="C">
        <Form Tag="" Slouniki="yes">што</Form>
    </Paradigm>
    <Paradigm pdgId="1126964" Lemma="як" Tag="C">
        <Form Tag="" Slouniki="yes">як</Form>
    </Paradigm>
    <Paradigm pdgId="1126971" Lemma="яшчэ*" Tag="C">
        <Form Tag="" Slouniki="yes">яшчэ*</Form>
    </Paradigm>
</Wordlist>
