<?xml version="1.0" encoding="UTF-8" standalone="yes"?>
<Wordlist>
    <Paradigm pdgId="1000005" Lemma="а" Tag="E">
        <Form Tag="" Slouniki="yes">а</Form>
    </Paradigm>
    <Paradigm pdgId="1000006" Lemma="або*" Tag="E">
        <Form Tag="" Slouniki="yes">або*</Form>
    </Paradigm>
    <Paradigm pdgId="1000009" Lemma="ага*" Tag="E">
        <Form Tag="" Slouniki="yes">ага*</Form>
    </Paradigm>
    <Paradigm pdgId="1000011" Lemma="аж" Tag="E">
        <Form Tag="" Slouniki="yes">аж</Form>
    </Paradigm>
    <Paradigm pdgId="1000012" Lemma="ажно*" Tag="E">
        <Form Tag="" Slouniki="yes">ажно*</Form>
    </Paradigm>
    <Paradigm pdgId="1000013" Lemma="акура*т" Tag="E">
        <Form Tag="" Slouniki="yes">акура*т</Form>
    </Paradigm>
    <Paradigm pdgId="1000015" Lemma="ама*ль" Tag="E">
        <Form Tag="" Slouniki="yes">ама*ль</Form>
    </Paradigm>
    <Paradigm pdgId="1198087" Lemma="амі*н" Tag="E">
        <Form Tag="" Slouniki="yes">амі*н</Form>
    </Paradigm>
    <Paradigm pdgId="1000016" Lemma="ані*" Tag="E">
        <Form Tag="" Slouniki="yes">ані*</Form>
    </Paradigm>
    <Paradigm pdgId="1000017" Lemma="ану*" Tag="E">
        <Form Tag="" Slouniki="yes">ану*</Form>
    </Paradigm>
    <Paradigm pdgId="1000018" Lemma="б" Tag="E">
        <Form Tag="" Slouniki="yes">б</Form>
    </Paradigm>
    <Paradigm pdgId="1000019" Lemma="бада*й" Tag="E">
        <Form Tag="" Slouniki="yes">бада*й</Form>
    </Paradigm>
    <Paradigm pdgId="1000021" Lemma="бач" Tag="E">
        <Form Tag="" Slouniki="yes">бач</Form>
    </Paradigm>
    <Paradigm pdgId="1000022" Lemma="бо" Tag="E">
        <Form Tag="" Slouniki="yes">бо</Form>
    </Paradigm>
    <Paradigm pdgId="1000023" Lemma="бы" Tag="E">
        <Form Tag="" Slouniki="yes">бы</Form>
    </Paradigm>
    <Paradigm pdgId="1198088" Lemma="быва*ла" Tag="E">
        <Form Tag="" Slouniki="yes">быва*ла</Form>
    </Paradigm>
    <Paradigm pdgId="1000024" Lemma="бы*ццам" Tag="E">
        <Form Tag="" Slouniki="yes">бы*ццам</Form>
    </Paradigm>
    <Paradigm pdgId="1127951" Lemma="ве*дама" Tag="E">
        <Form Tag="" Slouniki="yes">ве*дама</Form>
    </Paradigm>
    <Paradigm pdgId="1000026" Lemma="во" Tag="E">
        <Form Tag="" Slouniki="yes">во</Form>
    </Paradigm>
    <Paradigm pdgId="1000027" Lemma="вось" Tag="E">
        <Form Tag="" Slouniki="yes">вось</Form>
    </Paradigm>
    <Paradigm pdgId="1198090" Lemma="вот" Tag="E">
        <Form Tag="" Slouniki="yes">вот</Form>
    </Paradigm>
    <Paradigm pdgId="1000029" Lemma="вунь" Tag="E">
        <Form Tag="" Slouniki="yes">вунь</Form>
    </Paradigm>
    <Paradigm pdgId="1000031" Lemma="выклю*чна" Tag="E">
        <Form Tag="" Slouniki="yes">выклю*чна</Form>
    </Paradigm>
    <Paradigm pdgId="1000032" Lemma="вядо*ма" Tag="E">
        <Form Tag="" Slouniki="yes">вядо*ма</Form>
    </Paradigm>
    <Paradigm pdgId="1000033" Lemma="гэ*та" Tag="E">
        <Form Tag="" Slouniki="yes">гэ*та</Form>
    </Paradigm>
    <Paradigm pdgId="1000034" Lemma="дава*й" Tag="E">
        <Form Tag="" Slouniki="yes">дава*й</Form>
    </Paradigm>
    <Paradigm pdgId="1198091" Lemma="дава*йце" Tag="E">
        <Form Tag="" Slouniki="yes">дава*йце</Form>
    </Paradigm>
    <Paradigm pdgId="1000035" Lemma="дай" Tag="E">
        <Form Tag="" Slouniki="yes">дай</Form>
    </Paradigm>
    <Paradigm pdgId="1198092" Lemma="дапу*сцім" Tag="E">
        <Form Tag="" Slouniki="yes">дапу*сцім</Form>
    </Paradigm>
    <Paradigm pdgId="1127952" Lemma="дарма*" Tag="E">
        <Form Tag="" Slouniki="yes">дарма*</Form>
        <Form Tag="" Slouniki="yes">да*рма</Form>
    </Paradigm>
    <Paradigm pdgId="1000036" Lemma="дзе" Tag="E">
        <Form Tag="" Slouniki="yes">дзе</Form>
    </Paradigm>
    <Paradigm pdgId="1000037" Lemma="дзя*куй" Tag="E">
        <Form Tag="" Slouniki="yes">дзя*куй</Form>
    </Paradigm>
    <Paradigm pdgId="1000041" Lemma="ж" Tag="E">
        <Form Tag="" Slouniki="yes">ж</Form>
        <Form Tag="" Slouniki="yes">жа</Form>
    </Paradigm>
    <Paradigm pdgId="1000001" Lemma="і" Tag="E">
        <Form Tag="" Slouniki="yes">і</Form>
        <Form Tag="" Slouniki="yes">й</Form>
    </Paradigm>
    <Paradigm pdgId="1000002" Lemma="і*менна" Tag="E">
        <Form Tag="" Slouniki="yes">і*менна</Form>
    </Paradigm>
    <Paradigm pdgId="1000003" Lemma="іна*кш" Tag="E">
        <Form Tag="" Slouniki="yes">іна*кш</Form>
    </Paradigm>
    <Paradigm pdgId="1000004" Lemma="іна*чай" Tag="E">
        <Form Tag="" Slouniki="yes">іна*чай</Form>
    </Paradigm>
    <Paradigm pdgId="1000043" Lemma="каб" Tag="E">
        <Form Tag="" Slouniki="yes">каб</Form>
    </Paradigm>
    <Paradigm pdgId="1000044" Lemma="калі*" Tag="E">
        <Form Tag="" Slouniki="yes">калі*</Form>
    </Paradigm>
    <Paradigm pdgId="1127954" Lemma="кане*шне" Tag="E">
        <Form Tag="" Slouniki="yes">кане*шне</Form>
    </Paradigm>
    <Paradigm pdgId="1000045" Lemma="куды*" Tag="E">
        <Form Tag="" Slouniki="yes">куды*</Form>
    </Paradigm>
    <Paradigm pdgId="1198093" Lemma="маўля*ў" Tag="E">
        <Form Tag="" Slouniki="yes">маўля*ў</Form>
    </Paradigm>
    <Paradigm pdgId="1000047" Lemma="менаві*та" Tag="E">
        <Form Tag="" Slouniki="yes">менаві*та</Form>
    </Paradigm>
    <Paradigm pdgId="1000048" Lemma="мо*жна" Tag="E">
        <Form Tag="" Slouniki="yes">мо*жна</Form>
    </Paradigm>
    <Paradigm pdgId="1000052" Lemma="на" Tag="E">
        <Form Tag="" Slouniki="yes">на</Form>
    </Paradigm>
    <Paradigm pdgId="1127956" Lemma="наадваро*т" Tag="E">
        <Form Tag="" Slouniki="yes">наадваро*т</Form>
    </Paradigm>
    <Paradigm pdgId="1000055" Lemma="на*ват" Tag="E">
        <Form Tag="" Slouniki="yes">на*ват</Form>
    </Paradigm>
    <Paradigm pdgId="1198094" Lemma="нат" Tag="E">
        <Form Tag="" Slouniki="yes">нат</Form>
    </Paradigm>
    <Paradigm pdgId="1000053" Lemma="наўра*д" Tag="E">
        <Form Tag="" Slouniki="yes">наўра*д</Form>
    </Paradigm>
    <Paradigm pdgId="1198095" Lemma="на*це" Tag="E">
        <Form Tag="" Slouniki="yes">на*це</Form>
    </Paradigm>
    <Paradigm pdgId="1000058" Lemma="не" Tag="E">
        <Form Tag="" Slouniki="yes">не</Form>
    </Paradigm>
    <Paradigm pdgId="1000049" Lemma="ні" Tag="E">
        <Form Tag="" Slouniki="yes">ні</Form>
    </Paradigm>
    <Paradigm pdgId="1000050" Lemma="ні*бы" Tag="E">
        <Form Tag="" Slouniki="yes">ні*бы</Form>
        <Form Tag="" Slouniki="yes">нібы*</Form>
    </Paradigm>
    <Paradigm pdgId="1000059" Lemma="ну" Tag="E">
        <Form Tag="" Slouniki="yes">ну</Form>
    </Paradigm>
    <Paradigm pdgId="1127958" Lemma="ну-ну" Tag="E">
        <Form Tag="" Slouniki="yes">ну-ну</Form>
    </Paradigm>
    <Paradigm pdgId="1198096" Lemma="нябо*сь" Tag="E">
        <Form Tag="" Slouniki="yes">нябо*сь</Form>
    </Paradigm>
    <Paradigm pdgId="1000061" Lemma="няўжо*" Tag="E">
        <Form Tag="" Slouniki="yes">няўжо*</Form>
    </Paradigm>
    <Paradigm pdgId="1000062" Lemma="няха*й" Tag="E">
        <Form Tag="" Slouniki="yes">няха*й</Form>
    </Paradigm>
    <Paradigm pdgId="1000064" Lemma="от" Tag="E">
        <Form Tag="" Slouniki="yes">от</Form>
    </Paradigm>
    <Paradigm pdgId="1198097" Lemma="ото*" Tag="E">
        <Form Tag="" Slouniki="yes">ото*</Form>
    </Paradigm>
    <Paradigm pdgId="1127959" Lemma="папро*сту" Tag="E">
        <Form Tag="" Slouniki="yes">папро*сту</Form>
    </Paradigm>
    <Paradigm pdgId="1000065" Lemma="про*ста" Tag="E">
        <Form Tag="" Slouniki="yes">про*ста</Form>
    </Paradigm>
    <Paradigm pdgId="1127960" Lemma="про*ста-такі*" Tag="E">
        <Form Tag="" Slouniki="yes">про*ста-такі*</Form>
    </Paradigm>
    <Paradigm pdgId="1000066" Lemma="прыблі*зна" Tag="E">
        <Form Tag="" Slouniki="yes">прыблі*зна</Form>
    </Paradigm>
    <Paradigm pdgId="1198098" Lemma="са*ма" Tag="E">
        <Form Tag="" Slouniki="yes">са*ма</Form>
    </Paradigm>
    <Paradigm pdgId="1000068" Lemma="сапраўды*" Tag="E">
        <Form Tag="" Slouniki="yes">сапраўды*</Form>
    </Paradigm>
    <Paradigm pdgId="1000069" Lemma="так" Tag="E">
        <Form Tag="" Slouniki="yes">так</Form>
    </Paradigm>
    <Paradigm pdgId="1000070" Lemma="такса*ма" Tag="E">
        <Form Tag="" Slouniki="yes">такса*ма</Form>
    </Paradigm>
    <Paradigm pdgId="1198099" Lemma="та*к-такі" Tag="E">
        <Form Tag="" Slouniki="yes">та*к-такі</Form>
    </Paradigm>
    <Paradigm pdgId="1000071" Lemma="там" Tag="E">
        <Form Tag="" Slouniki="yes">там</Form>
    </Paradigm>
    <Paradigm pdgId="1000072" Lemma="то*лькі" Tag="E">
        <Form Tag="" Slouniki="yes">то*лькі</Form>
    </Paradigm>
    <Paradigm pdgId="1000073" Lemma="трэ*ба" Tag="E">
        <Form Tag="" Slouniki="yes">трэ*ба</Form>
    </Paradigm>
    <Paradigm pdgId="1000074" Lemma="тут" Tag="E">
        <Form Tag="" Slouniki="yes">тут</Form>
    </Paradigm>
    <Paradigm pdgId="1000076" Lemma="ужо*" Tag="E">
        <Form Tag="" Slouniki="yes">ужо*</Form>
    </Paradigm>
    <Paradigm pdgId="1000077" Lemma="унь" Tag="E">
        <Form Tag="" Slouniki="yes">унь</Form>
    </Paradigm>
    <Paradigm pdgId="1000078" Lemma="усё" Tag="E">
        <Form Tag="" Slouniki="yes">усё</Form>
    </Paradigm>
    <Paradigm pdgId="1127962" Lemma="усё-такі" Tag="E">
        <Form Tag="" Slouniki="yes">усё-такі</Form>
    </Paradigm>
    <Paradigm pdgId="1000080" Lemma="хай" Tag="E">
        <Form Tag="" Slouniki="yes">хай</Form>
    </Paradigm>
    <Paradigm pdgId="1000081" Lemma="хаця*" Tag="E">
        <Form Tag="" Slouniki="yes">хаця*</Form>
    </Paradigm>
    <Paradigm pdgId="1000079" Lemma="хіба*" Tag="E">
        <Form Tag="" Slouniki="yes">хіба*</Form>
    </Paradigm>
    <Paradigm pdgId="1000082" Lemma="хоць" Tag="E">
        <Form Tag="" Slouniki="yes">хоць</Form>
    </Paradigm>
    <Paradigm pdgId="1000083" Lemma="ці" Tag="E">
        <Form Tag="" Slouniki="yes">ці</Form>
    </Paradigm>
    <Paradigm pdgId="1000084" Lemma="чы*ста" Tag="E">
        <Form Tag="" Slouniki="yes">чы*ста</Form>
    </Paradigm>
    <Paradigm pdgId="1000000" Lemma="як" Tag="E">
        <Form Tag="" Slouniki="yes">як</Form>
    </Paradigm>
    <Paradigm pdgId="1000087" Lemma="якра*з" Tag="E">
        <Form Tag="" Slouniki="yes">якра*з</Form>
    </Paradigm>
    <Paradigm pdgId="1000088" Lemma="яшчэ*" Tag="E">
        <Form Tag="" Slouniki="yes">яшчэ*</Form>
    </Paradigm>
</Wordlist>
