<?xml version="1.0" encoding="UTF-8" standalone="yes"?>
<Wordlist>
    <Paradigm pdgId="1104206" Lemma="а" Tag="I">
        <Form Tag="" Slouniki="yes">а</Form>
    </Paradigm>
    <Paradigm pdgId="1104207" Lemma="аб" Tag="I">
        <Form Tag="" Slouniki="yes">аб</Form>
        <Form Tag="" Slouniki="yes">аба</Form>
    </Paradigm>
    <Paradigm pdgId="1104208" Lemma="аба*пал" Tag="I">
        <Form Tag="" Slouniki="yes">аба*пал</Form>
    </Paradigm>
    <Paradigm pdgId="1104210" Lemma="адно*сна" Tag="I">
        <Form Tag="" Slouniki="yes">адно*сна</Form>
    </Paradigm>
    <Paradigm pdgId="1104211" Lemma="адпаве*дна" Tag="I">
        <Form Tag="" Slouniki="yes">адпаве*дна</Form>
    </Paradigm>
    <Paradigm pdgId="1160105" Lemma="акра*й" Tag="I">
        <Form Tag="" Slouniki="yes">акра*й</Form>
    </Paradigm>
    <Paradigm pdgId="1104212" Lemma="акрамя*" Tag="I">
        <Form Tag="" Slouniki="yes">акрамя*</Form>
    </Paradigm>
    <Paradigm pdgId="1104214" Lemma="апрача*" Tag="I">
        <Form Tag="" Slouniki="yes">апрача*</Form>
    </Paradigm>
    <Paradigm pdgId="1104215" Lemma="апро*ч" Tag="I">
        <Form Tag="" Slouniki="yes">апро*ч</Form>
    </Paradigm>
    <Paradigm pdgId="1104216" Lemma="без" Tag="I">
        <Form Tag="" Slouniki="yes">без</Form>
    </Paradigm>
    <Paradigm pdgId="1104217" Lemma="бліз" Tag="I">
        <Form Tag="" Slouniki="yes">бліз</Form>
    </Paradigm>
    <Paradigm pdgId="1104218" Lemma="блі*зка" Tag="I">
        <Form Tag="" Slouniki="yes">блі*зка</Form>
    </Paradigm>
    <Paradigm pdgId="1138991" Lemma="ва" Tag="I">
        <Form Tag="" Slouniki="yes">ва</Form>
    </Paradigm>
    <Paradigm pdgId="1104219" Lemma="вако*л" Tag="I">
        <Form Tag="" Slouniki="yes">вако*л</Form>
    </Paradigm>
    <Paradigm pdgId="1104220" Lemma="во*ддаль" Tag="I">
        <Form Tag="" Slouniki="yes">во*ддаль</Form>
    </Paradigm>
    <Paradigm pdgId="1138992" Lemma="во*кал" Tag="I">
        <Form Tag="" Slouniki="yes">во*кал</Form>
    </Paradigm>
    <Paradigm pdgId="1104222" Lemma="вышэ*й" Tag="I">
        <Form Tag="" Slouniki="yes">вышэ*й</Form>
    </Paradigm>
    <Paradigm pdgId="1104224" Lemma="да" Tag="I">
        <Form Tag="" Slouniki="yes">да</Form>
    </Paradigm>
    <Paradigm pdgId="1104226" Lemma="дзе*ля" Tag="I">
        <Form Tag="" Slouniki="yes">дзе*ля</Form>
    </Paradigm>
    <Paradigm pdgId="1104229" Lemma="з" Tag="I">
        <Form Tag="" Slouniki="yes">з</Form>
        <Form Tag="" Slouniki="yes">са</Form>
    </Paradigm>
    <Paradigm pdgId="1104242" Lemma="за" Tag="I">
        <Form Tag="" Slouniki="yes">за</Form>
    </Paradigm>
    <Paradigm pdgId="1104244" Lemma="заме*ст" Tag="I">
        <Form Tag="" Slouniki="yes">заме*ст</Form>
    </Paradigm>
    <Paradigm pdgId="1160072" Lemma="замі*ж" Tag="I">
        <Form Tag="" Slouniki="yes">замі*ж</Form>
    </Paradigm>
    <Paradigm pdgId="1104245" Lemma="збо*ку" Tag="I">
        <Form Tag="" Slouniki="yes">збо*ку</Form>
    </Paradigm>
    <Paradigm pdgId="1198103" Lemma="зверх" Tag="I">
        <Form Tag="" Slouniki="yes">зверх</Form>
    </Paradigm>
    <Paradigm pdgId="1104246" Lemma="зве*рху" Tag="I">
        <Form Tag="" Slouniki="yes">зве*рху</Form>
    </Paradigm>
    <Paradigm pdgId="1104247" Lemma="звыш" Tag="I">
        <Form Tag="" Slouniki="yes">звыш</Form>
    </Paradigm>
    <Paradigm pdgId="1104248" Lemma="зго*дна" Tag="I">
        <Form Tag="" Slouniki="yes">зго*дна</Form>
    </Paradigm>
    <Paradigm pdgId="1104237" Lemma="з-за" Tag="I">
        <Form Tag="" Slouniki="yes">з-за</Form>
    </Paradigm>
    <Paradigm pdgId="1104249" Lemma="зза*ду" Tag="I">
        <Form Tag="" Slouniki="yes">зза*ду</Form>
    </Paradigm>
    <Paradigm pdgId="1104250" Lemma="зле*ва" Tag="I">
        <Form Tag="" Slouniki="yes">зле*ва</Form>
    </Paradigm>
    <Paradigm pdgId="1104238" Lemma="з-над" Tag="I">
        <Form Tag="" Slouniki="yes">з-над</Form>
    </Paradigm>
    <Paradigm pdgId="1160075" Lemma="зні*зу" Tag="I">
        <Form Tag="" Slouniki="yes">зні*зу</Form>
    </Paradigm>
    <Paradigm pdgId="1104241" Lemma="з-пад" Tag="I">
        <Form Tag="" Slouniki="yes">з-пад</Form>
        <Form Tag="" Slouniki="yes">з-па*да</Form>
    </Paradigm>
    <Paradigm pdgId="1104240" Lemma="з-па*-над" Tag="I">
        <Form Tag="" Slouniki="yes">з-па*-над</Form>
    </Paradigm>
    <Paradigm pdgId="1104251" Lemma="к" Tag="I">
        <Form Tag="" Slouniki="yes">к</Form>
        <Form Tag="" Slouniki="yes">ка</Form>
    </Paradigm>
    <Paradigm pdgId="1104252" Lemma="каля*" Tag="I">
        <Form Tag="" Slouniki="yes">каля*</Form>
        <Form Tag="" Slouniki="yes">ля</Form>
    </Paradigm>
    <Paradigm pdgId="1159975" Lemma="край" Tag="I">
        <Form Tag="" Slouniki="yes">край</Form>
    </Paradigm>
    <Paradigm pdgId="1160066" Lemma="круг" Tag="I">
        <Form Tag="" Slouniki="yes">круг</Form>
    </Paradigm>
    <Paradigm pdgId="1159996" Lemma="круго*м" Tag="I">
        <Form Tag="" Slouniki="yes">круго*м</Form>
    </Paradigm>
    <Paradigm pdgId="1104254" Lemma="кшта*лтам" Tag="I">
        <Form Tag="" Slouniki="yes">кшта*лтам</Form>
    </Paradigm>
    <Paradigm pdgId="1138994" Lemma="ля" Tag="I">
        <Form Tag="" Slouniki="yes">ля</Form>
    </Paradigm>
    <Paradigm pdgId="1104255" Lemma="між" Tag="I">
        <Form Tag="" Slouniki="yes">між</Form>
    </Paradigm>
    <Paradigm pdgId="1104256" Lemma="мі*ма" Tag="I">
        <Form Tag="" Slouniki="yes">мі*ма</Form>
    </Paradigm>
    <Paradigm pdgId="1104257" Lemma="на" Tag="I">
        <Form Tag="" Slouniki="yes">на</Form>
    </Paradigm>
    <Paradigm pdgId="1104263" Lemma="нааба*пал" Tag="I">
        <Form Tag="" Slouniki="yes">нааба*пал</Form>
    </Paradigm>
    <Paradigm pdgId="1138995" Lemma="навако*л" Tag="I">
        <Form Tag="" Slouniki="yes">навако*л</Form>
    </Paradigm>
    <Paradigm pdgId="1198104" Lemma="навако*ла" Tag="I">
        <Form Tag="" Slouniki="yes">навако*ла</Form>
    </Paradigm>
    <Paradigm pdgId="1104264" Lemma="наве*рсе" Tag="I">
        <Form Tag="" Slouniki="yes">наве*рсе</Form>
    </Paradigm>
    <Paradigm pdgId="1104265" Lemma="наве*рх" Tag="I">
        <Form Tag="" Slouniki="yes">наве*рх</Form>
    </Paradigm>
    <Paradigm pdgId="1159978" Lemma="наво*ддалек" Tag="I">
        <Form Tag="" Slouniki="yes">наво*ддалек</Form>
    </Paradigm>
    <Paradigm pdgId="1159917" Lemma="наво*дшыбе" Tag="I">
        <Form Tag="" Slouniki="yes">наво*дшыбе</Form>
    </Paradigm>
    <Paradigm pdgId="1104267" Lemma="наво*кал" Tag="I">
        <Form Tag="" Slouniki="yes">наво*кал</Form>
    </Paradigm>
    <Paradigm pdgId="1104268" Lemma="над" Tag="I">
        <Form Tag="" Slouniki="yes">над</Form>
        <Form Tag="" Slouniki="yes">нада</Form>
    </Paradigm>
    <Paradigm pdgId="1159974" Lemma="наза*д" Tag="I">
        <Form Tag="" Slouniki="yes">наза*д</Form>
    </Paradigm>
    <Paradigm pdgId="1160003" Lemma="назло*" Tag="I">
        <Form Tag="" Slouniki="yes">назло*</Form>
    </Paradigm>
    <Paradigm pdgId="1104269" Lemma="нако*нт" Tag="I">
        <Form Tag="" Slouniki="yes">нако*нт</Form>
    </Paradigm>
    <Paradigm pdgId="1104270" Lemma="накшта*лт" Tag="I">
        <Form Tag="" Slouniki="yes">накшта*лт</Form>
    </Paradigm>
    <Paradigm pdgId="1160130" Lemma="напака*з" Tag="I">
        <Form Tag="" Slouniki="yes">напака*з</Form>
    </Paradigm>
    <Paradigm pdgId="1160036" Lemma="напача*тку" Tag="I">
        <Form Tag="" Slouniki="yes">напача*тку</Form>
    </Paradigm>
    <Paradigm pdgId="1104271" Lemma="напе*рад" Tag="I">
        <Form Tag="" Slouniki="yes">напе*рад</Form>
    </Paradigm>
    <Paradigm pdgId="1104272" Lemma="напе*радзе" Tag="I">
        <Form Tag="" Slouniki="yes">напе*радзе</Form>
    </Paradigm>
    <Paradigm pdgId="1159894" Lemma="наперако*р" Tag="I">
        <Form Tag="" Slouniki="yes">наперако*р</Form>
    </Paradigm>
    <Paradigm pdgId="1160118" Lemma="наперарэ*з" Tag="I">
        <Form Tag="" Slouniki="yes">наперарэ*з</Form>
    </Paradigm>
    <Paradigm pdgId="1159956" Lemma="напо*перак" Tag="I">
        <Form Tag="" Slouniki="yes">напо*перак</Form>
    </Paradigm>
    <Paradigm pdgId="1160089" Lemma="напрадве*сні" Tag="I">
        <Form Tag="" Slouniki="yes">напрадве*сні</Form>
    </Paradigm>
    <Paradigm pdgId="1160121" Lemma="напро*ці" Tag="I">
        <Form Tag="" Slouniki="yes">напро*ці</Form>
    </Paradigm>
    <Paradigm pdgId="1138996" Lemma="напярэ*дадні" Tag="I">
        <Form Tag="" Slouniki="yes">напярэ*дадні</Form>
    </Paradigm>
    <Paradigm pdgId="1138997" Lemma="напярэ*ймы" Tag="I">
        <Form Tag="" Slouniki="yes">напярэ*ймы</Form>
    </Paradigm>
    <Paradigm pdgId="1160031" Lemma="напярэ*сцігі" Tag="I">
        <Form Tag="" Slouniki="yes">напярэ*сцігі</Form>
    </Paradigm>
    <Paradigm pdgId="1159984" Lemma="настрэ*чу" Tag="I">
        <Form Tag="" Slouniki="yes">настрэ*чу</Form>
    </Paradigm>
    <Paradigm pdgId="1146178" Lemma="насу*перак" Tag="I">
        <Form Tag="" Slouniki="yes">насу*перак</Form>
    </Paradigm>
    <Paradigm pdgId="1160032" Lemma="насупо*р" Tag="I">
        <Form Tag="" Slouniki="yes">насупо*р</Form>
    </Paradigm>
    <Paradigm pdgId="1104273" Lemma="насу*праць" Tag="I">
        <Form Tag="" Slouniki="yes">насу*праць</Form>
    </Paradigm>
    <Paradigm pdgId="1104274" Lemma="насу*страч" Tag="I">
        <Form Tag="" Slouniki="yes">насу*страч</Form>
    </Paradigm>
    <Paradigm pdgId="1139000" Lemma="наўзбо*ч" Tag="I">
        <Form Tag="" Slouniki="yes">наўзбо*ч</Form>
    </Paradigm>
    <Paradigm pdgId="1139001" Lemma="наўздаго*н" Tag="I">
        <Form Tag="" Slouniki="yes">наўздаго*н</Form>
    </Paradigm>
    <Paradigm pdgId="1160117" Lemma="наўздаго*нкі" Tag="I">
        <Form Tag="" Slouniki="yes">наўздаго*нкі</Form>
    </Paradigm>
    <Paradigm pdgId="1139002" Lemma="наўздзі*ў" Tag="I">
        <Form Tag="" Slouniki="yes">наўздзі*ў</Form>
    </Paradigm>
    <Paradigm pdgId="1139003" Lemma="наўко*л" Tag="I">
        <Form Tag="" Slouniki="yes">наўко*л</Form>
    </Paradigm>
    <Paradigm pdgId="1139005" Lemma="наўко*с" Tag="I">
        <Form Tag="" Slouniki="yes">наўко*с</Form>
    </Paradigm>
    <Paradigm pdgId="1159980" Lemma="наўкру*г" Tag="I">
        <Form Tag="" Slouniki="yes">наўкру*г</Form>
    </Paradigm>
    <Paradigm pdgId="1139006" Lemma="наўскася*к" Tag="I">
        <Form Tag="" Slouniki="yes">наўскася*к</Form>
    </Paradigm>
    <Paradigm pdgId="1139007" Lemma="наўско*с" Tag="I">
        <Form Tag="" Slouniki="yes">наўско*с</Form>
    </Paradigm>
    <Paradigm pdgId="1139008" Lemma="наўсця*ж" Tag="I">
        <Form Tag="" Slouniki="yes">наўсця*ж</Form>
    </Paradigm>
    <Paradigm pdgId="1159973" Lemma="неадпаве*дна" Tag="I">
        <Form Tag="" Slouniki="yes">неадпаве*дна</Form>
    </Paradigm>
    <Paradigm pdgId="1159964" Lemma="недалё*ка" Tag="I">
        <Form Tag="" Slouniki="yes">недалё*ка</Form>
    </Paradigm>
    <Paradigm pdgId="1159961" Lemma="недалё*ка ад" Tag="I">
        <Form Tag="" Slouniki="yes">недалё*ка ад</Form>
    </Paradigm>
    <Paradigm pdgId="1139009" Lemma="непадалё*к" Tag="I">
        <Form Tag="" Slouniki="yes">непадалё*к</Form>
    </Paradigm>
    <Paradigm pdgId="1160007" Lemma="непадалё*к ад" Tag="I">
        <Form Tag="" Slouniki="yes">непадалё*к ад</Form>
    </Paradigm>
    <Paradigm pdgId="1104275" Lemma="непадалё*ку" Tag="I">
        <Form Tag="" Slouniki="yes">непадалё*ку</Form>
    </Paradigm>
    <Paradigm pdgId="1160110" Lemma="непадалё*ку ад" Tag="I">
        <Form Tag="" Slouniki="yes">непадалё*ку ад</Form>
    </Paradigm>
    <Paradigm pdgId="1139010" Lemma="ніжэ*й" Tag="I">
        <Form Tag="" Slouniki="yes">ніжэ*й</Form>
    </Paradigm>
    <Paradigm pdgId="1104277" Lemma="па" Tag="I">
        <Form Tag="" Slouniki="yes">па</Form>
    </Paradigm>
    <Paradigm pdgId="1104284" Lemma="пааба*пал" Tag="I">
        <Form Tag="" Slouniki="yes">пааба*пал</Form>
    </Paradigm>
    <Paradigm pdgId="1139011" Lemma="паблі*зу" Tag="I">
        <Form Tag="" Slouniki="yes">паблі*зу</Form>
    </Paradigm>
    <Paradigm pdgId="1139012" Lemma="паве*рх" Tag="I">
        <Form Tag="" Slouniki="yes">паве*рх</Form>
    </Paradigm>
    <Paradigm pdgId="1139013" Lemma="паво*ддаль" Tag="I">
        <Form Tag="" Slouniki="yes">паво*ддаль</Form>
    </Paradigm>
    <Paradigm pdgId="1104285" Lemma="паво*дле" Tag="I">
        <Form Tag="" Slouniki="yes">паво*дле</Form>
    </Paradigm>
    <Paradigm pdgId="1104286" Lemma="пад" Tag="I">
        <Form Tag="" Slouniki="yes">пад</Form>
        <Form Tag="" Slouniki="yes">пада</Form>
    </Paradigm>
    <Paradigm pdgId="1160023" Lemma="падча*с" Tag="I">
        <Form Tag="" Slouniki="yes">падча*с</Form>
    </Paradigm>
    <Paradigm pdgId="1104280" Lemma="па-за" Tag="I">
        <Form Tag="" Slouniki="yes">па-за</Form>
    </Paradigm>
    <Paradigm pdgId="1104287" Lemma="памі*ж" Tag="I">
        <Form Tag="" Slouniki="yes">памі*ж</Form>
    </Paradigm>
    <Paradigm pdgId="1104288" Lemma="памі*ма" Tag="I">
        <Form Tag="" Slouniki="yes">памі*ма</Form>
    </Paradigm>
    <Paradigm pdgId="1104281" Lemma="па-над" Tag="I">
        <Form Tag="" Slouniki="yes">па-над</Form>
    </Paradigm>
    <Paradigm pdgId="1104289" Lemma="папе*рад" Tag="I">
        <Form Tag="" Slouniki="yes">папе*рад</Form>
    </Paradigm>
    <Paradigm pdgId="1104290" Lemma="папе*радзе" Tag="I">
        <Form Tag="" Slouniki="yes">папе*радзе</Form>
    </Paradigm>
    <Paradigm pdgId="1139014" Lemma="папяро*к" Tag="I">
        <Form Tag="" Slouniki="yes">папяро*к</Form>
    </Paradigm>
    <Paradigm pdgId="1104291" Lemma="парале*льна" Tag="I">
        <Form Tag="" Slouniki="yes">парале*льна</Form>
    </Paradigm>
    <Paradigm pdgId="1104292" Lemma="пасля*" Tag="I">
        <Form Tag="" Slouniki="yes">пасля*</Form>
    </Paradigm>
    <Paradigm pdgId="1104293" Lemma="пасяро*д" Tag="I">
        <Form Tag="" Slouniki="yes">пасяро*д</Form>
    </Paradigm>
    <Paradigm pdgId="1104294" Lemma="пасярэ*дзіне" Tag="I">
        <Form Tag="" Slouniki="yes">пасярэ*дзіне</Form>
    </Paradigm>
    <Paradigm pdgId="1104282" Lemma="паўз" Tag="I">
        <Form Tag="" Slouniki="yes">паўз</Form>
    </Paradigm>
    <Paradigm pdgId="1104283" Lemma="паўзве*рх" Tag="I">
        <Form Tag="" Slouniki="yes">паўзве*рх</Form>
    </Paradigm>
    <Paradigm pdgId="1104297" Lemma="пе*рад" Tag="I">
        <Form Tag="" Slouniki="yes">пе*рад</Form>
        <Form Tag="" Slouniki="yes">пе*рада</Form>
        <Form Tag="" Slouniki="yes">перада</Form>
        <Form Tag="" Slouniki="yes">прад</Form>
        <Form Tag="" Slouniki="yes">прада</Form>
    </Paradigm>
    <Paradigm pdgId="1104298" Lemma="по*бач" Tag="I">
        <Form Tag="" Slouniki="yes">по*бач</Form>
    </Paradigm>
    <Paradigm pdgId="1160033" Lemma="по*блізу" Tag="I">
        <Form Tag="" Slouniki="yes">по*блізу</Form>
    </Paradigm>
    <Paradigm pdgId="1160095" Lemma="по*перак" Tag="I">
        <Form Tag="" Slouniki="yes">по*перак</Form>
    </Paradigm>
    <Paradigm pdgId="1104300" Lemma="по*плеч" Tag="I">
        <Form Tag="" Slouniki="yes">по*плеч</Form>
    </Paradigm>
    <Paradigm pdgId="1104301" Lemma="по*руч" Tag="I">
        <Form Tag="" Slouniki="yes">по*руч</Form>
    </Paradigm>
    <Paradigm pdgId="1104302" Lemma="пра" Tag="I">
        <Form Tag="" Slouniki="yes">пра</Form>
    </Paradigm>
    <Paradigm pdgId="1198108" Lemma="прад" Tag="I">
        <Form Tag="" Slouniki="yes">прад</Form>
    </Paradigm>
    <Paradigm pdgId="1104303" Lemma="праз" Tag="I">
        <Form Tag="" Slouniki="yes">праз</Form>
    </Paradigm>
    <Paradigm pdgId="1160045" Lemma="прамі*ж" Tag="I">
        <Form Tag="" Slouniki="yes">прамі*ж</Form>
    </Paradigm>
    <Paradigm pdgId="1104304" Lemma="прапарцыяна*льна" Tag="I">
        <Form Tag="" Slouniki="yes">прапарцыяна*льна</Form>
    </Paradigm>
    <Paradigm pdgId="1160101" Lemma="про*ці" Tag="I">
        <Form Tag="" Slouniki="yes">про*ці</Form>
    </Paradigm>
    <Paradigm pdgId="1159985" Lemma="про*ціў" Tag="I">
        <Form Tag="" Slouniki="yes">про*ціў</Form>
    </Paradigm>
    <Paradigm pdgId="1104305" Lemma="пры" Tag="I">
        <Form Tag="" Slouniki="yes">пры</Form>
    </Paradigm>
    <Paradigm pdgId="1104307" Lemma="раўнале*жна" Tag="I">
        <Form Tag="" Slouniki="yes">раўнале*жна</Form>
    </Paradigm>
    <Paradigm pdgId="1159987" Lemma="ро*ўна" Tag="I">
        <Form Tag="" Slouniki="yes">ро*ўна</Form>
    </Paradigm>
    <Paradigm pdgId="1104309" Lemma="скрозь" Tag="I">
        <Form Tag="" Slouniki="yes">скрозь</Form>
    </Paradigm>
    <Paradigm pdgId="1104310" Lemma="спады*спаду" Tag="I">
        <Form Tag="" Slouniki="yes">спады*спаду</Form>
    </Paradigm>
    <Paradigm pdgId="1104311" Lemma="спе*раду" Tag="I">
        <Form Tag="" Slouniki="yes">спе*раду</Form>
    </Paradigm>
    <Paradigm pdgId="1104312" Lemma="су*праць" Tag="I">
        <Form Tag="" Slouniki="yes">су*праць</Form>
    </Paradigm>
    <Paradigm pdgId="1104313" Lemma="сяро*д" Tag="I">
        <Form Tag="" Slouniki="yes">сяро*д</Form>
    </Paradigm>
    <Paradigm pdgId="1160005" Lemma="таму*" Tag="I">
        <Form Tag="" Slouniki="yes">таму*</Form>
    </Paradigm>
    <Paradigm pdgId="1198109" Lemma="то*-бок" Tag="I">
        <Form Tag="" Slouniki="yes">то*-бок</Form>
    </Paradigm>
    <Paradigm pdgId="1104314" Lemma="у" Tag="I">
        <Form Tag="" Slouniki="yes">у</Form>
        <Form Tag="" Slouniki="yes">ва</Form>
        <Form Tag="" Slouniki="yes">ува</Form>
    </Paradigm>
    <Paradigm pdgId="1139017" Lemma="уво*ддалі" Tag="I">
        <Form Tag="" Slouniki="yes">уво*ддалі</Form>
    </Paradigm>
    <Paradigm pdgId="1160041" Lemma="углы*б" Tag="I">
        <Form Tag="" Slouniki="yes">углы*б</Form>
    </Paradigm>
    <Paradigm pdgId="1139018" Lemma="удо*ўж" Tag="I">
        <Form Tag="" Slouniki="yes">удо*ўж</Form>
    </Paradigm>
    <Paradigm pdgId="1104337" Lemma="узаме*н" Tag="I">
        <Form Tag="" Slouniki="yes">узаме*н</Form>
    </Paradigm>
    <Paradigm pdgId="1139019" Lemma="узбо*ч" Tag="I">
        <Form Tag="" Slouniki="yes">узбо*ч</Form>
    </Paradigm>
    <Paradigm pdgId="1139020" Lemma="уздаго*н" Tag="I">
        <Form Tag="" Slouniki="yes">уздаго*н</Form>
    </Paradigm>
    <Paradigm pdgId="1104338" Lemma="уздо*ўж" Tag="I">
        <Form Tag="" Slouniki="yes">уздо*ўж</Form>
    </Paradigm>
    <Paradigm pdgId="1104339" Lemma="уключа*ючы" Tag="I">
        <Form Tag="" Slouniki="yes">уключа*ючы</Form>
    </Paradigm>
    <Paradigm pdgId="1160137" Lemma="укру*г" Tag="I">
        <Form Tag="" Slouniki="yes">укру*г</Form>
    </Paradigm>
    <Paradigm pdgId="1139021" Lemma="уну*тр" Tag="I">
        <Form Tag="" Slouniki="yes">уну*тр</Form>
    </Paradigm>
    <Paradigm pdgId="1160021" Lemma="унутры*" Tag="I">
        <Form Tag="" Slouniki="yes">унутры*</Form>
    </Paradigm>
    <Paradigm pdgId="1160001" Lemma="упапяро*к" Tag="I">
        <Form Tag="" Slouniki="yes">упапяро*к</Form>
    </Paradigm>
    <Paradigm pdgId="1104340" Lemma="упе*рад" Tag="I">
        <Form Tag="" Slouniki="yes">упе*рад</Form>
    </Paradigm>
    <Paradigm pdgId="1104341" Lemma="упе*радзе" Tag="I">
        <Form Tag="" Slouniki="yes">упе*радзе</Form>
    </Paradigm>
    <Paradigm pdgId="1104342" Lemma="упо*перак" Tag="I">
        <Form Tag="" Slouniki="yes">упо*перак</Form>
    </Paradigm>
    <Paradigm pdgId="1160059" Lemma="ускра*й" Tag="I">
        <Form Tag="" Slouniki="yes">ускра*й</Form>
    </Paradigm>
    <Paradigm pdgId="1104343" Lemma="усле*д" Tag="I">
        <Form Tag="" Slouniki="yes">усле*д</Form>
    </Paradigm>
    <Paradigm pdgId="1104344" Lemma="усця*ж" Tag="I">
        <Form Tag="" Slouniki="yes">усця*ж</Form>
    </Paradigm>
    <Paradigm pdgId="1159929" Lemma="усярэ*дзіне" Tag="I">
        <Form Tag="" Slouniki="yes">усярэ*дзіне</Form>
    </Paradigm>
    <Paradigm pdgId="1104345" Lemma="це*раз" Tag="I">
        <Form Tag="" Slouniki="yes">це*раз</Form>
    </Paradigm>
    <Paradigm pdgId="1104346" Lemma="шля*хам" Tag="I">
        <Form Tag="" Slouniki="yes">шля*хам</Form>
    </Paradigm>
</Wordlist>
