<?xml version="1.0" encoding="UTF-8" standalone="yes"?>
<Wordlist>
    <Paradigm pdgId="1138966" Lemma="aніхто*" Tag="S">
        <Form Tag="MNS" Slouniki="yes">aніхто*</Form>
        <Form Tag="MGS" Slouniki="yes">aніко*га</Form>
        <Form Tag="MDS" Slouniki="yes">aніко*му</Form>
        <Form Tag="MAS" Slouniki="yes">аніко*га</Form>
        <Form Tag="MIS" Slouniki="yes">анікі*м</Form>
        <Form Tag="MLS" Slouniki="yes">анікі*м</Form>
        <Form Tag="MLS" Slouniki="yes">ані аб кім</Form>
    </Paradigm>
    <Paradigm pdgId="1127824" Lemma="абы-хто*" Tag="S">
        <Form Tag="MNS" Slouniki="yes">абы-хто*</Form>
        <Form Tag="MGS" Slouniki="yes">абы-каго*</Form>
        <Form Tag="MDS" Slouniki="yes">абы-каму*</Form>
        <Form Tag="MAS" Slouniki="yes">абы-каго*</Form>
        <Form Tag="MIS" Slouniki="yes">абы-кі*м</Form>
        <Form Tag="MLS" Slouniki="yes">абы-кі*м</Form>
    </Paradigm>
    <Paradigm pdgId="1127854" Lemma="абы-чы*й" Tag="S">
        <Form Tag="MNS" Slouniki="yes">абы-чы*й</Form>
        <Form Tag="MGS" Slouniki="yes">абы-чыйго*</Form>
        <Form Tag="MDS" Slouniki="yes">абы-чыйму*</Form>
        <Form Tag="MAS" Slouniki="yes">абы-чыйго*</Form>
        <Form Tag="MAS" Slouniki="yes">абы-чы*й</Form>
        <Form Tag="MIS" Slouniki="yes">абы-чыі*м</Form>
        <Form Tag="MLS" Slouniki="yes">абы-чыі*м</Form>
        <Form Tag="FNS" Slouniki="yes">абы-чыя*</Form>
        <Form Tag="FGS" Slouniki="yes">абы-чыёй</Form>
        <Form Tag="FDS" Slouniki="yes">абы-чыёй</Form>
        <Form Tag="FAS" Slouniki="yes">абы-чыю*</Form>
        <Form Tag="FIS" Slouniki="yes">абы-чыёй</Form>
        <Form Tag="FIS" Slouniki="yes">абы-чыёю</Form>
        <Form Tag="FLS" Slouniki="yes">абы-чыёй</Form>
        <Form Tag="NNS" Slouniki="yes">абы-чыё</Form>
        <Form Tag="NGS" Slouniki="yes">абы-чыйго*</Form>
        <Form Tag="NDS" Slouniki="yes">абы-чыйму*</Form>
        <Form Tag="NAS" Slouniki="yes">абы-чыё</Form>
        <Form Tag="NIS" Slouniki="yes">абы-чыі*м</Form>
        <Form Tag="NLS" Slouniki="yes">абы-чыі*м</Form>
        <Form Tag="0NP" Slouniki="yes">абы-чые*</Form>
        <Form Tag="0GP" Slouniki="yes">абы-чыі*х</Form>
        <Form Tag="0DP" Slouniki="yes">абы-чыі*м</Form>
        <Form Tag="0AP" Slouniki="yes">абы-чыі*х</Form>
        <Form Tag="0AP" Slouniki="yes">абы-чые*</Form>
        <Form Tag="0IP" Slouniki="yes">абы-чыі*мі</Form>
        <Form Tag="0LP" Slouniki="yes">абы-чыі*х</Form>
    </Paradigm>
    <Paradigm pdgId="1127825" Lemma="абы-што*" Tag="S">
        <Form Tag="MNS" Slouniki="yes">абы-што*</Form>
        <Form Tag="MGS" Slouniki="yes">абы-чаго*</Form>
        <Form Tag="MDS" Slouniki="yes">абы-чаму*</Form>
        <Form Tag="MAS" Slouniki="yes">абы-што*</Form>
        <Form Tag="MIS" Slouniki="yes">абы-чы*м</Form>
        <Form Tag="MLS" Slouniki="yes">абы-чы*м</Form>
    </Paradigm>
    <Paradigm pdgId="1127861" Lemma="абы-які*" Tag="S">
        <Form Tag="MNS" Slouniki="yes">абы-які*</Form>
        <Form Tag="MGS" Slouniki="yes">абы-яко*га</Form>
        <Form Tag="MDS" Slouniki="yes">абы-яко*му</Form>
        <Form Tag="MAS" Slouniki="yes">абы-яко*га</Form>
        <Form Tag="MAS" Slouniki="yes">абы-які*</Form>
        <Form Tag="MIS" Slouniki="yes">абы-які*м</Form>
        <Form Tag="MLS" Slouniki="yes">абы-які*м</Form>
        <Form Tag="FNS" Slouniki="yes">абы-яка*я</Form>
        <Form Tag="FGS" Slouniki="yes">абы-яко*й</Form>
        <Form Tag="FGS" Slouniki="yes">абы-яко*е</Form>
        <Form Tag="FDS" Slouniki="yes">абы-яко*й</Form>
        <Form Tag="FAS" Slouniki="yes">абы-яку*ю</Form>
        <Form Tag="FIS" Slouniki="yes">абы-яко*й</Form>
        <Form Tag="FIS" Slouniki="yes">абы-яко*ю</Form>
        <Form Tag="FLS" Slouniki="yes">абы-яко*й</Form>
        <Form Tag="NNS" Slouniki="yes">абы-яко*е</Form>
        <Form Tag="NGS" Slouniki="yes">абы-яко*га</Form>
        <Form Tag="NDS" Slouniki="yes">абы-яко*му</Form>
        <Form Tag="NAS" Slouniki="yes">абы-яко*е</Form>
        <Form Tag="NIS" Slouniki="yes">абы-які*м</Form>
        <Form Tag="NLS" Slouniki="yes">абы-які*м</Form>
        <Form Tag="0NP" Slouniki="yes">абы-які*я</Form>
        <Form Tag="0GP" Slouniki="yes">абы-які*х</Form>
        <Form Tag="0DP" Slouniki="yes">абы-які*м</Form>
        <Form Tag="0AP" Slouniki="yes">абы-які*х</Form>
        <Form Tag="0AP" Slouniki="yes">абы-які*я</Form>
        <Form Tag="0IP" Slouniki="yes">абы-які*мі</Form>
        <Form Tag="0LP" Slouniki="yes">абы-які*х</Form>
    </Paradigm>
    <Paradigm pdgId="1127844" Lemma="адзі*н" Tag="S">
        <Form Tag="MNS" Slouniki="yes">адзі*н</Form>
        <Form Tag="MGS">аднаго*</Form>
        <Form Tag="MDS">аднаму*</Form>
        <Form Tag="MAS">аднаго*</Form>
        <Form Tag="MAS">адзі*н</Form>
        <Form Tag="MIS">адны*м</Form>
        <Form Tag="MLS">адны*м</Form>
        <Form Tag="FNS">адна*</Form>
        <Form Tag="FGS">адно*й</Form>
        <Form Tag="FDS">адно*й</Form>
        <Form Tag="FAS">адну*</Form>
        <Form Tag="FIS">адно*й</Form>
        <Form Tag="FLS">адно*й</Form>
        <Form Tag="NNS">адно*</Form>
        <Form Tag="NGS">аднаго*</Form>
        <Form Tag="NDS">аднаму*</Form>
        <Form Tag="NAS">адно*</Form>
        <Form Tag="NIS">адны*м</Form>
        <Form Tag="NLS">адны*м</Form>
        <Form Tag="0NP">адны*</Form>
        <Form Tag="0NP">адны*я</Form>
        <Form Tag="0GP">адны*х</Form>
        <Form Tag="0DP">адны*м</Form>
        <Form Tag="0AP">адны*х</Form>
        <Form Tag="0AP">адны*я</Form>
        <Form Tag="0IP">адны*мі</Form>
        <Form Tag="0LP">адны*х</Form>
    </Paradigm>
    <Paradigm pdgId="1205419" Lemma="аніво*дзін" Tag="S">
        <Form Tag="MNS" Slouniki="yes">аніво*дзін</Form>
        <Form Tag="MGS">аніво*днага</Form>
        <Form Tag="MDS">аніво*днаму</Form>
        <Form Tag="MAS">аніво*дзін</Form>
        <Form Tag="MAS">аніво*днага</Form>
        <Form Tag="MIS">аніво*дным</Form>
        <Form Tag="MLS">аніво*дным</Form>
        <Form Tag="FNS">аніво*дная</Form>
        <Form Tag="FGS">аніво*днай</Form>
        <Form Tag="FGS">аніво*днае</Form>
        <Form Tag="FDS">аніво*днай</Form>
        <Form Tag="FAS">аніво*дную</Form>
        <Form Tag="FIS">аніво*днай</Form>
        <Form Tag="FLS">аніво*днай</Form>
        <Form Tag="NNS">аніво*днае</Form>
        <Form Tag="NGS">аніво*днага</Form>
        <Form Tag="NDS">аніво*днаму</Form>
        <Form Tag="NAS">аніво*днае</Form>
        <Form Tag="NIS">аніво*дным</Form>
        <Form Tag="NLS">аніво*дным</Form>
        <Form Tag="XNP">аніво*дныя</Form>
        <Form Tag="XGP">аніво*дных</Form>
        <Form Tag="XDP">аніво*дным</Form>
        <Form Tag="XAP">аніво*дныя</Form>
        <Form Tag="XAP">аніво*дных</Form>
        <Form Tag="XIP">аніво*днымі</Form>
        <Form Tag="XLP">аніво*дных</Form>
    </Paradigm>
    <Paradigm pdgId="1205420" Lemma="аніхто*" Tag="S">
        <Form Tag="MNS" Slouniki="yes">аніхто*</Form>
        <Form Tag="MGS">аніко*га</Form>
        <Form Tag="MDS">аніко*му</Form>
        <Form Tag="MAS">аніко*га</Form>
        <Form Tag="MIS">анікі*м</Form>
        <Form Tag="MLS">анікі*м</Form>
        <Form Tag="MLS">ані аб кі*м</Form>
    </Paradigm>
    <Paradigm pdgId="1138967" Lemma="анішто*" Tag="S">
        <Form Tag="MNS" Slouniki="yes">анішто*</Form>
        <Form Tag="MGS" Slouniki="yes">анічо*га</Form>
        <Form Tag="MDS" Slouniki="yes">анічо*му</Form>
        <Form Tag="MAS" Slouniki="yes">анішто*</Form>
        <Form Tag="MIS" Slouniki="yes">анічы*м</Form>
        <Form Tag="MLS" Slouniki="yes">анічы*м</Form>
        <Form Tag="MLS" Slouniki="yes">ані аб чым</Form>
    </Paradigm>
    <Paradigm pdgId="1127816" Lemma="анія*кі" Tag="S">
        <Form Tag="MNS" Slouniki="yes">анія*кі</Form>
        <Form Tag="MGS" Slouniki="yes">анія*кага</Form>
        <Form Tag="MDS" Slouniki="yes">анія*каму</Form>
        <Form Tag="MAS" Slouniki="yes">анія*кага</Form>
        <Form Tag="MAS" Slouniki="yes">анія*кі</Form>
        <Form Tag="MIS" Slouniki="yes">анія*кім</Form>
        <Form Tag="MLS" Slouniki="yes">анія*кім</Form>
        <Form Tag="FNS" Slouniki="yes">анія*кая</Form>
        <Form Tag="FGS" Slouniki="yes">анія*кай</Form>
        <Form Tag="FGS" Slouniki="yes">анія*кае</Form>
        <Form Tag="FDS" Slouniki="yes">анія*кай</Form>
        <Form Tag="FAS" Slouniki="yes">анія*кую</Form>
        <Form Tag="FIS" Slouniki="yes">анія*кай</Form>
        <Form Tag="FIS" Slouniki="yes">анія*каю</Form>
        <Form Tag="FLS" Slouniki="yes">анія*кай</Form>
        <Form Tag="NNS" Slouniki="yes">анія*кае</Form>
        <Form Tag="NGS" Slouniki="yes">анія*кага</Form>
        <Form Tag="NDS" Slouniki="yes">анія*каму</Form>
        <Form Tag="NAS" Slouniki="yes">анія*кае</Form>
        <Form Tag="NIS" Slouniki="yes">анія*кім</Form>
        <Form Tag="NLS" Slouniki="yes">анія*кім</Form>
        <Form Tag="0NP" Slouniki="yes">анія*кія</Form>
        <Form Tag="0GP" Slouniki="yes">анія*кіх</Form>
        <Form Tag="0DP" Slouniki="yes">анія*кім</Form>
        <Form Tag="0AP" Slouniki="yes">анія*кіх</Form>
        <Form Tag="0AP" Slouniki="yes">анія*кія</Form>
        <Form Tag="0IP" Slouniki="yes">анія*кімі</Form>
        <Form Tag="0LP" Slouniki="yes">анія*кіх</Form>
    </Paradigm>
    <Paradigm pdgId="1127812" Lemma="ваш" Tag="S">
        <Form Tag="MNS" Slouniki="yes">ваш</Form>
        <Form Tag="MGS" Slouniki="yes">ва*шага</Form>
        <Form Tag="MDS" Slouniki="yes">ва*шаму</Form>
        <Form Tag="MAS" Slouniki="yes">ва*шага</Form>
        <Form Tag="MAS" Slouniki="yes">ваш</Form>
        <Form Tag="MIS" Slouniki="yes">ва*шым</Form>
        <Form Tag="MLS" Slouniki="yes">ва*шым</Form>
        <Form Tag="FNS" Slouniki="yes">ва*ша</Form>
        <Form Tag="FGS" Slouniki="yes">ва*шай</Form>
        <Form Tag="FGS" Slouniki="yes">ва*шае</Form>
        <Form Tag="FDS" Slouniki="yes">ва*шай</Form>
        <Form Tag="FAS" Slouniki="yes">ва*шу</Form>
        <Form Tag="FIS" Slouniki="yes">ва*шай</Form>
        <Form Tag="NNS" Slouniki="yes">ва*ша</Form>
        <Form Tag="NGS" Slouniki="yes">ва*шага</Form>
        <Form Tag="NDS" Slouniki="yes">ва*шаму</Form>
        <Form Tag="NAS" Slouniki="yes">ва*ша</Form>
        <Form Tag="NIS" Slouniki="yes">ва*шым</Form>
        <Form Tag="NLS" Slouniki="yes">ва*шым</Form>
        <Form Tag="0NP" Slouniki="yes">ва*шы</Form>
        <Form Tag="0GP" Slouniki="yes">ва*шых</Form>
        <Form Tag="0DP" Slouniki="yes">ва*шым</Form>
        <Form Tag="0AP" Slouniki="yes">ва*шых</Form>
        <Form Tag="0AP" Slouniki="yes">ва*шы</Form>
        <Form Tag="0IP" Slouniki="yes">ва*шымі</Form>
        <Form Tag="0LP" Slouniki="yes">ва*шых</Form>
    </Paradigm>
    <Paradigm pdgId="1160154" Lemma="вы" Tag="S">
        <Form Tag="0NP" Slouniki="yes">вы</Form>
        <Form Tag="0GP" Slouniki="yes">вас</Form>
        <Form Tag="0DP" Slouniki="yes">вам</Form>
        <Form Tag="0AP" Slouniki="yes">вас</Form>
        <Form Tag="0IP" Slouniki="yes">ва*мі</Form>
        <Form Tag="0LP" Slouniki="yes">вас</Form>
    </Paradigm>
    <Paradigm pdgId="1127813" Lemma="гэ*ны" Tag="S">
        <Form Tag="MNS" Slouniki="yes">гэ*ны</Form>
        <Form Tag="MGS" Slouniki="yes">гэ*нага</Form>
        <Form Tag="MDS" Slouniki="yes">гэ*наму</Form>
        <Form Tag="MAS" Slouniki="yes">гэ*нага</Form>
        <Form Tag="MAS" Slouniki="yes">гэ*ны</Form>
        <Form Tag="MIS" Slouniki="yes">гэ*ным</Form>
        <Form Tag="MLS" Slouniki="yes">гэ*ным</Form>
        <Form Tag="FNS" Slouniki="yes">гэ*ная</Form>
        <Form Tag="FGS" Slouniki="yes">гэ*най</Form>
        <Form Tag="FGS" Slouniki="yes">гэ*нае</Form>
        <Form Tag="FDS" Slouniki="yes">гэ*най</Form>
        <Form Tag="FAS" Slouniki="yes">гэ*ную</Form>
        <Form Tag="FIS" Slouniki="yes">гэ*най</Form>
        <Form Tag="FIS" Slouniki="yes">гэ*наю</Form>
        <Form Tag="FLS" Slouniki="yes">гэ*най</Form>
        <Form Tag="NNS" Slouniki="yes">гэ*нае</Form>
        <Form Tag="NGS" Slouniki="yes">гэ*нага</Form>
        <Form Tag="NDS" Slouniki="yes">гэ*наму</Form>
        <Form Tag="NAS" Slouniki="yes">гэ*нае</Form>
        <Form Tag="NIS" Slouniki="yes">гэ*ным</Form>
        <Form Tag="NLS" Slouniki="yes">гэ*ным</Form>
    </Paradigm>
    <Paradigm pdgId="1127814" Lemma="гэ*такі" Tag="S">
        <Form Tag="MNS" Slouniki="yes">гэ*такі</Form>
        <Form Tag="MGS" Slouniki="yes">гэ*такага</Form>
        <Form Tag="MDS" Slouniki="yes">гэ*такаму</Form>
        <Form Tag="MAS" Slouniki="yes">гэ*такага</Form>
        <Form Tag="MAS" Slouniki="yes">гэ*такі</Form>
        <Form Tag="MIS" Slouniki="yes">гэ*такім</Form>
        <Form Tag="MLS" Slouniki="yes">гэ*такім</Form>
        <Form Tag="FNS" Slouniki="yes">гэ*такая</Form>
        <Form Tag="FGS" Slouniki="yes">гэ*такай</Form>
        <Form Tag="FGS" Slouniki="yes">гэ*такае</Form>
        <Form Tag="FDS" Slouniki="yes">гэ*такай</Form>
        <Form Tag="FAS" Slouniki="yes">гэ*такую</Form>
        <Form Tag="FIS" Slouniki="yes">гэ*такай</Form>
        <Form Tag="FIS" Slouniki="yes">гэ*такаю</Form>
        <Form Tag="FLS" Slouniki="yes">гэ*такай</Form>
        <Form Tag="NNS" Slouniki="yes">гэ*такае</Form>
        <Form Tag="NGS">гэ*такага</Form>
        <Form Tag="NDS" Slouniki="yes">гэ*такаму</Form>
        <Form Tag="NAS">гэ*такае</Form>
        <Form Tag="NIS" Slouniki="yes">гэ*такім</Form>
        <Form Tag="NLS" Slouniki="yes">гэ*такім</Form>
        <Form Tag="0NP" Slouniki="yes">гэ*такія</Form>
        <Form Tag="0GP" Slouniki="yes">гэ*такіх</Form>
        <Form Tag="0DP" Slouniki="yes">гэ*такім</Form>
        <Form Tag="0AP" Slouniki="yes">гэ*такіх</Form>
        <Form Tag="0AP" Slouniki="yes">гэ*такія</Form>
        <Form Tag="0IP" Slouniki="yes">гэ*такімі</Form>
        <Form Tag="0LP" Slouniki="yes">гэ*такіх</Form>
    </Paradigm>
    <Paradigm pdgId="1127867" Lemma="гэ*тулькі" Tag="S">
        <Form Tag="0NP" Slouniki="yes">гэ*тулькі</Form>
        <Form Tag="0GP" Slouniki="yes">гэ*тулькіх</Form>
        <Form Tag="0DP" Slouniki="yes">гэ*тулькім</Form>
        <Form Tag="0AP" Slouniki="yes">гэ*тулькіх</Form>
        <Form Tag="0AP" Slouniki="yes">гэ*тулькі</Form>
        <Form Tag="0IP" Slouniki="yes">гэ*тулькімі</Form>
        <Form Tag="0LP" Slouniki="yes">гэ*тулькіх</Form>
    </Paradigm>
    <Paradigm pdgId="1127810" Lemma="гэ*ты" Tag="S">
        <Form Tag="MNS" Slouniki="yes">гэ*ты</Form>
        <Form Tag="MGS" Slouniki="yes">гэ*тага</Form>
        <Form Tag="MDS" Slouniki="yes">гэ*таму</Form>
        <Form Tag="MAS" Slouniki="yes">гэ*ты</Form>
        <Form Tag="MAS" Slouniki="yes">гэ*тага</Form>
        <Form Tag="MIS" Slouniki="yes">гэ*тым</Form>
        <Form Tag="MLS" Slouniki="yes">гэ*тым</Form>
        <Form Tag="FNS" Slouniki="yes">гэ*та</Form>
        <Form Tag="FNS" Slouniki="yes">гэ*тая</Form>
        <Form Tag="FGS" Slouniki="yes">гэ*тай</Form>
        <Form Tag="FGS" Slouniki="yes">гэ*тае</Form>
        <Form Tag="FDS" Slouniki="yes">гэ*тай</Form>
        <Form Tag="FAS" Slouniki="yes">гэ*ту</Form>
        <Form Tag="FAS" Slouniki="yes">гэ*тую</Form>
        <Form Tag="FIS" Slouniki="yes">гэ*тай</Form>
        <Form Tag="FIS" Slouniki="yes">гэ*таю</Form>
        <Form Tag="FLS" Slouniki="yes">гэ*тай</Form>
        <Form Tag="NNS" Slouniki="yes">гэ*та</Form>
        <Form Tag="NNS" Slouniki="yes">гэ*тае</Form>
        <Form Tag="NGS" Slouniki="yes">гэ*тага</Form>
        <Form Tag="NDS" Slouniki="yes">гэ*таму</Form>
        <Form Tag="NAS" Slouniki="yes">гэ*та</Form>
        <Form Tag="NAS">гэ*тае</Form>
        <Form Tag="NIS" Slouniki="yes">гэ*тым</Form>
        <Form Tag="NLS" Slouniki="yes">гэ*тым</Form>
        <Form Tag="0NP" Slouniki="yes">гэ*тыя</Form>
        <Form Tag="0GP" Slouniki="yes">гэ*тых</Form>
        <Form Tag="0DP" Slouniki="yes">гэ*тым</Form>
        <Form Tag="0AP" Slouniki="yes">гэ*тыя</Form>
        <Form Tag="0AP" Slouniki="yes">гэ*тых</Form>
        <Form Tag="0IP" Slouniki="yes">гэ*тымі</Form>
        <Form Tag="0LP" Slouniki="yes">гэ*тых</Form>
    </Paradigm>
    <Paradigm pdgId="1160156" Lemma="да*дзены" Tag="S">
        <Form Tag="MNS" Slouniki="yes">да*дзены</Form>
        <Form Tag="MGS">да*дзенага</Form>
        <Form Tag="MDS">да*дзенаму</Form>
        <Form Tag="MAS">да*дзенага</Form>
        <Form Tag="MAS">да*дзены</Form>
        <Form Tag="MIS">да*дзеным</Form>
        <Form Tag="MLS">да*дзеным</Form>
        <Form Tag="FNS">да*дзеная</Form>
        <Form Tag="FGS">да*дзенай</Form>
        <Form Tag="FGS">да*дзенае</Form>
        <Form Tag="FDS">да*дзенай</Form>
        <Form Tag="FAS">да*дзеную</Form>
        <Form Tag="FIS">да*дзенай</Form>
        <Form Tag="FLS">да*дзенай</Form>
        <Form Tag="NNS">да*дзенае</Form>
        <Form Tag="NGS">да*дзенага</Form>
        <Form Tag="NDS">да*дзенаму</Form>
        <Form Tag="NAS">да*дзенае</Form>
        <Form Tag="NIS">да*дзеным</Form>
        <Form Tag="NLS">да*дзеным</Form>
        <Form Tag="0NP">да*дзеныя</Form>
        <Form Tag="0GP">да*дзеных</Form>
        <Form Tag="0DP">да*дзеным</Form>
        <Form Tag="0AP">да*дзеных</Form>
        <Form Tag="0AP">да*дзеныя</Form>
        <Form Tag="0IP">да*дзенымі</Form>
        <Form Tag="0LP">да*дзеных</Form>
    </Paradigm>
    <Paradigm pdgId="1127845" Lemma="другі*" Tag="S">
        <Form Tag="MNS" Slouniki="yes">другі*</Form>
        <Form Tag="MGS">друго*га</Form>
        <Form Tag="MDS">друго*му</Form>
        <Form Tag="MAS">друго*га</Form>
        <Form Tag="MAS">другі*</Form>
        <Form Tag="MIS">другі*м</Form>
        <Form Tag="MLS">другі*м</Form>
        <Form Tag="FNS">друга*я</Form>
        <Form Tag="FGS">друго*й</Form>
        <Form Tag="FDS">друго*й</Form>
        <Form Tag="FAS">другу*ю</Form>
        <Form Tag="FIS">друго*й</Form>
        <Form Tag="FLS">друго*й</Form>
        <Form Tag="NNS">друго*е</Form>
        <Form Tag="NGS">друго*га</Form>
        <Form Tag="NDS">друго*му</Form>
        <Form Tag="NAS">друго*га</Form>
        <Form Tag="NIS">другі*м</Form>
        <Form Tag="NLS">другі*м</Form>
        <Form Tag="0NP">другі*я</Form>
        <Form Tag="0GP">другі*х</Form>
        <Form Tag="0DP">другі*м</Form>
        <Form Tag="0AP">другі*х</Form>
        <Form Tag="0AP">другі*я</Form>
        <Form Tag="0IP">другі*мі</Form>
        <Form Tag="0LP">другі*х</Form>
    </Paradigm>
    <Paradigm pdgId="1127912" Lemma="ён" Tag="S">
        <Form Tag="MNS" Slouniki="yes">ён</Form>
        <Form Tag="MGS" Slouniki="yes">яго*</Form>
        <Form Tag="MDS" Slouniki="yes">яму*</Form>
        <Form Tag="MAS" Slouniki="yes">яго*</Form>
        <Form Tag="MIS" Slouniki="yes">ім</Form>
        <Form Tag="MLS" Slouniki="yes">ім</Form>
        <Form Tag="FNS" Slouniki="yes">яна*</Form>
        <Form Tag="FGS" Slouniki="yes">яе*</Form>
        <Form Tag="FDS" Slouniki="yes">ёй</Form>
        <Form Tag="FAS" Slouniki="yes">яе*</Form>
        <Form Tag="FIS" Slouniki="yes">ёй</Form>
        <Form Tag="FIS" Slouniki="yes">ёю</Form>
        <Form Tag="FLS" Slouniki="yes">ёй</Form>
        <Form Tag="NNS" Slouniki="yes">яно*</Form>
        <Form Tag="NGS" Slouniki="yes">яго*</Form>
        <Form Tag="NDS" Slouniki="yes">яму*</Form>
        <Form Tag="NAS" Slouniki="yes">яго*</Form>
        <Form Tag="NIS" Slouniki="yes">ім</Form>
        <Form Tag="NLS" Slouniki="yes">ім</Form>
        <Form Tag="0NP" Slouniki="yes">яны*</Form>
        <Form Tag="0GP" Slouniki="yes">іх</Form>
        <Form Tag="0DP" Slouniki="yes">ім</Form>
        <Form Tag="0AP" Slouniki="yes">іх</Form>
        <Form Tag="0IP" Slouniki="yes">і*мі</Form>
        <Form Tag="0LP" Slouniki="yes">іх</Form>
    </Paradigm>
    <Paradigm pdgId="1127850" Lemma="іна*кшы" Tag="S">
        <Form Tag="MNS" Slouniki="yes">іна*кшы</Form>
        <Form Tag="MGS" Slouniki="yes">іна*кшага</Form>
        <Form Tag="MDS" Slouniki="yes">іна*кшаму</Form>
        <Form Tag="MAS" Slouniki="yes">іна*кшага</Form>
        <Form Tag="MAS" Slouniki="yes">іна*кшы</Form>
        <Form Tag="MIS" Slouniki="yes">іна*кшым</Form>
        <Form Tag="MLS" Slouniki="yes">іна*кшым</Form>
        <Form Tag="FNS" Slouniki="yes">іна*кшая</Form>
        <Form Tag="FGS" Slouniki="yes">іна*кшай</Form>
        <Form Tag="FGS" Slouniki="yes">іна*кшае</Form>
        <Form Tag="FDS" Slouniki="yes">іна*кшай</Form>
        <Form Tag="FAS" Slouniki="yes">іна*кшую</Form>
        <Form Tag="FIS" Slouniki="yes">іна*кшай</Form>
        <Form Tag="FIS" Slouniki="yes">іна*кшаю</Form>
        <Form Tag="FLS" Slouniki="yes">іна*кшай</Form>
        <Form Tag="NNS" Slouniki="yes">іна*кшае</Form>
        <Form Tag="NGS" Slouniki="yes">іна*кшага</Form>
        <Form Tag="NDS" Slouniki="yes">іна*кшаму</Form>
        <Form Tag="NAS" Slouniki="yes">іна*кшае</Form>
        <Form Tag="NIS" Slouniki="yes">іна*кшым</Form>
        <Form Tag="NLS" Slouniki="yes">іна*кшым</Form>
        <Form Tag="0NP" Slouniki="yes">іна*кшыя</Form>
        <Form Tag="0GP" Slouniki="yes">іна*кшых</Form>
        <Form Tag="0DP" Slouniki="yes">іна*кшым</Form>
        <Form Tag="0AP" Slouniki="yes">іна*кшых</Form>
        <Form Tag="0AP" Slouniki="yes">іна*кшыя</Form>
        <Form Tag="0IP" Slouniki="yes">іна*кшымі</Form>
        <Form Tag="0LP" Slouniki="yes">іна*кшых</Form>
    </Paradigm>
    <Paradigm pdgId="1127623" Lemma="і*ншы" Tag="S">
        <Form Tag="MNS" Slouniki="yes">і*ншы</Form>
        <Form Tag="MGS" Slouniki="yes">і*ншага</Form>
        <Form Tag="MDS" Slouniki="yes">і*ншаму</Form>
        <Form Tag="MAS" Slouniki="yes">і*ншага</Form>
        <Form Tag="MAS" Slouniki="yes">і*ншы</Form>
        <Form Tag="MIS" Slouniki="yes">і*ншым</Form>
        <Form Tag="MLS" Slouniki="yes">і*ншым</Form>
        <Form Tag="FNS" Slouniki="yes">і*ншая</Form>
        <Form Tag="FGS" Slouniki="yes">і*ншай</Form>
        <Form Tag="FGS" Slouniki="yes">і*ншае</Form>
        <Form Tag="FDS" Slouniki="yes">і*ншай</Form>
        <Form Tag="FAS" Slouniki="yes">і*ншую</Form>
        <Form Tag="FIS" Slouniki="yes">і*ншай</Form>
        <Form Tag="FIS" Slouniki="yes">і*ншаю</Form>
        <Form Tag="FLS" Slouniki="yes">і*ншай</Form>
        <Form Tag="NNS" Slouniki="yes">і*ншае</Form>
        <Form Tag="NGS" Slouniki="yes">і*ншага</Form>
        <Form Tag="NDS" Slouniki="yes">і*ншаму</Form>
        <Form Tag="NAS" Slouniki="yes">і*ншае</Form>
        <Form Tag="NIS" Slouniki="yes">і*ншым</Form>
        <Form Tag="NLS" Slouniki="yes">і*ншым</Form>
        <Form Tag="0NP" Slouniki="yes">і*ншыя</Form>
        <Form Tag="0GP" Slouniki="yes">і*ншых</Form>
        <Form Tag="0DP" Slouniki="yes">і*ншым</Form>
        <Form Tag="0AP" Slouniki="yes">і*ншых</Form>
        <Form Tag="0AP" Slouniki="yes">і*ншыя</Form>
        <Form Tag="0IP" Slouniki="yes">і*ншымі</Form>
        <Form Tag="0LP" Slouniki="yes">і*ншых</Form>
    </Paradigm>
    <Paradigm pdgId="1127624" Lemma="і*хні" Tag="S">
        <Form Tag="MNS" Slouniki="yes">і*хні</Form>
        <Form Tag="MGS" Slouniki="yes">і*хняга</Form>
        <Form Tag="MDS" Slouniki="yes">і*хняму</Form>
        <Form Tag="MAS" Slouniki="yes">і*хні</Form>
        <Form Tag="MAS" Slouniki="yes">і*хняга</Form>
        <Form Tag="MIS" Slouniki="yes">і*хнім</Form>
        <Form Tag="MLS" Slouniki="yes">і*хнім</Form>
        <Form Tag="FNS" Slouniki="yes">і*хняя</Form>
        <Form Tag="FGS" Slouniki="yes">і*хняй</Form>
        <Form Tag="FGS" Slouniki="yes">і*хняе</Form>
        <Form Tag="FDS" Slouniki="yes">і*хняй</Form>
        <Form Tag="FAS" Slouniki="yes">і*хнюю</Form>
        <Form Tag="FIS" Slouniki="yes">і*хняй</Form>
        <Form Tag="FIS" Slouniki="yes">і*хняю</Form>
        <Form Tag="FLS" Slouniki="yes">і*хняй</Form>
        <Form Tag="NNS" Slouniki="yes">і*хняе</Form>
        <Form Tag="NGS" Slouniki="yes">і*хняга</Form>
        <Form Tag="NDS" Slouniki="yes">і*хняму</Form>
        <Form Tag="NAS" Slouniki="yes">і*хняе</Form>
        <Form Tag="NIS" Slouniki="yes">і*хнім</Form>
        <Form Tag="NLS" Slouniki="yes">і*хнім</Form>
        <Form Tag="0NP" Slouniki="yes">і*хнія</Form>
        <Form Tag="0GP" Slouniki="yes">і*хніх</Form>
        <Form Tag="0DP" Slouniki="yes">і*хнім</Form>
        <Form Tag="0AP" Slouniki="yes">і*хнія</Form>
        <Form Tag="0IP" Slouniki="yes">і*хнімі</Form>
        <Form Tag="0LP" Slouniki="yes">і*хніх</Form>
    </Paradigm>
    <Paradigm pdgId="1127626" Lemma="като*ры" Tag="S">
        <Form Tag="MNS" Slouniki="yes">като*ры</Form>
        <Form Tag="MGS" Slouniki="yes">като*рага</Form>
        <Form Tag="MDS" Slouniki="yes">като*раму</Form>
        <Form Tag="MAS" Slouniki="yes">като*ры</Form>
        <Form Tag="MAS" Slouniki="yes">като*рага</Form>
        <Form Tag="MIS" Slouniki="yes">като*рым</Form>
        <Form Tag="MLS" Slouniki="yes">като*рым</Form>
        <Form Tag="FNS" Slouniki="yes">като*рая</Form>
        <Form Tag="FGS" Slouniki="yes">като*рай</Form>
        <Form Tag="FGS" Slouniki="yes">като*рае</Form>
        <Form Tag="FDS" Slouniki="yes">като*рай</Form>
        <Form Tag="FAS" Slouniki="yes">като*рую</Form>
        <Form Tag="FIS" Slouniki="yes">като*рай</Form>
        <Form Tag="FIS" Slouniki="yes">като*раю</Form>
        <Form Tag="FLS" Slouniki="yes">като*рай</Form>
        <Form Tag="NNS" Slouniki="yes">като*рае</Form>
        <Form Tag="NGS" Slouniki="yes">като*рага</Form>
        <Form Tag="NDS" Slouniki="yes">като*раму</Form>
        <Form Tag="NAS" Slouniki="yes">като*рае</Form>
        <Form Tag="NIS" Slouniki="yes">като*рым</Form>
        <Form Tag="NLS" Slouniki="yes">като*рым</Form>
        <Form Tag="0NP" Slouniki="yes">като*рыя</Form>
        <Form Tag="0GP" Slouniki="yes">като*рых</Form>
        <Form Tag="0DP" Slouniki="yes">като*рым</Form>
        <Form Tag="0AP" Slouniki="yes">като*рыя</Form>
        <Form Tag="0AP" Slouniki="yes">като*рых</Form>
        <Form Tag="0IP" Slouniki="yes">като*рымі</Form>
        <Form Tag="0LP" Slouniki="yes">като*рых</Form>
    </Paradigm>
    <Paradigm pdgId="1138971" Lemma="като*ры-не*будзь" Tag="S">
        <Form Tag="MNS" Slouniki="yes">като*ры-не*будзь</Form>
        <Form Tag="MGS" Slouniki="yes">като*рага-не*будзь</Form>
        <Form Tag="MDS" Slouniki="yes">като*раму-не*будзь</Form>
        <Form Tag="MAS" Slouniki="yes">като*ры-не*будзь</Form>
        <Form Tag="MAS" Slouniki="yes">като*рага-не*будзь</Form>
        <Form Tag="MIS" Slouniki="yes">като*рым-не*будзь</Form>
        <Form Tag="MLS" Slouniki="yes">като*рым-не*будзь</Form>
    </Paradigm>
    <Paradigm pdgId="1127864" Lemma="ко*жны" Tag="S">
        <Form Tag="MNS" Slouniki="yes">ко*жны</Form>
        <Form Tag="MNS" Slouniki="yes">ко*жын</Form>
        <Form Tag="MGS" Slouniki="yes">ко*жнага</Form>
        <Form Tag="MDS" Slouniki="yes">ко*жнаму</Form>
        <Form Tag="MAS" Slouniki="yes">ко*жнага</Form>
        <Form Tag="MAS" Slouniki="yes">ко*жны</Form>
        <Form Tag="MIS" Slouniki="yes">ко*жным</Form>
        <Form Tag="MLS" Slouniki="yes">ко*жным</Form>
        <Form Tag="FNS" Slouniki="yes">ко*жная</Form>
        <Form Tag="FGS" Slouniki="yes">ко*жнай</Form>
        <Form Tag="FGS" Slouniki="yes">ко*жнае</Form>
        <Form Tag="FDS" Slouniki="yes">ко*жнай</Form>
        <Form Tag="FAS" Slouniki="yes">ко*жную</Form>
        <Form Tag="FIS" Slouniki="yes">ко*жнай</Form>
        <Form Tag="FIS" Slouniki="yes">ко*жнаю</Form>
        <Form Tag="FLS" Slouniki="yes">ко*жнай</Form>
        <Form Tag="NNS" Slouniki="yes">ко*жнае</Form>
        <Form Tag="NGS" Slouniki="yes">ко*жнага</Form>
        <Form Tag="NDS" Slouniki="yes">ко*жнаму</Form>
        <Form Tag="NAS" Slouniki="yes">ко*жнае</Form>
        <Form Tag="NIS" Slouniki="yes">ко*жным</Form>
        <Form Tag="NLS" Slouniki="yes">ко*жным</Form>
        <Form Tag="0NP" Slouniki="yes">ко*жныя</Form>
        <Form Tag="0GP" Slouniki="yes">ко*жных</Form>
        <Form Tag="0DP" Slouniki="yes">ко*жным</Form>
        <Form Tag="0AP" Slouniki="yes">ко*жных</Form>
        <Form Tag="0AP" Slouniki="yes">ко*жныя</Form>
        <Form Tag="0IP" Slouniki="yes">ко*жнымі</Form>
        <Form Tag="0LP" Slouniki="yes">ко*жных</Form>
    </Paradigm>
    <Paradigm pdgId="1127865" Lemma="ко*лькі" Tag="S">
        <Form Tag="0NP" Slouniki="yes">ко*лькі</Form>
        <Form Tag="0GP" Slouniki="yes">ко*лькіх</Form>
        <Form Tag="0DP" Slouniki="yes">ко*лькім</Form>
        <Form Tag="0AP" Slouniki="yes">ко*лькіх</Form>
        <Form Tag="0AP" Slouniki="yes">ко*лькі</Form>
        <Form Tag="0IP" Slouniki="yes">ко*лькімі</Form>
        <Form Tag="0LP" Slouniki="yes">ко*лькіх</Form>
    </Paradigm>
    <Paradigm pdgId="1127866" Lemma="ко*лькі-не*будзь" Tag="S">
        <Form Tag="0NP" Slouniki="yes">ко*лькі-не*будзь</Form>
        <Form Tag="0GP">ко*лькіх-не*будзь</Form>
        <Form Tag="0DP">ко*лькім-не*будзь</Form>
        <Form Tag="0AP">ко*лькіх-не*будзь</Form>
        <Form Tag="0AP">ко*лькі-не*будзь</Form>
        <Form Tag="0IP">ко*лькімі-не*будзь</Form>
        <Form Tag="0LP">ко*лькіх-не*будзь</Form>
    </Paradigm>
    <Paradigm pdgId="1127838" Lemma="любы*" Tag="S">
        <Form Tag="MNS" Slouniki="yes">любы*</Form>
        <Form Tag="MGS">любо*га</Form>
        <Form Tag="MDS">любо*му</Form>
        <Form Tag="MAS">любо*га</Form>
        <Form Tag="MAS">любы*</Form>
        <Form Tag="MIS">любы*м</Form>
        <Form Tag="MLS">любы*м</Form>
        <Form Tag="FNS">люба*я</Form>
        <Form Tag="FGS">любо*й</Form>
        <Form Tag="FDS">любо*й</Form>
        <Form Tag="FAS">любу*ю</Form>
        <Form Tag="FIS">любо*й</Form>
        <Form Tag="FLS">любо*й</Form>
        <Form Tag="NNS">любо*е</Form>
        <Form Tag="NGS">любо*га</Form>
        <Form Tag="NDS">любо*му</Form>
        <Form Tag="NAS">любо*е</Form>
        <Form Tag="NIS">любы*м</Form>
        <Form Tag="NLS">любы*м</Form>
        <Form Tag="0NP">любы*я</Form>
        <Form Tag="0GP">любы*х</Form>
        <Form Tag="0DP">любы*м</Form>
        <Form Tag="0AP">любы*х</Form>
        <Form Tag="0AP">любы*я</Form>
        <Form Tag="0IP">любы*мі</Form>
        <Form Tag="0LP">любы*х</Form>
    </Paradigm>
    <Paradigm pdgId="1127870" Lemma="мой" Tag="S">
        <Form Tag="MNS" Slouniki="yes">мой</Form>
        <Form Tag="MGS" Slouniki="yes">майго*</Form>
        <Form Tag="MDS" Slouniki="yes">майму*</Form>
        <Form Tag="MAS" Slouniki="yes">майго*</Form>
        <Form Tag="MAS" Slouniki="yes">мой</Form>
        <Form Tag="MIS" Slouniki="yes">маі*м</Form>
        <Form Tag="MLS" Slouniki="yes">маі*м</Form>
        <Form Tag="FNS" Slouniki="yes">мая*</Form>
        <Form Tag="FGS" Slouniki="yes">маёй</Form>
        <Form Tag="FDS" Slouniki="yes">маёй</Form>
        <Form Tag="FAS" Slouniki="yes">маю*</Form>
        <Form Tag="FIS" Slouniki="yes">маёй</Form>
        <Form Tag="FIS" Slouniki="yes">маёю</Form>
        <Form Tag="FLS" Slouniki="yes">маёй</Form>
        <Form Tag="NNS" Slouniki="yes">маё</Form>
        <Form Tag="NGS" Slouniki="yes">майго*</Form>
        <Form Tag="NDS" Slouniki="yes">майму*</Form>
        <Form Tag="NAS" Slouniki="yes">маё</Form>
        <Form Tag="NIS" Slouniki="yes">маі*м</Form>
        <Form Tag="NLS" Slouniki="yes">маі*м</Form>
        <Form Tag="0NP" Slouniki="yes">мае*</Form>
        <Form Tag="0GP" Slouniki="yes">маі*х</Form>
        <Form Tag="0DP" Slouniki="yes">маі*м</Form>
        <Form Tag="0AP" Slouniki="yes">маі*х</Form>
        <Form Tag="0IP" Slouniki="yes">маі*мі</Form>
        <Form Tag="0LP" Slouniki="yes">маі*х</Form>
    </Paradigm>
    <Paradigm pdgId="1160153" Lemma="мы" Tag="S">
        <Form Tag="0NP" Slouniki="yes">мы</Form>
        <Form Tag="0GP" Slouniki="yes">нас</Form>
        <Form Tag="0DP" Slouniki="yes">нам</Form>
        <Form Tag="0AP" Slouniki="yes">нас</Form>
        <Form Tag="0IP" Slouniki="yes">на*мі</Form>
        <Form Tag="0LP" Slouniki="yes">нас</Form>
    </Paradigm>
    <Paradigm pdgId="1205421" Lemma="на*скі" Tag="S">
        <Form Tag="MNS" Slouniki="yes">на*скі</Form>
        <Form Tag="MGS">на*скага</Form>
        <Form Tag="MDS">на*скаму</Form>
        <Form Tag="MAS">на*скага</Form>
        <Form Tag="MAS">на*скі</Form>
        <Form Tag="MIS">на*скім</Form>
        <Form Tag="MLS">на*скім</Form>
        <Form Tag="FNS">на*ская</Form>
        <Form Tag="FGS">на*скай</Form>
        <Form Tag="FGS">на*скае</Form>
        <Form Tag="FDS">на*скай</Form>
        <Form Tag="FAS">на*скую</Form>
        <Form Tag="FIS">на*скай</Form>
        <Form Tag="FIS">на*скаю</Form>
        <Form Tag="FLS">на*скай</Form>
        <Form Tag="NNS">на*скае</Form>
        <Form Tag="NGS">на*скага</Form>
        <Form Tag="NDS">на*скаму</Form>
        <Form Tag="NAS">на*скае</Form>
        <Form Tag="NIS">на*скім</Form>
        <Form Tag="NLS">на*скім</Form>
        <Form Tag="0NP">на*скія</Form>
        <Form Tag="0GP">на*скіх</Form>
        <Form Tag="0DP">на*скім</Form>
        <Form Tag="0AP">на*скіх</Form>
        <Form Tag="0AP">на*скія</Form>
        <Form Tag="0IP">на*скімі</Form>
        <Form Tag="0LP">на*скіх</Form>
    </Paradigm>
    <Paradigm pdgId="1127840" Lemma="наш" Tag="S">
        <Form Tag="MNS" Slouniki="yes">наш</Form>
        <Form Tag="MGS" Slouniki="yes">на*шага</Form>
        <Form Tag="MDS" Slouniki="yes">на*шаму</Form>
        <Form Tag="MAS" Slouniki="yes">на*шага</Form>
        <Form Tag="MAS" Slouniki="yes">наш</Form>
        <Form Tag="MIS" Slouniki="yes">на*шым</Form>
        <Form Tag="MLS" Slouniki="yes">на*шым</Form>
        <Form Tag="FNS" Slouniki="yes">на*ша</Form>
        <Form Tag="FGS" Slouniki="yes">на*шай</Form>
        <Form Tag="FGS" Slouniki="yes">на*шае</Form>
        <Form Tag="FDS" Slouniki="yes">на*шай</Form>
        <Form Tag="FAS" Slouniki="yes">на*шу</Form>
        <Form Tag="FIS" Slouniki="yes">на*шай</Form>
        <Form Tag="FIS" Slouniki="yes">на*шаю</Form>
        <Form Tag="FLS" Slouniki="yes">на*шай</Form>
        <Form Tag="NNS" Slouniki="yes">на*ша</Form>
        <Form Tag="NGS" Slouniki="yes">на*шага</Form>
        <Form Tag="NDS" Slouniki="yes">на*шаму</Form>
        <Form Tag="NAS" Slouniki="yes">на*ша</Form>
        <Form Tag="NIS" Slouniki="yes">на*шым</Form>
        <Form Tag="NLS" Slouniki="yes">на*шым</Form>
        <Form Tag="0NP" Slouniki="yes">на*шы</Form>
        <Form Tag="0GP" Slouniki="yes">на*шых</Form>
        <Form Tag="0DP" Slouniki="yes">на*шым</Form>
        <Form Tag="0AP" Slouniki="yes">на*шых</Form>
        <Form Tag="0AP" Slouniki="yes">на*шы</Form>
        <Form Tag="0IP" Slouniki="yes">на*шымі</Form>
        <Form Tag="0LP" Slouniki="yes">на*шых</Form>
    </Paradigm>
    <Paradigm pdgId="1127841" Lemma="не*йкі" Tag="S">
        <Form Tag="MNS" Slouniki="yes">не*йкі</Form>
        <Form Tag="MGS" Slouniki="yes">не*йкага</Form>
        <Form Tag="MDS" Slouniki="yes">не*йкаму</Form>
        <Form Tag="MAS" Slouniki="yes">не*йкага</Form>
        <Form Tag="MAS" Slouniki="yes">не*йкі</Form>
        <Form Tag="MIS" Slouniki="yes">не*йкім</Form>
        <Form Tag="MLS" Slouniki="yes">не*йкім</Form>
        <Form Tag="NDS" Slouniki="yes">не*йкаму</Form>
        <Form Tag="NIS" Slouniki="yes">не*йкім</Form>
        <Form Tag="NLS" Slouniki="yes">не*йкім</Form>
        <Form Tag="0NP" Slouniki="yes">не*йкія</Form>
        <Form Tag="0GP" Slouniki="yes">не*йкіх</Form>
        <Form Tag="0DP" Slouniki="yes">не*йкім</Form>
        <Form Tag="0AP" Slouniki="yes">не*йкіх</Form>
        <Form Tag="0AP" Slouniki="yes">не*йкія</Form>
        <Form Tag="0IP" Slouniki="yes">не*йкімі</Form>
        <Form Tag="0LP" Slouniki="yes">не*йкіх</Form>
    </Paradigm>
    <Paradigm pdgId="1138964" Lemma="не*йчы" Tag="S">
        <Form Tag="MNS" Slouniki="yes">не*йчы</Form>
        <Form Tag="MGS" Slouniki="yes">не*йчага</Form>
        <Form Tag="MDS" Slouniki="yes">не*йчаму</Form>
        <Form Tag="MAS" Slouniki="yes">не*йчага</Form>
        <Form Tag="MAS" Slouniki="yes">не*йчы</Form>
        <Form Tag="MIS" Slouniki="yes">не*йчым</Form>
        <Form Tag="MLS" Slouniki="yes">не*йчым</Form>
        <Form Tag="NGS" Slouniki="yes">не*йчага</Form>
        <Form Tag="NDS" Slouniki="yes">не*йчаму</Form>
        <Form Tag="NIS" Slouniki="yes">не*йчым</Form>
        <Form Tag="NLS" Slouniki="yes">не*йчым</Form>
    </Paradigm>
    <Paradigm pdgId="1127842" Lemma="не*калькі" Tag="S">
        <Form Tag="0NP" Slouniki="yes">не*калькі</Form>
        <Form Tag="0GP" Slouniki="yes">не*калькіх</Form>
        <Form Tag="0DP" Slouniki="yes">не*калькім</Form>
        <Form Tag="0AP" Slouniki="yes">не*калькіх</Form>
        <Form Tag="0AP" Slouniki="yes">не*калькі</Form>
        <Form Tag="0IP" Slouniki="yes">не*калькімі</Form>
        <Form Tag="0LP" Slouniki="yes">не*калькіх</Form>
    </Paradigm>
    <Paradigm pdgId="1127629" Lemma="некато*ры" Tag="S">
        <Form Tag="MNS" Slouniki="yes">некато*ры</Form>
        <Form Tag="MGS" Slouniki="yes">некато*рага</Form>
        <Form Tag="MDS" Slouniki="yes">некато*раму</Form>
        <Form Tag="MAS" Slouniki="yes">некато*ры</Form>
        <Form Tag="MAS" Slouniki="yes">некато*рага</Form>
        <Form Tag="MIS" Slouniki="yes">некато*рым</Form>
        <Form Tag="MLS" Slouniki="yes">некато*рым</Form>
    </Paradigm>
    <Paradigm pdgId="1186565" Lemma="не*кі" Tag="S">
        <Form Tag="MNS" Slouniki="yes">не*кі</Form>
        <Form Tag="MGS" Slouniki="yes">не*кага</Form>
        <Form Tag="MDS" Slouniki="yes">не*каму</Form>
        <Form Tag="MAS" Slouniki="yes">не*кага</Form>
        <Form Tag="MAS" Slouniki="yes">не*кі</Form>
        <Form Tag="MIS" Slouniki="yes">не*кім</Form>
        <Form Tag="MLS" Slouniki="yes">не*кім</Form>
        <Form Tag="NDS" Slouniki="yes">не*каму</Form>
        <Form Tag="NIS" Slouniki="yes">не*кім</Form>
        <Form Tag="NLS" Slouniki="yes">не*кім</Form>
    </Paradigm>
    <Paradigm pdgId="1127832" Lemma="не*хта" Tag="S">
        <Form Tag="0NS" Slouniki="yes">не*хта</Form>
        <Form Tag="0GS" Slouniki="yes">не*кага</Form>
        <Form Tag="0DS" Slouniki="yes">не*каму</Form>
        <Form Tag="0AS" Slouniki="yes">не*кага</Form>
        <Form Tag="0IS" Slouniki="yes">не*кім</Form>
        <Form Tag="0LS" Slouniki="yes">не*кім</Form>
    </Paradigm>
    <Paradigm pdgId="1127871" Lemma="не*чы" Tag="S">
        <Form Tag="MNS" Slouniki="yes">не*чы</Form>
        <Form Tag="MGS" Slouniki="yes">не*чага</Form>
        <Form Tag="MDS" Slouniki="yes">не*чаму</Form>
        <Form Tag="MAS" Slouniki="yes">не*чага</Form>
        <Form Tag="MAS" Slouniki="yes">не*чы</Form>
        <Form Tag="MIS" Slouniki="yes">не*чым</Form>
        <Form Tag="MLS" Slouniki="yes">не*чым</Form>
        <Form Tag="NDS" Slouniki="yes">не*чаму</Form>
        <Form Tag="NIS" Slouniki="yes">не*чым</Form>
        <Form Tag="NLS" Slouniki="yes">не*чым</Form>
    </Paradigm>
    <Paradigm pdgId="1127834" Lemma="не*шта" Tag="S">
        <Form Tag="0NS" Slouniki="yes">не*шта</Form>
        <Form Tag="0GS" Slouniki="yes">не*чага</Form>
        <Form Tag="0DS" Slouniki="yes">не*чаму</Form>
        <Form Tag="0AS" Slouniki="yes">не*шта</Form>
        <Form Tag="0IS" Slouniki="yes">не*чым</Form>
        <Form Tag="0LS" Slouniki="yes">не*чым</Form>
    </Paradigm>
    <Paradigm pdgId="1127811" Lemma="ніво*дзін" Tag="S">
        <Form Tag="MNS" Slouniki="yes">ніво*дзін</Form>
        <Form Tag="MGS" Slouniki="yes">ніво*днага</Form>
        <Form Tag="MDS" Slouniki="yes">ніво*днаму</Form>
        <Form Tag="MIS" Slouniki="yes">ніво*дным</Form>
        <Form Tag="MLS" Slouniki="yes">ніво*дным</Form>
        <Form Tag="NDS" Slouniki="yes">ніво*днаму</Form>
        <Form Tag="NIS" Slouniki="yes">ніво*дным</Form>
        <Form Tag="NLS" Slouniki="yes">ніво*дным</Form>
    </Paradigm>
    <Paradigm pdgId="1138970" Lemma="ніво*дны" Tag="S">
        <Form Tag="MNS" Slouniki="yes">ніво*дны</Form>
        <Form Tag="MGS" Slouniki="yes">ніво*днага</Form>
        <Form Tag="MDS" Slouniki="yes">ніво*днаму</Form>
        <Form Tag="MAS" Slouniki="yes">ніво*дны</Form>
        <Form Tag="MAS" Slouniki="yes">ніво*днага</Form>
        <Form Tag="MIS" Slouniki="yes">ніво*дным</Form>
        <Form Tag="MLS" Slouniki="yes">ніво*дным</Form>
    </Paradigm>
    <Paradigm pdgId="1205423" Lemma="нікагу*сенькі" Tag="S">
        <Form Tag="XXX" Slouniki="yes">нікагу*сенькі</Form>
    </Paradigm>
    <Paradigm pdgId="1127831" Lemma="ніхто*" Tag="S">
        <Form Tag="MNS" Slouniki="yes">ніхто*</Form>
        <Form Tag="MGS" Slouniki="yes">ніко*га</Form>
        <Form Tag="MDS" Slouniki="yes">ніко*му</Form>
        <Form Tag="MAS" Slouniki="yes">ніко*га</Form>
        <Form Tag="MIS" Slouniki="yes">нікі*м</Form>
        <Form Tag="MLS" Slouniki="yes">нікі*м</Form>
    </Paradigm>
    <Paradigm pdgId="1127627" Lemma="нічы*й" Tag="S">
        <Form Tag="MNS" Slouniki="yes">нічы*й</Form>
        <Form Tag="MGS" Slouniki="yes">нічыйго*</Form>
        <Form Tag="MDS" Slouniki="yes">нічыйму*</Form>
        <Form Tag="MAS" Slouniki="yes">нічы*й</Form>
        <Form Tag="MAS" Slouniki="yes">нічыйго*</Form>
        <Form Tag="MIS" Slouniki="yes">нічыі*м</Form>
        <Form Tag="MLS" Slouniki="yes">нічыі*м</Form>
        <Form Tag="FNS" Slouniki="yes">нічыя*</Form>
        <Form Tag="FGS" Slouniki="yes">нічыёй</Form>
        <Form Tag="FDS" Slouniki="yes">нічыёй</Form>
        <Form Tag="FAS" Slouniki="yes">нічыю*</Form>
        <Form Tag="FIS" Slouniki="yes">нічыёй</Form>
        <Form Tag="FIS" Slouniki="yes">нічыёю</Form>
        <Form Tag="FLS" Slouniki="yes">нічыёй</Form>
        <Form Tag="NNS" Slouniki="yes">нічыё</Form>
        <Form Tag="NGS" Slouniki="yes">нічыйго*</Form>
        <Form Tag="NDS" Slouniki="yes">нічыйму*</Form>
        <Form Tag="NAS" Slouniki="yes">нічыё</Form>
        <Form Tag="NIS" Slouniki="yes">нічыі*м</Form>
        <Form Tag="NLS" Slouniki="yes">нічыі*м</Form>
        <Form Tag="0NP" Slouniki="yes">нічые*</Form>
        <Form Tag="0GP" Slouniki="yes">нічыі*х</Form>
        <Form Tag="0DP" Slouniki="yes">нічыі*м</Form>
        <Form Tag="0AP" Slouniki="yes">нічые*</Form>
        <Form Tag="0AP" Slouniki="yes">нічыі*х</Form>
        <Form Tag="0IP" Slouniki="yes">нічыі*мі</Form>
        <Form Tag="0LP" Slouniki="yes">нічыі*х</Form>
    </Paradigm>
    <Paradigm pdgId="1127628" Lemma="нічы*йны" Tag="S">
        <Form Tag="MNS" Slouniki="yes">нічы*йны</Form>
        <Form Tag="MGS">нічы*йнага</Form>
        <Form Tag="MDS">нічы*йнаму</Form>
        <Form Tag="MAS">нічы*йны</Form>
        <Form Tag="MAS">нічы*йнага</Form>
        <Form Tag="MIS">нічы*йным</Form>
        <Form Tag="MLS">нічы*йным</Form>
        <Form Tag="FNS">нічы*ная</Form>
        <Form Tag="FGS">нічы*йнай</Form>
        <Form Tag="FDS">нічы*йнай</Form>
        <Form Tag="FAS">нічы*ную</Form>
        <Form Tag="FIS">нічы*йнай</Form>
        <Form Tag="FLS">нічы*йнай</Form>
        <Form Tag="NNS">нічы*йнае</Form>
        <Form Tag="NGS">нічы*йнага</Form>
        <Form Tag="NDS">нічы*йнаму</Form>
        <Form Tag="NAS">нічы*йнае</Form>
        <Form Tag="NIS">нічы*йным</Form>
        <Form Tag="NLS">нічы*йным</Form>
        <Form Tag="0NP">нічы*йныя</Form>
        <Form Tag="0GP">нічы*йных</Form>
        <Form Tag="0DP">нічы*йным</Form>
        <Form Tag="0AP">нічы*йныя</Form>
        <Form Tag="0AP">нічы*йных</Form>
        <Form Tag="0IP">нічы*йнымі</Form>
        <Form Tag="0LP">нічы*йных</Form>
    </Paradigm>
    <Paradigm pdgId="1127833" Lemma="нішто*" Tag="S">
        <Form Tag="MNS" Slouniki="yes">нішто*</Form>
        <Form Tag="MGS" Slouniki="yes">нічо*га</Form>
        <Form Tag="MDS" Slouniki="yes">нічо*му</Form>
        <Form Tag="MAS" Slouniki="yes">нішто*</Form>
        <Form Tag="MIS" Slouniki="yes">нічы*м</Form>
        <Form Tag="MLS" Slouniki="yes">нічы*м</Form>
    </Paradigm>
    <Paradigm pdgId="1127817" Lemma="нія*кі" Tag="S">
        <Form Tag="MNS" Slouniki="yes">нія*кі</Form>
        <Form Tag="MGS" Slouniki="yes">нія*кага</Form>
        <Form Tag="MDS" Slouniki="yes">нія*каму</Form>
        <Form Tag="MAS" Slouniki="yes">нія*кага</Form>
        <Form Tag="MAS" Slouniki="yes">нія*кі</Form>
        <Form Tag="MIS" Slouniki="yes">нія*кім</Form>
        <Form Tag="MLS" Slouniki="yes">нія*кім</Form>
        <Form Tag="FNS" Slouniki="yes">нія*кая</Form>
        <Form Tag="FGS">нія*кай</Form>
        <Form Tag="FGS">нія*кае</Form>
        <Form Tag="FDS">нія*кай</Form>
        <Form Tag="FAS">нія*кую</Form>
        <Form Tag="FIS">нія*кай</Form>
        <Form Tag="FIS">нія*каю</Form>
        <Form Tag="FLS">нія*кай</Form>
        <Form Tag="NNS" Slouniki="yes">нія*кае</Form>
        <Form Tag="NGS">нія*кага</Form>
        <Form Tag="NDS" Slouniki="yes">нія*каму</Form>
        <Form Tag="NAS">нія*кае</Form>
        <Form Tag="NIS" Slouniki="yes">нія*кім</Form>
        <Form Tag="NLS" Slouniki="yes">нія*кім</Form>
        <Form Tag="0NP">нія*кія</Form>
        <Form Tag="0GP">нія*кіх</Form>
        <Form Tag="0DP">нія*кім</Form>
        <Form Tag="0AP">нія*кіх</Form>
        <Form Tag="0AP">нія*кія</Form>
        <Form Tag="0IP">нія*кімі</Form>
        <Form Tag="0LP">нія*кіх</Form>
    </Paradigm>
    <Paradigm pdgId="1127839" Lemma="сам" Tag="S">
        <Form Tag="MNS" Slouniki="yes">сам</Form>
        <Form Tag="MGS" Slouniki="yes">само*га</Form>
        <Form Tag="MDS" Slouniki="yes">само*му</Form>
        <Form Tag="MAS" Slouniki="yes">само*га</Form>
        <Form Tag="MIS" Slouniki="yes">самі*м</Form>
        <Form Tag="MLS" Slouniki="yes">самі*м</Form>
        <Form Tag="FNS" Slouniki="yes">сама*</Form>
        <Form Tag="FGS" Slouniki="yes">само*й</Form>
        <Form Tag="FDS" Slouniki="yes">само*й</Form>
        <Form Tag="FAS" Slouniki="yes">саму*</Form>
        <Form Tag="FAS" Slouniki="yes">саму*ю</Form>
        <Form Tag="FIS" Slouniki="yes">само*й</Form>
        <Form Tag="FLS" Slouniki="yes">само*й</Form>
        <Form Tag="NNS" Slouniki="yes">само*</Form>
        <Form Tag="NGS" Slouniki="yes">само*га</Form>
        <Form Tag="NDS" Slouniki="yes">само*му</Form>
        <Form Tag="NAS" Slouniki="yes">само*е</Form>
        <Form Tag="NIS" Slouniki="yes">самі*м</Form>
        <Form Tag="NLS" Slouniki="yes">самі*м</Form>
        <Form Tag="0NP" Slouniki="yes">са*мі</Form>
        <Form Tag="0GP" Slouniki="yes">самі*х</Form>
        <Form Tag="0DP" Slouniki="yes">самі*м</Form>
        <Form Tag="0AP" Slouniki="yes">самі*х</Form>
        <Form Tag="0AP" Slouniki="yes">са*мі</Form>
        <Form Tag="0IP" Slouniki="yes">самі*мі</Form>
        <Form Tag="0LP" Slouniki="yes">самі*х</Form>
    </Paradigm>
    <Paradigm pdgId="1127818" Lemma="са*мы" Tag="S">
        <Form Tag="MNS" Slouniki="yes">са*мы</Form>
        <Form Tag="MGS" Slouniki="yes">са*мага</Form>
        <Form Tag="MDS" Slouniki="yes">са*маму</Form>
        <Form Tag="MAS" Slouniki="yes">са*мага</Form>
        <Form Tag="MAS" Slouniki="yes">са*мы</Form>
        <Form Tag="MIS" Slouniki="yes">са*мым</Form>
        <Form Tag="MLS" Slouniki="yes">са*мым</Form>
        <Form Tag="FNS" Slouniki="yes">са*мая</Form>
        <Form Tag="FGS" Slouniki="yes">са*май</Form>
        <Form Tag="FGS" Slouniki="yes">са*мае</Form>
        <Form Tag="FDS" Slouniki="yes">са*май</Form>
        <Form Tag="FAS" Slouniki="yes">са*мую</Form>
        <Form Tag="FIS" Slouniki="yes">са*май</Form>
        <Form Tag="FIS" Slouniki="yes">са*маю</Form>
        <Form Tag="FLS" Slouniki="yes">са*май</Form>
        <Form Tag="NNS" Slouniki="yes">са*мае</Form>
        <Form Tag="NGS" Slouniki="yes">са*мага</Form>
        <Form Tag="NDS" Slouniki="yes">са*маму</Form>
        <Form Tag="NAS" Slouniki="yes">са*мае</Form>
        <Form Tag="NIS" Slouniki="yes">са*мым</Form>
        <Form Tag="NLS" Slouniki="yes">са*мым</Form>
        <Form Tag="0NP" Slouniki="yes">са*мыя</Form>
        <Form Tag="0GP" Slouniki="yes">са*мых</Form>
        <Form Tag="0DP" Slouniki="yes">са*мым</Form>
        <Form Tag="0AP" Slouniki="yes">са*мых</Form>
        <Form Tag="0AP" Slouniki="yes">са*мыя</Form>
        <Form Tag="0IP" Slouniki="yes">са*мымі</Form>
        <Form Tag="0LP" Slouniki="yes">са*мых</Form>
    </Paradigm>
    <Paradigm pdgId="1127835" Lemma="свой" Tag="S">
        <Form Tag="MNS" Slouniki="yes">свой</Form>
        <Form Tag="MGS" Slouniki="yes">свайго*</Form>
        <Form Tag="MDS" Slouniki="yes">свайму*</Form>
        <Form Tag="MAS" Slouniki="yes">свайго*</Form>
        <Form Tag="MAS" Slouniki="yes">свой</Form>
        <Form Tag="MIS" Slouniki="yes">сваі*м</Form>
        <Form Tag="MLS" Slouniki="yes">сваі*м</Form>
        <Form Tag="FNS" Slouniki="yes">свая*</Form>
        <Form Tag="FGS" Slouniki="yes">сваёй</Form>
        <Form Tag="FDS" Slouniki="yes">сваёй</Form>
        <Form Tag="FAS" Slouniki="yes">сваю*</Form>
        <Form Tag="FIS" Slouniki="yes">сваёй</Form>
        <Form Tag="FIS" Slouniki="yes">сваёю</Form>
        <Form Tag="FLS" Slouniki="yes">сваёй</Form>
        <Form Tag="NNS" Slouniki="yes">сваё</Form>
        <Form Tag="NGS" Slouniki="yes">свайго*</Form>
        <Form Tag="NDS" Slouniki="yes">свайму*</Form>
        <Form Tag="NAS" Slouniki="yes">сваё</Form>
        <Form Tag="NIS" Slouniki="yes">сваі*м</Form>
        <Form Tag="NLS" Slouniki="yes">сваі*м</Form>
        <Form Tag="0NP" Slouniki="yes">свае*</Form>
        <Form Tag="0GP" Slouniki="yes">сваі*х</Form>
        <Form Tag="0DP" Slouniki="yes">сваі*м</Form>
        <Form Tag="0AP" Slouniki="yes">сваі*х</Form>
        <Form Tag="0AP" Slouniki="yes">свае*</Form>
        <Form Tag="0IP" Slouniki="yes">сваі*мі</Form>
        <Form Tag="0LP" Slouniki="yes">сваі*х</Form>
    </Paradigm>
    <Paradigm pdgId="1127846" Lemma="сёй-той" Tag="S">
        <Form Tag="MGS" Slouniki="yes">сяго*-таго*</Form>
        <Form Tag="MDS" Slouniki="yes">сяму*-таму*</Form>
        <Form Tag="NDS" Slouniki="yes">сяму*-таму*</Form>
    </Paradigm>
    <Paradigm pdgId="1127868" Lemma="сто*лькі" Tag="S">
        <Form Tag="0NP" Slouniki="yes">сто*лькі</Form>
        <Form Tag="0GP" Slouniki="yes">сто*лькіх</Form>
        <Form Tag="0DP" Slouniki="yes">сто*лькім</Form>
        <Form Tag="0AP" Slouniki="yes">сто*лькіх</Form>
        <Form Tag="0AP" Slouniki="yes">сто*лькі</Form>
        <Form Tag="0IP" Slouniki="yes">сто*лькімі</Form>
        <Form Tag="0LP" Slouniki="yes">сто*лькіх</Form>
    </Paradigm>
    <Paradigm pdgId="1127806" Lemma="сябе*" Tag="S">
        <Form Tag="0NS" Slouniki="yes">сябе*</Form>
        <Form Tag="0GS" Slouniki="yes">сябе*</Form>
        <Form Tag="0DS" Slouniki="yes">сабе*</Form>
        <Form Tag="0AS" Slouniki="yes">сябе*</Form>
        <Form Tag="0IS" Slouniki="yes">сабо*й</Form>
        <Form Tag="0IS" Slouniki="yes">сабо*ю</Form>
        <Form Tag="0LS" Slouniki="yes">сабе*</Form>
    </Paradigm>
    <Paradigm pdgId="1127837" Lemma="сякі*-такі*" Tag="S">
        <Form Tag="MNS" Slouniki="yes">сякі*-такі*</Form>
        <Form Tag="MGS" Slouniki="yes">сяко*га-тако*га</Form>
        <Form Tag="MDS" Slouniki="yes">сяко*му-тако*му</Form>
        <Form Tag="MAS" Slouniki="yes">сяко*га-тако*га</Form>
        <Form Tag="MAS" Slouniki="yes">сякі*-такі*</Form>
        <Form Tag="MIS" Slouniki="yes">сякі*м-такі*м</Form>
        <Form Tag="MLS" Slouniki="yes">сякі*м-такі*м</Form>
        <Form Tag="FNS" Slouniki="yes">сяка*я-така*я</Form>
        <Form Tag="FGS">сяко*й-тако*й</Form>
        <Form Tag="FGS">сяко*е-тако*е</Form>
        <Form Tag="FDS">сяко*й-тако*й</Form>
        <Form Tag="FAS">сяку*ю-таку*ю</Form>
        <Form Tag="FIS">сяко*й-тако*й</Form>
        <Form Tag="FIS">сяко*ю-тако*ю</Form>
        <Form Tag="FLS">сяко*й-тако*й</Form>
        <Form Tag="NNS" Slouniki="yes">сяко*е-тако*е</Form>
        <Form Tag="NGS" Slouniki="yes">сяко*га-тако*га</Form>
        <Form Tag="NDS" Slouniki="yes">сяко*му-тако*му</Form>
        <Form Tag="NAS" Slouniki="yes">сяко*е-тако*е</Form>
        <Form Tag="NIS" Slouniki="yes">сякі*м-такі*м</Form>
        <Form Tag="NLS" Slouniki="yes">сякі*м-такі*м</Form>
        <Form Tag="0NP" Slouniki="yes">сякі*я-такі*я</Form>
        <Form Tag="0GP" Slouniki="yes">сякі*х-такі*х</Form>
        <Form Tag="0DP" Slouniki="yes">сякі*м-такі*м</Form>
        <Form Tag="0AP" Slouniki="yes">сякі*х-такі*х</Form>
        <Form Tag="0AP" Slouniki="yes">сякі*я-такі*я</Form>
        <Form Tag="0IP" Slouniki="yes">сякі*мі-такі*мі</Form>
        <Form Tag="0LP" Slouniki="yes">сякі*х-такі*х</Form>
    </Paradigm>
    <Paradigm pdgId="1127836" Lemma="такі*" Tag="S">
        <Form Tag="MNS" Slouniki="yes">такі*</Form>
        <Form Tag="MGS" Slouniki="yes">тако*га</Form>
        <Form Tag="MDS" Slouniki="yes">тако*му</Form>
        <Form Tag="MAS" Slouniki="yes">тако*га</Form>
        <Form Tag="MAS" Slouniki="yes">такі*</Form>
        <Form Tag="MIS" Slouniki="yes">такі*м</Form>
        <Form Tag="MLS" Slouniki="yes">такі*м</Form>
        <Form Tag="FNS" Slouniki="yes">така*я</Form>
        <Form Tag="FGS">тако*й</Form>
        <Form Tag="FDS">тако*й</Form>
        <Form Tag="FAS">таку*ю</Form>
        <Form Tag="FIS">тако*й</Form>
        <Form Tag="FIS">тако*ю</Form>
        <Form Tag="FLS">тако*й</Form>
        <Form Tag="NNS" Slouniki="yes">тако*е</Form>
        <Form Tag="NGS">тако*га</Form>
        <Form Tag="NDS">тако*му</Form>
        <Form Tag="NAS">тако*е</Form>
        <Form Tag="NIS">такі*м</Form>
        <Form Tag="NLS">такі*м</Form>
        <Form Tag="0NP">такі*я</Form>
        <Form Tag="0GP">такі*х</Form>
        <Form Tag="0DP">такі*м</Form>
        <Form Tag="0AP">такі*х</Form>
        <Form Tag="0AP">такі*я</Form>
        <Form Tag="0IP">такі*мі</Form>
        <Form Tag="0LP">такі*х</Form>
    </Paradigm>
    <Paradigm pdgId="1186566" Lemma="такі*-сякі*" Tag="S">
        <Form Tag="MNS" Slouniki="yes">такі*-сякі*</Form>
        <Form Tag="MGS" Slouniki="yes">тако*га-сяко*га</Form>
        <Form Tag="MDS" Slouniki="yes">тако*му-сяко*му</Form>
        <Form Tag="MAS" Slouniki="yes">тако*га-сяко*га</Form>
        <Form Tag="MAS" Slouniki="yes">такі*-сякі*</Form>
        <Form Tag="MIS" Slouniki="yes">такі*м-сякі*м</Form>
        <Form Tag="MLS" Slouniki="yes">такі*м-сякі*м</Form>
        <Form Tag="NDS" Slouniki="yes">тако*му-сяко*му</Form>
        <Form Tag="NIS" Slouniki="yes">такі*м-сякі*м</Form>
        <Form Tag="NLS" Slouniki="yes">такі*м-сякі*м</Form>
    </Paradigm>
    <Paradigm pdgId="1127847" Lemma="твой" Tag="S">
        <Form Tag="MNS" Slouniki="yes">твой</Form>
        <Form Tag="MGS" Slouniki="yes">твайго*</Form>
        <Form Tag="MDS" Slouniki="yes">твайму*</Form>
        <Form Tag="MAS" Slouniki="yes">твайго*</Form>
        <Form Tag="MAS" Slouniki="yes">твой</Form>
        <Form Tag="MIS" Slouniki="yes">тваі*м</Form>
        <Form Tag="MLS" Slouniki="yes">тваі*м</Form>
        <Form Tag="FNS" Slouniki="yes">твая*</Form>
        <Form Tag="FGS" Slouniki="yes">тваёй</Form>
        <Form Tag="FDS" Slouniki="yes">тваёй</Form>
        <Form Tag="FAS" Slouniki="yes">тваю*</Form>
        <Form Tag="FIS" Slouniki="yes">тваёй</Form>
        <Form Tag="FIS" Slouniki="yes">тваёю</Form>
        <Form Tag="FLS" Slouniki="yes">тваёй</Form>
        <Form Tag="NNS" Slouniki="yes">тваё</Form>
        <Form Tag="NGS" Slouniki="yes">твайго*</Form>
        <Form Tag="NDS" Slouniki="yes">твайму*</Form>
        <Form Tag="NAS" Slouniki="yes">тваё</Form>
        <Form Tag="NIS" Slouniki="yes">тваі*м</Form>
        <Form Tag="NLS" Slouniki="yes">тваі*м</Form>
        <Form Tag="0NP" Slouniki="yes">твае*</Form>
        <Form Tag="0GP">тваі*х</Form>
        <Form Tag="0DP">тваі*м</Form>
        <Form Tag="0AP">тваі*х</Form>
        <Form Tag="0AP">твае*</Form>
        <Form Tag="0IP">тваі*мі</Form>
        <Form Tag="0LP">тваі*х</Form>
    </Paradigm>
    <Paradigm pdgId="1127843" Lemma="той" Tag="S">
        <Form Tag="MNS" Slouniki="yes">той</Form>
        <Form Tag="MGS" Slouniki="yes">таго*</Form>
        <Form Tag="MDS" Slouniki="yes">таму*</Form>
        <Form Tag="MAS" Slouniki="yes">таго*</Form>
        <Form Tag="MAS" Slouniki="yes">той</Form>
        <Form Tag="MIS" Slouniki="yes">тым</Form>
        <Form Tag="MLS" Slouniki="yes">тым</Form>
        <Form Tag="FNS" Slouniki="yes">та*я</Form>
        <Form Tag="FGS" Slouniki="yes">той</Form>
        <Form Tag="FDS" Slouniki="yes">той</Form>
        <Form Tag="FAS" Slouniki="yes">ту*ю</Form>
        <Form Tag="FIS" Slouniki="yes">той</Form>
        <Form Tag="FIS" Slouniki="yes">то*ю</Form>
        <Form Tag="FLS" Slouniki="yes">той</Form>
        <Form Tag="NNS" Slouniki="yes">то*е</Form>
        <Form Tag="NGS" Slouniki="yes">таго*</Form>
        <Form Tag="NDS" Slouniki="yes">таму*</Form>
        <Form Tag="NAS" Slouniki="yes">то*е</Form>
        <Form Tag="NIS" Slouniki="yes">тым</Form>
        <Form Tag="NLS" Slouniki="yes">тым</Form>
        <Form Tag="0NP" Slouniki="yes">ты*я</Form>
        <Form Tag="0GP">тых</Form>
        <Form Tag="0DP" Slouniki="yes">тым</Form>
        <Form Tag="0AP">тых</Form>
        <Form Tag="0AP">ты*я</Form>
        <Form Tag="0IP">ты*мі</Form>
        <Form Tag="0LP">тых</Form>
    </Paradigm>
    <Paradigm pdgId="1138972" Lemma="той-сёй" Tag="S">
        <Form Tag="MNS" Slouniki="yes">той-сёй</Form>
        <Form Tag="MGS">таго*-сяго*</Form>
        <Form Tag="MDS">таму*-сяму*</Form>
        <Form Tag="MAS">таго*-сяго*</Form>
        <Form Tag="MAS">той-сёй</Form>
        <Form Tag="MIS">тым-сім</Form>
        <Form Tag="MLS">тым-сім</Form>
        <Form Tag="FNS">та*я-ся*я</Form>
        <Form Tag="FGS">той-сёй</Form>
        <Form Tag="FDS">той-сёй</Form>
        <Form Tag="FAS">ту*ю-сю*ю</Form>
        <Form Tag="FIS">той-сёй</Form>
        <Form Tag="FLS">той-сёй</Form>
        <Form Tag="NNS" Slouniki="yes">тое-сёе</Form>
        <Form Tag="NGS">таго*-сяго*</Form>
        <Form Tag="NDS">таму*-сяму*</Form>
        <Form Tag="NAS">то*е-сёе</Form>
        <Form Tag="NIS">тым-сім</Form>
        <Form Tag="NLS">тым-сім</Form>
        <Form Tag="0NP">ты*я-сі*я</Form>
        <Form Tag="0GP">тых-сіх</Form>
        <Form Tag="0DP">тым-сім</Form>
        <Form Tag="0AP">тых-сіх</Form>
        <Form Tag="0AP">ты*я-сі*я</Form>
        <Form Tag="0IP">ты*мі-сі*мі</Form>
        <Form Tag="0LP">тых-сіх</Form>
    </Paradigm>
    <Paradigm pdgId="1138973" Lemma="трэ*ці" Tag="S">
        <Form Tag="MNS" Slouniki="yes">трэ*ці</Form>
        <Form Tag="MGS">трэ*цяга</Form>
        <Form Tag="MDS">трэ*цяму</Form>
        <Form Tag="MAS">трэ*цяга</Form>
        <Form Tag="MAS">трэ*ці</Form>
        <Form Tag="MIS">трэ*цім</Form>
        <Form Tag="MLS">трэ*цім</Form>
        <Form Tag="FNS">трэ*цяя</Form>
        <Form Tag="FGS">трэ*цяй</Form>
        <Form Tag="FDS">трэ*цяй</Form>
        <Form Tag="FAS">трэ*цюю</Form>
        <Form Tag="FIS">трэ*цяй</Form>
        <Form Tag="FLS">трэ*цяй</Form>
        <Form Tag="NNS">трэ*цяе</Form>
        <Form Tag="NGS">трэ*цяга</Form>
        <Form Tag="NDS">трэ*цяму</Form>
        <Form Tag="NAS">трэ*цяе</Form>
        <Form Tag="NIS">трэ*цім</Form>
        <Form Tag="NLS">трэ*цім</Form>
        <Form Tag="0NP">трэ*ція</Form>
        <Form Tag="0GP">трэ*ціх</Form>
        <Form Tag="0DP">трэ*цім</Form>
        <Form Tag="0AP">трэ*ціх</Form>
        <Form Tag="0AP">трэ*ція</Form>
        <Form Tag="0IP">трэ*цімі</Form>
        <Form Tag="0LP">трэ*ціх</Form>
    </Paradigm>
    <Paradigm pdgId="1127808" Lemma="ты" Tag="S">
        <Form Tag="0NS" Slouniki="yes">ты</Form>
        <Form Tag="0GS" Slouniki="yes">цябе*</Form>
        <Form Tag="0DS" Slouniki="yes">табе*</Form>
        <Form Tag="0AS" Slouniki="yes">цябе*</Form>
        <Form Tag="0IS" Slouniki="yes">табо*й</Form>
        <Form Tag="0IS" Slouniki="yes">табо*ю</Form>
        <Form Tag="0LS" Slouniki="yes">табе*</Form>
    </Paradigm>
    <Paradigm pdgId="1127848" Lemma="уве*сь" Tag="S">
        <Form Tag="MNS" Slouniki="yes">уве*сь</Form>
        <Form Tag="MGS" Slouniki="yes">усяго*</Form>
        <Form Tag="MDS" Slouniki="yes">усяму*</Form>
        <Form Tag="MAS" Slouniki="yes">усяго*</Form>
        <Form Tag="MAS" Slouniki="yes">уве*сь</Form>
        <Form Tag="MIS" Slouniki="yes">усі*м</Form>
        <Form Tag="MLS" Slouniki="yes">усі*м</Form>
        <Form Tag="FNS" Slouniki="yes">уся*</Form>
        <Form Tag="FGS" Slouniki="yes">усёй</Form>
        <Form Tag="FGS" Slouniki="yes">усяе*</Form>
        <Form Tag="FDS" Slouniki="yes">усёй</Form>
        <Form Tag="FAS" Slouniki="yes">усю*</Form>
        <Form Tag="FIS" Slouniki="yes">усёй</Form>
        <Form Tag="FIS" Slouniki="yes">усёю</Form>
        <Form Tag="FLS" Slouniki="yes">усёй</Form>
        <Form Tag="NNS" Slouniki="yes">усё</Form>
        <Form Tag="NGS" Slouniki="yes">усяго*</Form>
        <Form Tag="NDS" Slouniki="yes">усяму*</Form>
        <Form Tag="NAS" Slouniki="yes">усё</Form>
        <Form Tag="NIS" Slouniki="yes">усі*м</Form>
        <Form Tag="NLS" Slouniki="yes">усі*м</Form>
        <Form Tag="0NP" Slouniki="yes">усе*</Form>
        <Form Tag="0GP" Slouniki="yes">усі*х</Form>
        <Form Tag="0DP" Slouniki="yes">усі*м</Form>
        <Form Tag="0AP" Slouniki="yes">усі*х</Form>
        <Form Tag="0AP" Slouniki="yes">усе*</Form>
        <Form Tag="0IP" Slouniki="yes">усі*мі</Form>
        <Form Tag="0LP" Slouniki="yes">усі*х</Form>
    </Paradigm>
    <Paradigm pdgId="1127849" Lemma="уся*кі" Tag="S">
        <Form Tag="MNS" Slouniki="yes">уся*кі</Form>
        <Form Tag="MGS" Slouniki="yes">уся*кага</Form>
        <Form Tag="MDS" Slouniki="yes">уся*каму</Form>
        <Form Tag="MAS" Slouniki="yes">уся*кага</Form>
        <Form Tag="MAS" Slouniki="yes">уся*кі</Form>
        <Form Tag="MIS" Slouniki="yes">уся*кім</Form>
        <Form Tag="MLS" Slouniki="yes">уся*кім</Form>
        <Form Tag="NDS" Slouniki="yes">уся*каму</Form>
        <Form Tag="NIS" Slouniki="yes">уся*кім</Form>
        <Form Tag="NLS" Slouniki="yes">уся*кім</Form>
    </Paradigm>
    <Paradigm pdgId="1127851" Lemma="усяля*кі" Tag="S">
        <Form Tag="MNS" Slouniki="yes">усяля*кі</Form>
        <Form Tag="MGS" Slouniki="yes">усяля*кага</Form>
        <Form Tag="MDS" Slouniki="yes">усяля*каму</Form>
        <Form Tag="MAS" Slouniki="yes">усяля*кага</Form>
        <Form Tag="MAS" Slouniki="yes">усяля*кі</Form>
        <Form Tag="MIS" Slouniki="yes">усяля*кім</Form>
        <Form Tag="MLS" Slouniki="yes">усяля*кім</Form>
        <Form Tag="NDS" Slouniki="yes">усяля*каму</Form>
        <Form Tag="NIS" Slouniki="yes">усяля*кім</Form>
        <Form Tag="NLS" Slouniki="yes">усяля*кім</Form>
    </Paradigm>
    <Paradigm pdgId="1127820" Lemma="хто" Tag="S">
        <Form Tag="MNS" Slouniki="yes">хто</Form>
        <Form Tag="MGS" Slouniki="yes">каго*</Form>
        <Form Tag="MDS" Slouniki="yes">каму*</Form>
        <Form Tag="MAS" Slouniki="yes">каго*</Form>
        <Form Tag="MIS" Slouniki="yes">кім</Form>
        <Form Tag="MLS" Slouniki="yes">кім</Form>
    </Paradigm>
    <Paradigm pdgId="1186567" Lemma="хто-колечы" Tag="S">
        <Form Tag="MNS" Slouniki="yes">хто-ко*лечы</Form>
        <Form Tag="MGS" Slouniki="yes">каго*-ко*лечы</Form>
        <Form Tag="MDS" Slouniki="yes">каму*-ко*лечы</Form>
        <Form Tag="MAS" Slouniki="yes">каго*-ко*лечы</Form>
        <Form Tag="MIS" Slouniki="yes">кім-ко*лечы</Form>
        <Form Tag="MLS" Slouniki="yes">кім-ко*лечы</Form>
    </Paradigm>
    <Paradigm pdgId="1127823" Lemma="хто-не*будзь" Tag="S">
        <Form Tag="MNS" Slouniki="yes">хто-не*будзь</Form>
        <Form Tag="MGS" Slouniki="yes">каго*-не*будзь</Form>
        <Form Tag="MDS" Slouniki="yes">каму*-не*будзь</Form>
        <Form Tag="MAS" Slouniki="yes">каго*-не*будзь</Form>
        <Form Tag="MIS" Slouniki="yes">кім-не*будзь</Form>
        <Form Tag="MLS" Slouniki="yes">кім-не*будзь</Form>
    </Paradigm>
    <Paradigm pdgId="1138965" Lemma="хто-ніхто*" Tag="S">
        <Form Tag="MNS" Slouniki="yes">хто-ніхто*</Form>
        <Form Tag="MGS" Slouniki="yes">каго*-нікаго*</Form>
        <Form Tag="MDS" Slouniki="yes">каму*-нікаму*</Form>
        <Form Tag="MAS" Slouniki="yes">каго*-нікаго*</Form>
        <Form Tag="MIS" Slouniki="yes">кім-нікі*м</Form>
        <Form Tag="MLS" Slouniki="yes">кім-нікі*м</Form>
    </Paradigm>
    <Paradigm pdgId="1127822" Lemma="хтось" Tag="S">
        <Form Tag="MNS" Slouniki="yes">хтось</Form>
        <Form Tag="MGS" Slouniki="yes">каго*сь</Form>
        <Form Tag="MDS" Slouniki="yes">каму*сь</Form>
        <Form Tag="MAS" Slouniki="yes">каго*сь</Form>
        <Form Tag="MIS" Slouniki="yes">кімсь</Form>
        <Form Tag="MLS" Slouniki="yes">кімсь</Form>
    </Paradigm>
    <Paradigm pdgId="1127821" Lemma="хто*сьці" Tag="S">
        <Form Tag="MNS" Slouniki="yes">хто*сьці</Form>
        <Form Tag="MGS" Slouniki="yes">каго*сьці</Form>
        <Form Tag="MDS" Slouniki="yes">каму*сьці</Form>
        <Form Tag="MAS" Slouniki="yes">каго*сьці</Form>
        <Form Tag="MIS" Slouniki="yes">кі*мсьці</Form>
        <Form Tag="MLS" Slouniki="yes">кі*мсьці</Form>
    </Paradigm>
    <Paradigm pdgId="1127852" Lemma="чый" Tag="S">
        <Form Tag="MNS" Slouniki="yes">чый</Form>
        <Form Tag="MGS" Slouniki="yes">чыйго*</Form>
        <Form Tag="MDS" Slouniki="yes">чыйму*</Form>
        <Form Tag="MAS" Slouniki="yes">чыйго*</Form>
        <Form Tag="MAS" Slouniki="yes">чый</Form>
        <Form Tag="MIS" Slouniki="yes">чыі*м</Form>
        <Form Tag="MLS" Slouniki="yes">чыі*м</Form>
        <Form Tag="FNS" Slouniki="yes">чыя*</Form>
        <Form Tag="FGS" Slouniki="yes">чыёй</Form>
        <Form Tag="FDS" Slouniki="yes">чыёй</Form>
        <Form Tag="FAS" Slouniki="yes">чыю*</Form>
        <Form Tag="FIS" Slouniki="yes">чыёй</Form>
        <Form Tag="FIS" Slouniki="yes">чыёю</Form>
        <Form Tag="FLS" Slouniki="yes">чыёй</Form>
        <Form Tag="NNS" Slouniki="yes">чыё</Form>
        <Form Tag="NGS" Slouniki="yes">чыйго*</Form>
        <Form Tag="NDS" Slouniki="yes">чыйму*</Form>
        <Form Tag="NAS" Slouniki="yes">чыё</Form>
        <Form Tag="NIS" Slouniki="yes">чыі*м</Form>
        <Form Tag="NLS" Slouniki="yes">чыі*м</Form>
        <Form Tag="0NP" Slouniki="yes">чые*</Form>
        <Form Tag="0GP" Slouniki="yes">чыі*х</Form>
        <Form Tag="0DP" Slouniki="yes">чыі*м</Form>
        <Form Tag="0AP" Slouniki="yes">чыі*х</Form>
        <Form Tag="0AP" Slouniki="yes">чые*</Form>
        <Form Tag="0IP" Slouniki="yes">чыі*мі</Form>
        <Form Tag="0LP" Slouniki="yes">чыі*х</Form>
    </Paradigm>
    <Paradigm pdgId="1205428" Lemma="чый-ко*лечы" Tag="S">
        <Form Tag="MNS" Slouniki="yes">чый-ко*лечы</Form>
        <Form Tag="MGS" Slouniki="yes">чыйго*-ко*лечы</Form>
        <Form Tag="MDS" Slouniki="yes">чыйму*-ко*лечы</Form>
        <Form Tag="MAS" Slouniki="yes">чыйго*-ко*лечы</Form>
        <Form Tag="MAS" Slouniki="yes">чый-ко*лечы</Form>
        <Form Tag="MIS" Slouniki="yes">чыі*м-ко*лечы</Form>
        <Form Tag="MLS" Slouniki="yes">чыі*м-ко*лечы</Form>
    </Paradigm>
    <Paradigm pdgId="1127853" Lemma="чый-не*будзь" Tag="S">
        <Form Tag="MNS" Slouniki="yes">чый-не*будзь</Form>
        <Form Tag="MGS" Slouniki="yes">чыйго*-не*будзь</Form>
        <Form Tag="MDS" Slouniki="yes">чыйму*-не*будзь</Form>
        <Form Tag="MIS" Slouniki="yes">чыі*м-не*будзь</Form>
        <Form Tag="MLS" Slouniki="yes">чыі*м-не*будзь</Form>
        <Form Tag="NGS" Slouniki="yes">чыйго*-не*будзь</Form>
        <Form Tag="NDS" Slouniki="yes">чыйму*-не*будзь</Form>
        <Form Tag="NIS" Slouniki="yes">чыі*м-не*будзь</Form>
        <Form Tag="NLS" Slouniki="yes">чыі*м-не*будзь</Form>
    </Paradigm>
    <Paradigm pdgId="1186568" Lemma="чый-нічы*й" Tag="S">
        <Form Tag="MNS" Slouniki="yes">чый-нічы*й</Form>
        <Form Tag="MGS" Slouniki="yes">чыйго-нічыйго*</Form>
        <Form Tag="MDS" Slouniki="yes">чыйму-нічыйму*</Form>
        <Form Tag="MAS" Slouniki="yes">чыйго-нічыйго*</Form>
        <Form Tag="MAS" Slouniki="yes">чый-нічы*й</Form>
        <Form Tag="MIS" Slouniki="yes">чыім-нічыі*м</Form>
        <Form Tag="MLS" Slouniki="yes">чыім-нічыі*м</Form>
        <Form Tag="FNS">чыя-нічыя*</Form>
        <Form Tag="FGS">чыёй-нічыёй</Form>
        <Form Tag="FDS">чыёй-нічыёй</Form>
        <Form Tag="FAS">чыю-нічыю*</Form>
        <Form Tag="FIS">чыёй-нічыёй</Form>
        <Form Tag="FIS">чыёю-нічыёю</Form>
        <Form Tag="FLS">чыёй-нічыёй</Form>
        <Form Tag="NNS">чыё-нічыё</Form>
        <Form Tag="NGS">чыйго-нічыйго*</Form>
        <Form Tag="NDS">чыйму-нічыйму*</Form>
        <Form Tag="NAS">чыё-нічыё</Form>
        <Form Tag="NIS">чыім-нічыі*м</Form>
        <Form Tag="NLS">чыім-нічыі*м</Form>
        <Form Tag="0NP" Slouniki="yes">чые*-нічые*</Form>
        <Form Tag="0GP" Slouniki="yes">чыі*х-нічыі*х</Form>
        <Form Tag="0DP" Slouniki="yes">чыі*м-нічыі*м</Form>
        <Form Tag="0AP" Slouniki="yes">чыі*х-нічыі*х</Form>
        <Form Tag="0AP" Slouniki="yes">чые*-нічые*</Form>
        <Form Tag="0IP" Slouniki="yes">чыі*мі-нічыі*мі</Form>
        <Form Tag="0LP" Slouniki="yes">чыі*х-нічыі*х</Form>
    </Paradigm>
    <Paradigm pdgId="1127856" Lemma="чыйсь" Tag="S">
        <Form Tag="FNS" Slouniki="yes">чыя*сь</Form>
        <Form Tag="FGS" Slouniki="yes">чыёйсь</Form>
        <Form Tag="FDS" Slouniki="yes">чыёйсь</Form>
        <Form Tag="FAS" Slouniki="yes">чыю*сь</Form>
        <Form Tag="FIS" Slouniki="yes">чыёйсь</Form>
        <Form Tag="FLS" Slouniki="yes">чыёйсь</Form>
    </Paradigm>
    <Paradigm pdgId="1127855" Lemma="чы*йсьці" Tag="S">
        <Form Tag="MNS" Slouniki="yes">чы*йсьці</Form>
        <Form Tag="MGS" Slouniki="yes">чыйго*сьці</Form>
        <Form Tag="MDS" Slouniki="yes">чыйму*сьці</Form>
        <Form Tag="MAS" Slouniki="yes">чыйго*сьці</Form>
        <Form Tag="MAS" Slouniki="yes">чы*йсьці</Form>
        <Form Tag="MIS" Slouniki="yes">чыі*мсьці</Form>
        <Form Tag="MLS" Slouniki="yes">чыі*мсьці</Form>
        <Form Tag="FNS" Slouniki="yes">чыя*сьці</Form>
        <Form Tag="FGS" Slouniki="yes">чыёйсьці</Form>
        <Form Tag="FDS" Slouniki="yes">чыёйсьці</Form>
        <Form Tag="FAS" Slouniki="yes">чыю*сьці</Form>
        <Form Tag="FIS" Slouniki="yes">чыёйсьці</Form>
        <Form Tag="FLS" Slouniki="yes">чыёйсьці</Form>
        <Form Tag="NNS" Slouniki="yes">чыёсьці</Form>
        <Form Tag="NGS" Slouniki="yes">чыйго*сьці</Form>
        <Form Tag="NDS" Slouniki="yes">чыйму*сьці</Form>
        <Form Tag="NIS" Slouniki="yes">чыі*мсьці</Form>
        <Form Tag="NLS" Slouniki="yes">чыі*мсьці</Form>
    </Paradigm>
    <Paradigm pdgId="1127827" Lemma="што" Tag="S">
        <Form Tag="0NS" Slouniki="yes">што</Form>
        <Form Tag="0GS" Slouniki="yes">чаго*</Form>
        <Form Tag="0DS" Slouniki="yes">чаму*</Form>
        <Form Tag="0AS" Slouniki="yes">што</Form>
        <Form Tag="0IS" Slouniki="yes">чым</Form>
        <Form Tag="0LS" Slouniki="yes">чым</Form>
    </Paradigm>
    <Paradigm pdgId="1127621" Lemma="што-ко*лечы" Tag="S">
        <Form Tag="0NS" Slouniki="yes">што-ко*лечы</Form>
    </Paradigm>
    <Paradigm pdgId="1127826" Lemma="што-не*будзь" Tag="S">
        <Form Tag="0NS" Slouniki="yes">што-не*будзь</Form>
        <Form Tag="0GS" Slouniki="yes">чаго*-не*будзь</Form>
        <Form Tag="0DS" Slouniki="yes">чаму*-не*будзь</Form>
        <Form Tag="0AS" Slouniki="yes">што-не*будзь</Form>
        <Form Tag="0IS" Slouniki="yes">чым-не*будзь</Form>
        <Form Tag="0LS" Slouniki="yes">чым-не*будзь</Form>
    </Paradigm>
    <Paradigm pdgId="1127828" Lemma="што-нішто*" Tag="S">
        <Form Tag="0NS" Slouniki="yes">што-нішто*</Form>
        <Form Tag="0GS">чаго*-нічаго*</Form>
        <Form Tag="0DS">чаму*-нічаму*</Form>
        <Form Tag="0AS">што-нішто*</Form>
        <Form Tag="0IS">чым-нічы*м</Form>
        <Form Tag="0LS">чым-нічы*м</Form>
    </Paradigm>
    <Paradigm pdgId="1127829" Lemma="штось" Tag="S">
        <Form Tag="MNS" Slouniki="yes">штось</Form>
        <Form Tag="MGS" Slouniki="yes">чаго*сь</Form>
        <Form Tag="MDS" Slouniki="yes">чаму*сь</Form>
        <Form Tag="MAS" Slouniki="yes">штось</Form>
        <Form Tag="MIS" Slouniki="yes">чымсь</Form>
        <Form Tag="MLS" Slouniki="yes">чымсь</Form>
    </Paradigm>
    <Paradigm pdgId="1127830" Lemma="што*сьці" Tag="S">
        <Form Tag="0NS" Slouniki="yes">што*сьці</Form>
        <Form Tag="0GS" Slouniki="yes">чаго*сьці</Form>
        <Form Tag="0DS" Slouniki="yes">чаму*сьці</Form>
        <Form Tag="0AS">што*сьці</Form>
        <Form Tag="0IS" Slouniki="yes">чы*мсьці</Form>
        <Form Tag="0LS" Slouniki="yes">чы*мсьці</Form>
    </Paradigm>
    <Paradigm pdgId="1127807" Lemma="я" Tag="S">
        <Form Tag="0NS" Slouniki="yes">я</Form>
        <Form Tag="0GS" Slouniki="yes">мяне*</Form>
        <Form Tag="0DS" Slouniki="yes">мне</Form>
        <Form Tag="0AS" Slouniki="yes">мяне*</Form>
        <Form Tag="0IS" Slouniki="yes">мной</Form>
        <Form Tag="0IS" Slouniki="yes">мно*ю</Form>
        <Form Tag="0LS" Slouniki="yes">мне</Form>
    </Paradigm>
    <Paradigm pdgId="1145616" Lemma="яго*ны" Tag="S">
        <Form Tag="MNS" Slouniki="yes">яго*ны</Form>
        <Form Tag="MGS" Slouniki="yes">яго*нага</Form>
        <Form Tag="MDS" Slouniki="yes">яго*наму</Form>
        <Form Tag="MAS" Slouniki="yes">яго*нага</Form>
        <Form Tag="MAS" Slouniki="yes">яго*ны</Form>
        <Form Tag="MIS" Slouniki="yes">яго*ным</Form>
        <Form Tag="MLS" Slouniki="yes">яго*ным</Form>
        <Form Tag="NGS" Slouniki="yes">яго*нага</Form>
        <Form Tag="NDS" Slouniki="yes">яго*наму</Form>
        <Form Tag="NIS" Slouniki="yes">яго*ным</Form>
        <Form Tag="NLS" Slouniki="yes">яго*ным</Form>
    </Paradigm>
    <Paradigm pdgId="1127858" Lemma="які*" Tag="S">
        <Form Tag="MNS" Slouniki="yes">які*</Form>
        <Form Tag="MGS" Slouniki="yes">яко*га</Form>
        <Form Tag="MDS" Slouniki="yes">яко*му</Form>
        <Form Tag="MAS" Slouniki="yes">яко*га</Form>
        <Form Tag="MAS" Slouniki="yes">які*</Form>
        <Form Tag="MIS" Slouniki="yes">які*м</Form>
        <Form Tag="MLS" Slouniki="yes">які*м</Form>
        <Form Tag="FNS" Slouniki="yes">яка*я</Form>
        <Form Tag="FGS" Slouniki="yes">яко*й</Form>
        <Form Tag="FGS" Slouniki="yes">яко*е</Form>
        <Form Tag="FDS" Slouniki="yes">яко*й</Form>
        <Form Tag="FAS" Slouniki="yes">яку*ю</Form>
        <Form Tag="FIS" Slouniki="yes">яко*й</Form>
        <Form Tag="FIS" Slouniki="yes">яко*ю</Form>
        <Form Tag="FLS" Slouniki="yes">яко*й</Form>
        <Form Tag="NNS" Slouniki="yes">яко*е</Form>
        <Form Tag="NGS" Slouniki="yes">яко*га</Form>
        <Form Tag="NDS" Slouniki="yes">яко*му</Form>
        <Form Tag="NAS" Slouniki="yes">яко*е</Form>
        <Form Tag="NIS" Slouniki="yes">які*м</Form>
        <Form Tag="NLS" Slouniki="yes">які*м</Form>
        <Form Tag="0NP" Slouniki="yes">які*я</Form>
        <Form Tag="0GP" Slouniki="yes">які*х</Form>
        <Form Tag="0DP" Slouniki="yes">які*м</Form>
        <Form Tag="0AP" Slouniki="yes">які*х</Form>
        <Form Tag="0AP" Slouniki="yes">які*я</Form>
        <Form Tag="0IP" Slouniki="yes">які*мі</Form>
        <Form Tag="0LP" Slouniki="yes">які*х</Form>
    </Paradigm>
    <Paradigm pdgId="1127860" Lemma="які*-не*будзь" Tag="S">
        <Form Tag="MGS" Slouniki="yes">яко*га-не*будзь</Form>
        <Form Tag="MDS" Slouniki="yes">яко*му-не*будзь</Form>
        <Form Tag="MIS" Slouniki="yes">які*м-не*будзь</Form>
        <Form Tag="MLS" Slouniki="yes">які*м-не*будзь</Form>
        <Form Tag="NGS" Slouniki="yes">яко*га-не*будзь</Form>
        <Form Tag="NDS" Slouniki="yes">яко*му-не*будзь</Form>
        <Form Tag="NIS" Slouniki="yes">які*м-не*будзь</Form>
        <Form Tag="NLS" Slouniki="yes">які*м-не*будзь</Form>
    </Paradigm>
    <Paradigm pdgId="1127859" Lemma="які*-ніякі*" Tag="S">
        <Form Tag="MNS" Slouniki="yes">які*-ніякі*</Form>
        <Form Tag="MGS" Slouniki="yes">яко*га-ніяко*га</Form>
        <Form Tag="MDS" Slouniki="yes">яко*му-ніяко*му</Form>
        <Form Tag="MAS" Slouniki="yes">яко*га-ніяко*га</Form>
        <Form Tag="MAS" Slouniki="yes">які*-ніякі*</Form>
        <Form Tag="MIS" Slouniki="yes">які*м-ніякі*м</Form>
        <Form Tag="MLS" Slouniki="yes">які*м-ніякі*м</Form>
        <Form Tag="NDS" Slouniki="yes">яко*му-ніяко*му</Form>
        <Form Tag="NIS" Slouniki="yes">які*м-ніякі*м</Form>
        <Form Tag="NLS" Slouniki="yes">які*м-ніякі*м</Form>
    </Paradigm>
    <Paradigm pdgId="1127862" Lemma="які*сьці" Tag="S">
        <Form Tag="MNS" Slouniki="yes">які*сьці</Form>
        <Form Tag="MGS" Slouniki="yes">яко*гасьці</Form>
        <Form Tag="MDS" Slouniki="yes">яко*мусьці</Form>
        <Form Tag="MAS" Slouniki="yes">яко*гасьці</Form>
        <Form Tag="MAS" Slouniki="yes">які*сьці</Form>
        <Form Tag="MIS" Slouniki="yes">які*мсьці</Form>
        <Form Tag="MLS" Slouniki="yes">які*мсьці</Form>
        <Form Tag="NGS" Slouniki="yes">яко*гасьці</Form>
        <Form Tag="NDS" Slouniki="yes">яко*мусьці</Form>
        <Form Tag="NIS" Slouniki="yes">які*мсьці</Form>
        <Form Tag="NLS" Slouniki="yes">які*мсьці</Form>
    </Paradigm>
</Wordlist>
