<?xml version="1.0" encoding="UTF-8" standalone="yes"?>
<Wordlist>
    <Paradigm pdgId="1138966" Lemma="aніхто´" Tag="SANX">
        <Form Tag="MNS" Slouniki="prym2009" pravapis="A1957">aніхто´</Form>
        <Form Tag="MGS" Slouniki="prym2009" pravapis="A1957">aніко´га</Form>
        <Form Tag="MDS" Slouniki="prym2009" pravapis="A1957">aніко´му</Form>
        <Form Tag="MAS" Slouniki="prym2009" pravapis="A1957">аніко´га</Form>
        <Form Tag="MIS" Slouniki="prym2009" pravapis="A1957">анікі´м</Form>
        <Form Tag="MLS" Slouniki="prym2009" pravapis="A1957">анікі´м</Form>
        <Form Tag="MLS" Slouniki="TSBM" pravapis="A1957">ані аб кім</Form>
    </Paradigm>
    <Paradigm pdgId="1127824" Lemma="абы-хто´" Tag="SAFX">
        <Form Tag="MNS" Slouniki="prym2009" pravapis="A1957">абы-хто´</Form>
        <Form Tag="MGS" Slouniki="prym2009" pravapis="A1957">абы-каго´</Form>
        <Form Tag="MDS" Slouniki="prym2009" pravapis="A1957">абы-каму´</Form>
        <Form Tag="MAS" Slouniki="prym2009" pravapis="A1957">абы-каго´</Form>
        <Form Tag="MIS" Slouniki="prym2009" pravapis="A1957">абы-кі´м</Form>
        <Form Tag="MLS" Slouniki="prym2009" pravapis="A1957">абы-кі´м</Form>
    </Paradigm>
    <Paradigm pdgId="1127854" Lemma="абы-чы´й" Tag="SAFX">
        <Form Tag="MNS" Slouniki="prym2009" pravapis="A1957">абы-чы´й</Form>
        <Form Tag="MGS" Slouniki="prym2009" pravapis="A1957">абы-чыйго´</Form>
        <Form Tag="MDS" Slouniki="prym2009" pravapis="A1957">абы-чыйму´</Form>
        <Form Tag="MAS" Slouniki="prym2009" pravapis="A1957">абы-чыйго´</Form>
        <Form Tag="MAS" Slouniki="prym2009" pravapis="A1957">абы-чы´й</Form>
        <Form Tag="MIS" Slouniki="prym2009" pravapis="A1957">абы-чыі´м</Form>
        <Form Tag="MLS" Slouniki="prym2009" pravapis="A1957">абы-чыі´м</Form>
        <Form Tag="FNS" Slouniki="prym2009" pravapis="A1957">абы-чыя´</Form>
        <Form Tag="FGS" Slouniki="prym2009" pravapis="A1957">абы-чыёй</Form>
        <Form Tag="FDS" Slouniki="prym2009" pravapis="A1957">абы-чыёй</Form>
        <Form Tag="FAS" Slouniki="prym2009" pravapis="A1957">абы-чыю´</Form>
        <Form Tag="FIS" Slouniki="prym2009" pravapis="A1957">абы-чыёй</Form>
        <Form Tag="FIS" Slouniki="prym2009" pravapis="A1957">абы-чыёю</Form>
        <Form Tag="FLS" Slouniki="prym2009" pravapis="A1957">абы-чыёй</Form>
        <Form Tag="NNS" Slouniki="prym2009" pravapis="A1957">абы-чыё</Form>
        <Form Tag="NGS" Slouniki="prym2009" pravapis="A1957">абы-чыйго´</Form>
        <Form Tag="NDS" Slouniki="prym2009" pravapis="A1957">абы-чыйму´</Form>
        <Form Tag="NAS" Slouniki="prym2009" pravapis="A1957">абы-чыё</Form>
        <Form Tag="NIS" Slouniki="prym2009" pravapis="A1957">абы-чыі´м</Form>
        <Form Tag="NLS" Slouniki="prym2009" pravapis="A1957">абы-чыі´м</Form>
        <Form Tag="XNP" Slouniki="prym2009" pravapis="A1957">абы-чые´</Form>
        <Form Tag="XGP" Slouniki="prym2009" pravapis="A1957">абы-чыі´х</Form>
        <Form Tag="XDP" Slouniki="prym2009" pravapis="A1957">абы-чыі´м</Form>
        <Form Tag="XAP" Slouniki="prym2009" pravapis="A1957">абы-чыі´х</Form>
        <Form Tag="XAP" Slouniki="prym2009" pravapis="A1957">абы-чые´</Form>
        <Form Tag="XIP" Slouniki="prym2009" pravapis="A1957">абы-чыі´мі</Form>
        <Form Tag="XLP" Slouniki="prym2009" pravapis="A1957">абы-чыі´х</Form>
    </Paradigm>
    <Paradigm pdgId="1127825" Lemma="абы-што´" Tag="SAFX">
        <Form Tag="MNS" Slouniki="prym2009" pravapis="A1957">абы-што´</Form>
        <Form Tag="MGS" Slouniki="prym2009" pravapis="A1957">абы-чаго´</Form>
        <Form Tag="MDS" Slouniki="prym2009" pravapis="A1957">абы-чаму´</Form>
        <Form Tag="MAS" Slouniki="prym2009" pravapis="A1957">абы-што´</Form>
        <Form Tag="MIS" Slouniki="prym2009" pravapis="A1957">абы-чы´м</Form>
        <Form Tag="MLS" Slouniki="prym2009" pravapis="A1957">абы-чы´м</Form>
    </Paradigm>
    <Paradigm pdgId="1127861" Lemma="абы-які´" Tag="SAFX">
        <Form Tag="MNS" Slouniki="prym2009" pravapis="A1957">абы-які´</Form>
        <Form Tag="MGS" Slouniki="prym2009" pravapis="A1957">абы-яко´га</Form>
        <Form Tag="MDS" Slouniki="prym2009" pravapis="A1957">абы-яко´му</Form>
        <Form Tag="MAS" Slouniki="prym2009" pravapis="A1957">абы-яко´га</Form>
        <Form Tag="MAS" Slouniki="prym2009" pravapis="A1957">абы-які´</Form>
        <Form Tag="MIS" Slouniki="prym2009" pravapis="A1957">абы-які´м</Form>
        <Form Tag="MLS" Slouniki="prym2009" pravapis="A1957">абы-які´м</Form>
        <Form Tag="FNS" Slouniki="prym2009" pravapis="A1957">абы-яка´я</Form>
        <Form Tag="FGS" Slouniki="prym2009" pravapis="A1957">абы-яко´й</Form>
        <Form Tag="FGS" Slouniki="prym2009" pravapis="A1957">абы-яко´е</Form>
        <Form Tag="FDS" Slouniki="prym2009" pravapis="A1957">абы-яко´й</Form>
        <Form Tag="FAS" Slouniki="prym2009" pravapis="A1957">абы-яку´ю</Form>
        <Form Tag="FIS" Slouniki="prym2009" pravapis="A1957">абы-яко´й</Form>
        <Form Tag="FIS" Slouniki="prym2009" pravapis="A1957">абы-яко´ю</Form>
        <Form Tag="FLS" Slouniki="prym2009" pravapis="A1957">абы-яко´й</Form>
        <Form Tag="NNS" Slouniki="prym2009" pravapis="A1957">абы-яко´е</Form>
        <Form Tag="NGS" Slouniki="prym2009" pravapis="A1957">абы-яко´га</Form>
        <Form Tag="NDS" Slouniki="prym2009" pravapis="A1957">абы-яко´му</Form>
        <Form Tag="NAS" Slouniki="prym2009" pravapis="A1957">абы-яко´е</Form>
        <Form Tag="NIS" Slouniki="prym2009" pravapis="A1957">абы-які´м</Form>
        <Form Tag="NLS" Slouniki="prym2009" pravapis="A1957">абы-які´м</Form>
        <Form Tag="XNP" Slouniki="prym2009" pravapis="A1957">абы-які´я</Form>
        <Form Tag="XGP" Slouniki="prym2009" pravapis="A1957">абы-які´х</Form>
        <Form Tag="XDP" Slouniki="prym2009" pravapis="A1957">абы-які´м</Form>
        <Form Tag="XAP" Slouniki="prym2009" pravapis="A1957">абы-які´х</Form>
        <Form Tag="XAP" Slouniki="prym2009" pravapis="A1957">абы-які´я</Form>
        <Form Tag="XIP" Slouniki="prym2009" pravapis="A1957">абы-які´мі</Form>
        <Form Tag="XLP" Slouniki="prym2009" pravapis="A1957">абы-які´х</Form>
    </Paradigm>
    <Paradigm pdgId="1138967" Lemma="анішто´" Tag="SANX">
        <Form Tag="MNS" Slouniki="prym2009" pravapis="A1957">анішто´</Form>
        <Form Tag="MGS" Slouniki="prym2009" pravapis="A1957">анічо´га</Form>
        <Form Tag="MDS" Slouniki="prym2009" pravapis="A1957">анічо´му</Form>
        <Form Tag="MAS" Slouniki="prym2009" pravapis="A1957">анішто´</Form>
        <Form Tag="MIS" Slouniki="prym2009" pravapis="A1957">анічы´м</Form>
        <Form Tag="MLS" Slouniki="prym2009" pravapis="A1957">анічы´м</Form>
        <Form Tag="MLS" Slouniki="TSBM" pravapis="A1957">ані аб чым</Form>
    </Paradigm>
    <Paradigm pdgId="1127816" Lemma="анія´кі" Tag="SANX">
        <Form Tag="MNS" Slouniki="prym2009" pravapis="A1957">анія´кі</Form>
        <Form Tag="MGS" Slouniki="prym2009" pravapis="A1957">анія´кага</Form>
        <Form Tag="MDS" Slouniki="prym2009" pravapis="A1957">анія´каму</Form>
        <Form Tag="MAS" Slouniki="prym2009" pravapis="A1957">анія´кага</Form>
        <Form Tag="MAS" Slouniki="prym2009" pravapis="A1957">анія´кі</Form>
        <Form Tag="MIS" Slouniki="prym2009" pravapis="A1957">анія´кім</Form>
        <Form Tag="MLS" Slouniki="prym2009" pravapis="A1957">анія´кім</Form>
        <Form Tag="FNS" Slouniki="prym2009" pravapis="A1957">анія´кая</Form>
        <Form Tag="FGS" Slouniki="prym2009" pravapis="A1957">анія´кай</Form>
        <Form Tag="FGS" Slouniki="prym2009" pravapis="A1957">анія´кае</Form>
        <Form Tag="FDS" Slouniki="prym2009" pravapis="A1957">анія´кай</Form>
        <Form Tag="FAS" Slouniki="prym2009" pravapis="A1957">анія´кую</Form>
        <Form Tag="FIS" Slouniki="prym2009" pravapis="A1957">анія´кай</Form>
        <Form Tag="FIS" Slouniki="prym2009" pravapis="A1957">анія´каю</Form>
        <Form Tag="FLS" Slouniki="prym2009" pravapis="A1957">анія´кай</Form>
        <Form Tag="NNS" Slouniki="prym2009" pravapis="A1957">анія´кае</Form>
        <Form Tag="NGS" Slouniki="prym2009" pravapis="A1957">анія´кага</Form>
        <Form Tag="NDS" Slouniki="prym2009" pravapis="A1957">анія´каму</Form>
        <Form Tag="NAS" Slouniki="prym2009" pravapis="A1957">анія´кае</Form>
        <Form Tag="NIS" Slouniki="prym2009" pravapis="A1957">анія´кім</Form>
        <Form Tag="NLS" Slouniki="prym2009" pravapis="A1957">анія´кім</Form>
        <Form Tag="XNP" Slouniki="prym2009" pravapis="A1957">анія´кія</Form>
        <Form Tag="XGP" Slouniki="prym2009" pravapis="A1957">анія´кіх</Form>
        <Form Tag="XDP" Slouniki="prym2009" pravapis="A1957">анія´кім</Form>
        <Form Tag="XAP" Slouniki="prym2009" pravapis="A1957">анія´кіх</Form>
        <Form Tag="XAP" Slouniki="prym2009" pravapis="A1957">анія´кія</Form>
        <Form Tag="XIP" Slouniki="prym2009" pravapis="A1957">анія´кімі</Form>
        <Form Tag="XLP" Slouniki="prym2009" pravapis="A1957">анія´кіх</Form>
    </Paradigm>
    <Paradigm pdgId="1127812" Lemma="ваш" Tag="SASX">
        <Form Tag="MNS" Slouniki="prym2009" pravapis="A1957">ваш</Form>
        <Form Tag="MGS" Slouniki="prym2009" pravapis="A1957">ва´шага</Form>
        <Form Tag="MDS" Slouniki="prym2009" pravapis="A1957">ва´шаму</Form>
        <Form Tag="MAS" Slouniki="prym2009" pravapis="A1957">ва´шага</Form>
        <Form Tag="MAS" Slouniki="prym2009" pravapis="A1957">ваш</Form>
        <Form Tag="MIS" Slouniki="prym2009" pravapis="A1957">ва´шым</Form>
        <Form Tag="MLS" Slouniki="prym2009" pravapis="A1957">ва´шым</Form>
        <Form Tag="FNS" Slouniki="prym2009" pravapis="A1957">ва´ша</Form>
        <Form Tag="FGS" Slouniki="prym2009" pravapis="A1957">ва´шай</Form>
        <Form Tag="FGS" Slouniki="prym2009" pravapis="A1957">ва´шае</Form>
        <Form Tag="FDS" Slouniki="prym2009" pravapis="A1957">ва´шай</Form>
        <Form Tag="FAS" Slouniki="prym2009" pravapis="A1957">ва´шу</Form>
        <Form Tag="FIS" Slouniki="prym2009" pravapis="A1957">ва´шай</Form>
        <Form Tag="NNS" Slouniki="prym2009" pravapis="A1957">ва´ша</Form>
        <Form Tag="NGS" Slouniki="prym2009" pravapis="A1957">ва´шага</Form>
        <Form Tag="NDS" Slouniki="prym2009" pravapis="A1957">ва´шаму</Form>
        <Form Tag="NAS" Slouniki="prym2009" pravapis="A1957">ва´ша</Form>
        <Form Tag="NIS" Slouniki="prym2009" pravapis="A1957">ва´шым</Form>
        <Form Tag="NLS" Slouniki="prym2009" pravapis="A1957">ва´шым</Form>
        <Form Tag="XNP" Slouniki="prym2009" pravapis="A1957">ва´шы</Form>
        <Form Tag="XGP" Slouniki="prym2009" pravapis="A1957">ва´шых</Form>
        <Form Tag="XDP" Slouniki="prym2009" pravapis="A1957">ва´шым</Form>
        <Form Tag="XAP" Slouniki="prym2009" pravapis="A1957">ва´шых</Form>
        <Form Tag="XAP" Slouniki="prym2009" pravapis="A1957">ва´шы</Form>
        <Form Tag="XIP" Slouniki="prym2009" pravapis="A1957">ва´шымі</Form>
        <Form Tag="XLP" Slouniki="prym2009" pravapis="A1957">ва´шых</Form>
    </Paradigm>
    <Paradigm pdgId="1160154" Lemma="вы" Tag="SNP2">
        <Form Tag="XNP" Slouniki="prym2009" pravapis="A1957">вы</Form>
        <Form Tag="XGP" Slouniki="prym2009" pravapis="A1957">вас</Form>
        <Form Tag="XDP" Slouniki="prym2009" pravapis="A1957">вам</Form>
        <Form Tag="XAP" Slouniki="prym2009" pravapis="A1957">вас</Form>
        <Form Tag="XIP" Slouniki="prym2009" pravapis="A1957">ва´мі</Form>
        <Form Tag="XLP" Slouniki="prym2009" pravapis="A1957">вас</Form>
    </Paradigm>
    <Paradigm pdgId="1127813" Lemma="гэ´ны" Tag="SADX">
        <Form Tag="MNS" Slouniki="prym2009" pravapis="A1957">гэ´ны</Form>
        <Form Tag="MGS" Slouniki="prym2009" pravapis="A1957">гэ´нага</Form>
        <Form Tag="MDS" Slouniki="prym2009" pravapis="A1957">гэ´наму</Form>
        <Form Tag="MAS" Slouniki="prym2009" pravapis="A1957">гэ´нага</Form>
        <Form Tag="MAS" Slouniki="prym2009" pravapis="A1957">гэ´ны</Form>
        <Form Tag="MIS" Slouniki="prym2009" pravapis="A1957">гэ´ным</Form>
        <Form Tag="MLS" Slouniki="prym2009" pravapis="A1957">гэ´ным</Form>
        <Form Tag="FNS" Slouniki="prym2009" pravapis="A1957">гэ´ная</Form>
        <Form Tag="FGS" Slouniki="prym2009" pravapis="A1957">гэ´най</Form>
        <Form Tag="FGS" Slouniki="prym2009" pravapis="A1957">гэ´нае</Form>
        <Form Tag="FDS" Slouniki="prym2009" pravapis="A1957">гэ´най</Form>
        <Form Tag="FAS" Slouniki="prym2009" pravapis="A1957">гэ´ную</Form>
        <Form Tag="FIS" Slouniki="prym2009" pravapis="A1957">гэ´най</Form>
        <Form Tag="FIS" Slouniki="prym2009" pravapis="A1957">гэ´наю</Form>
        <Form Tag="FLS" Slouniki="prym2009" pravapis="A1957">гэ´най</Form>
        <Form Tag="NNS" Slouniki="prym2009" pravapis="A1957">гэ´нае</Form>
        <Form Tag="NGS" Slouniki="prym2009" pravapis="A1957">гэ´нага</Form>
        <Form Tag="NDS" Slouniki="prym2009" pravapis="A1957">гэ´наму</Form>
        <Form Tag="NAS" Slouniki="prym2009" pravapis="A1957">гэ´нае</Form>
        <Form Tag="NIS" Slouniki="prym2009" pravapis="A1957">гэ´ным</Form>
        <Form Tag="NLS" Slouniki="prym2009" pravapis="A1957">гэ´ным</Form>
    </Paradigm>
    <Paradigm pdgId="1127814" Lemma="гэ´такі" Tag="SADX">
        <Form Tag="MNS" Slouniki="prym2009" pravapis="A1957">гэ´такі</Form>
        <Form Tag="MGS" Slouniki="prym2009" pravapis="A1957">гэ´такага</Form>
        <Form Tag="MDS" Slouniki="prym2009" pravapis="A1957">гэ´такаму</Form>
        <Form Tag="MAS" Slouniki="prym2009" pravapis="A1957">гэ´такага</Form>
        <Form Tag="MAS" Slouniki="prym2009" pravapis="A1957">гэ´такі</Form>
        <Form Tag="MIS" Slouniki="prym2009" pravapis="A1957">гэ´такім</Form>
        <Form Tag="MLS" Slouniki="prym2009" pravapis="A1957">гэ´такім</Form>
        <Form Tag="FNS" Slouniki="prym2009" pravapis="A1957">гэ´такая</Form>
        <Form Tag="FGS" Slouniki="prym2009" pravapis="A1957">гэ´такай</Form>
        <Form Tag="FGS" Slouniki="prym2009" pravapis="A1957">гэ´такае</Form>
        <Form Tag="FDS" Slouniki="prym2009" pravapis="A1957">гэ´такай</Form>
        <Form Tag="FAS" Slouniki="prym2009" pravapis="A1957">гэ´такую</Form>
        <Form Tag="FIS" Slouniki="prym2009" pravapis="A1957">гэ´такай</Form>
        <Form Tag="FIS" Slouniki="prym2009" pravapis="A1957">гэ´такаю</Form>
        <Form Tag="FLS" Slouniki="prym2009" pravapis="A1957">гэ´такай</Form>
        <Form Tag="XNP" Slouniki="prym2009" pravapis="A1957">гэ´такія</Form>
        <Form Tag="XGP" Slouniki="prym2009" pravapis="A1957">гэ´такіх</Form>
        <Form Tag="XDP" Slouniki="prym2009" pravapis="A1957">гэ´такім</Form>
        <Form Tag="XAP" Slouniki="prym2009" pravapis="A1957">гэ´такіх</Form>
        <Form Tag="XAP" Slouniki="prym2009" pravapis="A1957">гэ´такія</Form>
        <Form Tag="XIP" Slouniki="prym2009" pravapis="A1957">гэ´такімі</Form>
        <Form Tag="XLP" Slouniki="prym2009" pravapis="A1957">гэ´такіх</Form>
    </Paradigm>
    <Paradigm pdgId="1127867" Lemma="гэ´тулькі" Tag="SADX">
        <Form Tag="XNP" Slouniki="prym2009" pravapis="A1957">гэ´тулькі</Form>
        <Form Tag="XGP" Slouniki="prym2009" pravapis="A1957">гэ´тулькіх</Form>
        <Form Tag="XDP" Slouniki="prym2009" pravapis="A1957">гэ´тулькім</Form>
        <Form Tag="XAP" Slouniki="prym2009" pravapis="A1957">гэ´тулькіх</Form>
        <Form Tag="XAP" Slouniki="prym2009" pravapis="A1957">гэ´тулькі</Form>
        <Form Tag="XIP" Slouniki="prym2009" pravapis="A1957">гэ´тулькімі</Form>
        <Form Tag="XLP" Slouniki="prym2009" pravapis="A1957">гэ´тулькіх</Form>
    </Paradigm>
    <Paradigm pdgId="1127810" Lemma="гэ´ты" Tag="SADX">
        <Form Tag="MNS" Slouniki="prym2009" pravapis="A1957">гэ´ты</Form>
        <Form Tag="MGS" Slouniki="prym2009" pravapis="A1957">гэ´тага</Form>
        <Form Tag="MDS" Slouniki="prym2009" pravapis="A1957">гэ´таму</Form>
        <Form Tag="MAS" Slouniki="prym2009" pravapis="A1957">гэ´ты</Form>
        <Form Tag="MAS" Slouniki="prym2009" pravapis="A1957">гэ´тага</Form>
        <Form Tag="MLS" Slouniki="prym2009" pravapis="A1957">гэ´тым</Form>
        <Form Tag="XNP" Slouniki="prym2009" pravapis="A1957">гэ´тыя</Form>
        <Form Tag="XGP" Slouniki="prym2009" pravapis="A1957">гэ´тых</Form>
        <Form Tag="XDP" Slouniki="prym2009" pravapis="A1957">гэ´тым</Form>
        <Form Tag="XAP" Slouniki="prym2009" pravapis="A1957">гэ´тыя</Form>
        <Form Tag="XAP" Slouniki="prym2009" pravapis="A1957">гэ´тых</Form>
        <Form Tag="XIP" Slouniki="prym2009" pravapis="A1957">гэ´тымі</Form>
        <Form Tag="XLP" Slouniki="prym2009" pravapis="A1957">гэ´тых</Form>
    </Paradigm>
    <Paradigm pdgId="1127912" Lemma="ён" Tag="SNP3">
        <Form Tag="MNS" Slouniki="prym2009" pravapis="A1957">ён</Form>
        <Form Tag="MGS" Slouniki="prym2009" pravapis="A1957">яго´</Form>
        <Form Tag="MDS" Slouniki="prym2009" pravapis="A1957">яму´</Form>
        <Form Tag="MAS" Slouniki="prym2009" pravapis="A1957">яго´</Form>
        <Form Tag="MIS" Slouniki="prym2009" pravapis="A1957">ім</Form>
        <Form Tag="MLS" Slouniki="prym2009" pravapis="A1957">ім</Form>
    </Paradigm>
    <Paradigm pdgId="1127850" Lemma="іна´кшы" Tag="SAEX">
        <Form Tag="MNS" Slouniki="prym2009" pravapis="A1957">іна´кшы</Form>
        <Form Tag="MGS" Slouniki="prym2009" pravapis="A1957">іна´кшага</Form>
        <Form Tag="MDS" Slouniki="prym2009" pravapis="A1957">іна´кшаму</Form>
        <Form Tag="MAS" Slouniki="prym2009" pravapis="A1957">іна´кшага</Form>
        <Form Tag="MAS" Slouniki="prym2009" pravapis="A1957">іна´кшы</Form>
        <Form Tag="MIS" Slouniki="prym2009" pravapis="A1957">іна´кшым</Form>
        <Form Tag="MLS" Slouniki="prym2009" pravapis="A1957">іна´кшым</Form>
        <Form Tag="FNS" Slouniki="prym2009" pravapis="A1957">іна´кшая</Form>
        <Form Tag="FGS" Slouniki="prym2009" pravapis="A1957">іна´кшай</Form>
        <Form Tag="FGS" Slouniki="prym2009" pravapis="A1957">іна´кшае</Form>
        <Form Tag="FDS" Slouniki="prym2009" pravapis="A1957">іна´кшай</Form>
        <Form Tag="FAS" Slouniki="prym2009" pravapis="A1957">іна´кшую</Form>
        <Form Tag="FIS" Slouniki="prym2009" pravapis="A1957">іна´кшай</Form>
        <Form Tag="FIS" Slouniki="prym2009" pravapis="A1957">іна´кшаю</Form>
        <Form Tag="FLS" Slouniki="prym2009" pravapis="A1957">іна´кшай</Form>
        <Form Tag="NNS" Slouniki="prym2009" pravapis="A1957">іна´кшае</Form>
        <Form Tag="NGS" Slouniki="prym2009" pravapis="A1957">іна´кшага</Form>
        <Form Tag="NDS" Slouniki="prym2009" pravapis="A1957">іна´кшаму</Form>
        <Form Tag="NAS" Slouniki="prym2009" pravapis="A1957">іна´кшае</Form>
        <Form Tag="NIS" Slouniki="prym2009" pravapis="A1957">іна´кшым</Form>
        <Form Tag="NLS" Slouniki="prym2009" pravapis="A1957">іна´кшым</Form>
        <Form Tag="XNP" Slouniki="prym2009" pravapis="A1957">іна´кшыя</Form>
        <Form Tag="XGP" Slouniki="prym2009" pravapis="A1957">іна´кшых</Form>
        <Form Tag="XDP" Slouniki="prym2009" pravapis="A1957">іна´кшым</Form>
        <Form Tag="XAP" Slouniki="prym2009" pravapis="A1957">іна´кшых</Form>
        <Form Tag="XAP" Slouniki="prym2009" pravapis="A1957">іна´кшыя</Form>
        <Form Tag="XIP" Slouniki="prym2009" pravapis="A1957">іна´кшымы</Form>
        <Form Tag="XLP" Slouniki="prym2009" pravapis="A1957">іна´кшых</Form>
    </Paradigm>
    <Paradigm pdgId="1127623" Lemma="і´ншы" Tag="SAEX">
        <Form Tag="MNS" Slouniki="prym2009" pravapis="A1957">і´ншы</Form>
        <Form Tag="MGS" Slouniki="prym2009" pravapis="A1957">і´ншага</Form>
        <Form Tag="MDS" Slouniki="prym2009" pravapis="A1957">і´ншаму</Form>
        <Form Tag="MAS" Slouniki="prym2009" pravapis="A1957">і´ншага</Form>
        <Form Tag="MAS" Slouniki="prym2009" pravapis="A1957">і´ншы</Form>
        <Form Tag="MIS" Slouniki="prym2009" pravapis="A1957">і´ншым</Form>
        <Form Tag="MLS" Slouniki="prym2009" pravapis="A1957">і´ншым</Form>
        <Form Tag="FNS" Slouniki="prym2009" pravapis="A1957">і´ншая</Form>
        <Form Tag="FGS" Slouniki="prym2009" pravapis="A1957">і´ншай</Form>
        <Form Tag="FGS" Slouniki="prym2009" pravapis="A1957">і´ншае</Form>
        <Form Tag="FDS" Slouniki="prym2009" pravapis="A1957">і´ншай</Form>
        <Form Tag="FAS" Slouniki="prym2009" pravapis="A1957">і´ншую</Form>
        <Form Tag="FIS" Slouniki="prym2009" pravapis="A1957">і´ншай</Form>
        <Form Tag="FIS" Slouniki="prym2009" pravapis="A1957">і´ншаю</Form>
        <Form Tag="FLS" Slouniki="prym2009" pravapis="A1957">і´ншай</Form>
        <Form Tag="NNS" Slouniki="prym2009" pravapis="A1957">і´ншае</Form>
        <Form Tag="NGS" Slouniki="prym2009" pravapis="A1957">і´ншага</Form>
        <Form Tag="NDS" Slouniki="prym2009" pravapis="A1957">і´ншаму</Form>
        <Form Tag="NAS" Slouniki="prym2009" pravapis="A1957">і´ншае</Form>
        <Form Tag="NIS" Slouniki="prym2009" pravapis="A1957">і´ншым</Form>
        <Form Tag="NLS" Slouniki="prym2009" pravapis="A1957">і´ншым</Form>
        <Form Tag="XNP" Slouniki="prym2009" pravapis="A1957">і´ншыя</Form>
        <Form Tag="XGP" Slouniki="prym2009" pravapis="A1957">і´ншых</Form>
        <Form Tag="XDP" Slouniki="prym2009" pravapis="A1957">і´ншым</Form>
        <Form Tag="XAP" Slouniki="prym2009" pravapis="A1957">і´ншых</Form>
        <Form Tag="XAP" Slouniki="prym2009" pravapis="A1957">і´ншыя</Form>
        <Form Tag="XIP" Slouniki="prym2009" pravapis="A1957">і´ншымы</Form>
        <Form Tag="XLP" Slouniki="prym2009" pravapis="A1957">і´ншых</Form>
    </Paradigm>
    <Paradigm pdgId="1127624" Lemma="і´хні" Tag="SASX">
        <Form Tag="MNS" Slouniki="prym2009" pravapis="A1957">і´хні</Form>
        <Form Tag="MGS" Slouniki="prym2009" pravapis="A1957">і´хняга</Form>
        <Form Tag="MDS" Slouniki="prym2009" pravapis="A1957">і´хняму</Form>
        <Form Tag="MAS" Slouniki="prym2009" pravapis="A1957">і´хні</Form>
        <Form Tag="MAS" Slouniki="prym2009" pravapis="A1957">і´хняга</Form>
        <Form Tag="MIS" Slouniki="prym2009" pravapis="A1957">і´хнім</Form>
        <Form Tag="MLS" Slouniki="prym2009" pravapis="A1957">і´хнім</Form>
        <Form Tag="FNS" Slouniki="prym2009" pravapis="A1957">і´хняя</Form>
        <Form Tag="FGS" Slouniki="prym2009" pravapis="A1957">і´хняй</Form>
        <Form Tag="FGS" Slouniki="prym2009" pravapis="A1957">і´хняе</Form>
        <Form Tag="FDS" Slouniki="prym2009" pravapis="A1957">і´хняй</Form>
        <Form Tag="FAS" Slouniki="prym2009" pravapis="A1957">і´хнюю</Form>
        <Form Tag="FIS" Slouniki="prym2009" pravapis="A1957">і´хняй</Form>
        <Form Tag="FIS" Slouniki="prym2009" pravapis="A1957">і´хняю</Form>
        <Form Tag="FLS" Slouniki="prym2009" pravapis="A1957">і´хняй</Form>
        <Form Tag="NNS" Slouniki="prym2009" pravapis="A1957">і´хняе</Form>
        <Form Tag="NGS" Slouniki="prym2009" pravapis="A1957">і´хняга</Form>
        <Form Tag="NDS" Slouniki="prym2009" pravapis="A1957">і´хняму</Form>
        <Form Tag="NAS" Slouniki="prym2009" pravapis="A1957">і´хняе</Form>
        <Form Tag="NIS" Slouniki="prym2009" pravapis="A1957">і´хнім</Form>
        <Form Tag="NLS" Slouniki="prym2009" pravapis="A1957">і´хнім</Form>
        <Form Tag="XNP" Slouniki="prym2009" pravapis="A1957">і´хнія</Form>
        <Form Tag="XGP" Slouniki="prym2009" pravapis="A1957">і´хніх</Form>
        <Form Tag="XDP" Slouniki="prym2009" pravapis="A1957">і´хнім</Form>
        <Form Tag="XAP" Slouniki="prym2009" pravapis="A1957">і´хнія</Form>
        <Form Tag="XIP" Slouniki="prym2009" pravapis="A1957">і´хнімі</Form>
        <Form Tag="XLP" Slouniki="prym2009" pravapis="A1957">і´хніх</Form>
    </Paradigm>
    <Paradigm pdgId="1127626" Lemma="като´ры" Tag="SALX">
        <Form Tag="MNS" Slouniki="prym2009" pravapis="A1957">като´ры</Form>
        <Form Tag="MGS" Slouniki="prym2009" pravapis="A1957">като´рага</Form>
        <Form Tag="MDS" Slouniki="prym2009" pravapis="A1957">като´раму</Form>
        <Form Tag="MAS" Slouniki="prym2009" pravapis="A1957">като´ры</Form>
        <Form Tag="MAS" Slouniki="prym2009" pravapis="A1957">като´рага</Form>
        <Form Tag="MIS" Slouniki="prym2009" pravapis="A1957">като´рым</Form>
        <Form Tag="MLS" Slouniki="prym2009" pravapis="A1957">като´рым</Form>
        <Form Tag="FNS" Slouniki="prym2009" pravapis="A1957">като´рая</Form>
        <Form Tag="FGS" Slouniki="prym2009" pravapis="A1957">като´рай</Form>
        <Form Tag="FGS" Slouniki="prym2009" pravapis="A1957">като´рае</Form>
        <Form Tag="FDS" Slouniki="prym2009" pravapis="A1957">като´рай</Form>
        <Form Tag="FAS" Slouniki="prym2009" pravapis="A1957">като´рую</Form>
        <Form Tag="FIS" Slouniki="prym2009" pravapis="A1957">като´рай</Form>
        <Form Tag="FIS" Slouniki="prym2009" pravapis="A1957">като´раю</Form>
        <Form Tag="FLS" Slouniki="prym2009" pravapis="A1957">като´рай</Form>
        <Form Tag="NNS" Slouniki="prym2009" pravapis="A1957">като´рае</Form>
        <Form Tag="NGS" Slouniki="prym2009" pravapis="A1957">като´рага</Form>
        <Form Tag="NDS" Slouniki="prym2009" pravapis="A1957">като´раму</Form>
        <Form Tag="NAS" Slouniki="prym2009" pravapis="A1957">като´рае</Form>
        <Form Tag="NIS" Slouniki="prym2009" pravapis="A1957">като´рым</Form>
        <Form Tag="NLS" Slouniki="prym2009" pravapis="A1957">като´рым</Form>
        <Form Tag="XNP" Slouniki="prym2009" pravapis="A1957">като´рыя</Form>
        <Form Tag="XGP" Slouniki="prym2009" pravapis="A1957">като´рых</Form>
        <Form Tag="XDP" Slouniki="prym2009" pravapis="A1957">като´рым</Form>
        <Form Tag="XAP" Slouniki="prym2009" pravapis="A1957">като´рыя</Form>
        <Form Tag="XAP" Slouniki="prym2009" pravapis="A1957">като´рых</Form>
        <Form Tag="XIP" Slouniki="prym2009" pravapis="A1957">като´рымі</Form>
        <Form Tag="XLP" Slouniki="prym2009" pravapis="A1957">каторых</Form>
    </Paradigm>
    <Paradigm pdgId="1138971" Lemma="като´ры-не´будзь" Tag="SAFX">
        <Form Tag="MNS" Slouniki="prym2009" pravapis="A1957">като´ры-не´будзь</Form>
        <Form Tag="MGS" Slouniki="prym2009" pravapis="A1957">като´рага-не´будзь</Form>
        <Form Tag="MDS" Slouniki="prym2009" pravapis="A1957">като´раму-не´будзь</Form>
        <Form Tag="MAS" Slouniki="prym2009" pravapis="A1957">като´ры-не´будзь</Form>
        <Form Tag="MAS" Slouniki="prym2009" pravapis="A1957">като´рага-не´будзь</Form>
        <Form Tag="MIS" Slouniki="prym2009" pravapis="A1957">като´рым-не´будзь</Form>
        <Form Tag="MLS" Slouniki="prym2009" pravapis="A1957">като´рым-не´будзь</Form>
    </Paradigm>
    <Paradigm pdgId="1127864" Lemma="ко´жны" Tag="SAEX">
        <Form Tag="MNS" Slouniki="prym2009" pravapis="A1957">ко´жны</Form>
        <Form Tag="MGS" Slouniki="prym2009" pravapis="A1957">ко´жнага</Form>
        <Form Tag="MDS" Slouniki="prym2009" pravapis="A1957">ко´жнаму</Form>
        <Form Tag="MAS" Slouniki="prym2009" pravapis="A1957">ко´жнага</Form>
        <Form Tag="MAS" Slouniki="prym2009" pravapis="A1957">ко´жны</Form>
        <Form Tag="MIS" Slouniki="prym2009" pravapis="A1957">ко´жным</Form>
        <Form Tag="MLS" Slouniki="prym2009" pravapis="A1957">ко´жным</Form>
        <Form Tag="FNS" Slouniki="prym2009" pravapis="A1957">ко´жная</Form>
        <Form Tag="FGS" Slouniki="prym2009" pravapis="A1957">ко´жнай</Form>
        <Form Tag="FGS" Slouniki="prym2009" pravapis="A1957">ко´жнае</Form>
        <Form Tag="FDS" Slouniki="prym2009" pravapis="A1957">ко´жнай</Form>
        <Form Tag="FAS" Slouniki="prym2009" pravapis="A1957">ко´жную</Form>
        <Form Tag="FIS" Slouniki="prym2009" pravapis="A1957">ко´жнай</Form>
        <Form Tag="FIS" Slouniki="prym2009" pravapis="A1957">ко´жнаю</Form>
        <Form Tag="FLS" Slouniki="prym2009" pravapis="A1957">ко´жнай</Form>
        <Form Tag="NNS" Slouniki="prym2009" pravapis="A1957">ко´жнае</Form>
        <Form Tag="NGS" Slouniki="prym2009" pravapis="A1957">ко´жнага</Form>
        <Form Tag="NDS" Slouniki="prym2009" pravapis="A1957">ко´жнаму</Form>
        <Form Tag="NAS" Slouniki="prym2009" pravapis="A1957">ко´жнае</Form>
        <Form Tag="NIS" Slouniki="prym2009" pravapis="A1957">ко´жным</Form>
        <Form Tag="NLS" Slouniki="prym2009" pravapis="A1957">ко´жным</Form>
        <Form Tag="XNP" Slouniki="prym2009" pravapis="A1957">ко´жныя</Form>
        <Form Tag="XGP" Slouniki="prym2009" pravapis="A1957">ко´жных</Form>
        <Form Tag="XDP" Slouniki="prym2009" pravapis="A1957">ко´жным</Form>
        <Form Tag="XAP" Slouniki="prym2009" pravapis="A1957">ко´жных</Form>
        <Form Tag="XAP" Slouniki="prym2009" pravapis="A1957">ко´жныя</Form>
        <Form Tag="XIP" Slouniki="prym2009" pravapis="A1957">ко´жнымі</Form>
        <Form Tag="XLP" Slouniki="prym2009" pravapis="A1957">ко´жных</Form>
    </Paradigm>
    <Paradigm pdgId="1127865" Lemma="ко´лькі" Tag="SALX">
        <Form Tag="XNP" Slouniki="prym2009" pravapis="A1957">ко´лькі</Form>
        <Form Tag="XGP" Slouniki="prym2009" pravapis="A1957">ко´лькіх</Form>
        <Form Tag="XDP" Slouniki="prym2009" pravapis="A1957">ко´лькім</Form>
        <Form Tag="XAP" Slouniki="prym2009" pravapis="A1957">ко´лькіх</Form>
        <Form Tag="XAP" Slouniki="prym2009" pravapis="A1957">ко´лькі</Form>
        <Form Tag="XIP" Slouniki="prym2009" pravapis="A1957">ко´лькімі</Form>
        <Form Tag="XLP" Slouniki="prym2009" pravapis="A1957">ко´лькіх</Form>
    </Paradigm>
    <Paradigm pdgId="1127870" Lemma="мой" Tag="SASX">
        <Form Tag="MNS" Slouniki="prym2009" pravapis="A1957">мой</Form>
        <Form Tag="MGS" Slouniki="prym2009" pravapis="A1957">майго´</Form>
        <Form Tag="MDS" Slouniki="prym2009" pravapis="A1957">майму´</Form>
        <Form Tag="MAS" Slouniki="prym2009" pravapis="A1957">майго´</Form>
        <Form Tag="MAS" Slouniki="prym2009" pravapis="A1957">мой</Form>
        <Form Tag="MIS" Slouniki="prym2009" pravapis="A1957">маі´м</Form>
        <Form Tag="MLS" Slouniki="prym2009" pravapis="A1957">маі´м</Form>
        <Form Tag="FNS" Slouniki="prym2009" pravapis="A1957">мая´</Form>
        <Form Tag="FGS" Slouniki="prym2009" pravapis="A1957">маёй</Form>
        <Form Tag="FDS" Slouniki="prym2009" pravapis="A1957">маёй</Form>
        <Form Tag="FAS" Slouniki="prym2009" pravapis="A1957">маю´</Form>
        <Form Tag="FIS" Slouniki="prym2009" pravapis="A1957">маёй</Form>
        <Form Tag="FIS" Slouniki="prym2009" pravapis="A1957">маёю</Form>
        <Form Tag="FLS" Slouniki="prym2009" pravapis="A1957">маёй</Form>
        <Form Tag="NNS" Slouniki="prym2009" pravapis="A1957">маё</Form>
        <Form Tag="NGS" Slouniki="prym2009" pravapis="A1957">майго´</Form>
        <Form Tag="NDS" Slouniki="prym2009" pravapis="A1957">майму´</Form>
        <Form Tag="NAS" Slouniki="prym2009" pravapis="A1957">маё</Form>
        <Form Tag="NIS" Slouniki="prym2009" pravapis="A1957">маі´м</Form>
        <Form Tag="NLS" Slouniki="prym2009" pravapis="A1957">маі´м</Form>
        <Form Tag="XNP" Slouniki="prym2009" pravapis="A1957">мае´</Form>
        <Form Tag="XGP" Slouniki="prym2009" pravapis="A1957">маі´х</Form>
        <Form Tag="XDP" Slouniki="prym2009" pravapis="A1957">маі´м</Form>
        <Form Tag="XAP" Slouniki="prym2009" pravapis="A1957">маі´х</Form>
        <Form Tag="XIP" Slouniki="prym2009" pravapis="A1957">маі´мі</Form>
        <Form Tag="XLP" Slouniki="prym2009" pravapis="A1957">маі´х</Form>
    </Paradigm>
    <Paradigm pdgId="1160153" Lemma="мы" Tag="SNP1">
        <Form Tag="XNP" Slouniki="prym2009" pravapis="A1957">мы</Form>
        <Form Tag="XGP" Slouniki="prym2009" pravapis="A1957">нас</Form>
        <Form Tag="XDP" Slouniki="prym2009" pravapis="A1957">нам</Form>
        <Form Tag="XAP" Slouniki="prym2009" pravapis="A1957">нас</Form>
        <Form Tag="XIP" Slouniki="prym2009" pravapis="A1957">на´мі</Form>
        <Form Tag="XLP" Slouniki="prym2009" pravapis="A1957">нас</Form>
    </Paradigm>
    <Paradigm pdgId="1127840" Lemma="наш" Tag="SASX">
        <Form Tag="MNS" Slouniki="prym2009" pravapis="A1957">наш</Form>
        <Form Tag="MGS" Slouniki="prym2009" pravapis="A1957">на´шага</Form>
        <Form Tag="MDS" Slouniki="prym2009" pravapis="A1957">на´шаму</Form>
        <Form Tag="MAS" Slouniki="prym2009" pravapis="A1957">на´шага</Form>
        <Form Tag="MAS" Slouniki="prym2009" pravapis="A1957">наш</Form>
        <Form Tag="MIS" Slouniki="prym2009" pravapis="A1957">на´шым</Form>
        <Form Tag="MLS" Slouniki="prym2009" pravapis="A1957">на´шым</Form>
        <Form Tag="FNS" Slouniki="prym2009" pravapis="A1957">на´ша</Form>
        <Form Tag="FGS" Slouniki="prym2009" pravapis="A1957">на´шай</Form>
        <Form Tag="FGS" Slouniki="prym2009" pravapis="A1957">на´шае</Form>
        <Form Tag="FDS" Slouniki="prym2009" pravapis="A1957">на´шай</Form>
        <Form Tag="FAS" Slouniki="prym2009" pravapis="A1957">на´шу</Form>
        <Form Tag="FIS" Slouniki="prym2009" pravapis="A1957">на´шай</Form>
        <Form Tag="FIS" Slouniki="prym2009" pravapis="A1957">на´шаю</Form>
        <Form Tag="FLS" Slouniki="prym2009" pravapis="A1957">на´шай</Form>
        <Form Tag="NNS" Slouniki="prym2009" pravapis="A1957">на´ша</Form>
        <Form Tag="NGS" Slouniki="prym2009" pravapis="A1957">на´шага</Form>
        <Form Tag="NDS" Slouniki="prym2009" pravapis="A1957">на´шаму</Form>
        <Form Tag="NAS" Slouniki="prym2009" pravapis="A1957">на´ша</Form>
        <Form Tag="NIS" Slouniki="prym2009" pravapis="A1957">на´шым</Form>
        <Form Tag="NLS" Slouniki="prym2009" pravapis="A1957">на´шым</Form>
        <Form Tag="XNP" Slouniki="prym2009" pravapis="A1957">на´шы</Form>
        <Form Tag="XGP" Slouniki="prym2009" pravapis="A1957">на´шых</Form>
        <Form Tag="XDP" Slouniki="prym2009" pravapis="A1957">на´шым</Form>
        <Form Tag="XAP" Slouniki="prym2009" pravapis="A1957">на´шых</Form>
        <Form Tag="XAP" Slouniki="prym2009" pravapis="A1957">на´шы</Form>
        <Form Tag="XIP" Slouniki="prym2009" pravapis="A1957">на´шымі</Form>
        <Form Tag="XLP" Slouniki="prym2009" pravapis="A1957">на´шых</Form>
    </Paradigm>
    <Paradigm pdgId="1127841" Lemma="не´йкі" Tag="SAFX">
        <Form Tag="MNS" Slouniki="prym2009" pravapis="A1957">не´йкі</Form>
        <Form Tag="MGS" Slouniki="prym2009" pravapis="A1957">не´йкага</Form>
        <Form Tag="MDS" Slouniki="prym2009" pravapis="A1957">не´йкаму</Form>
        <Form Tag="MAS" Slouniki="prym2009" pravapis="A1957">не´йкага</Form>
        <Form Tag="MAS" Slouniki="prym2009" pravapis="A1957">не´йкі</Form>
        <Form Tag="MIS" Slouniki="prym2009" pravapis="A1957">не´йкім</Form>
        <Form Tag="MLS" Slouniki="prym2009" pravapis="A1957">не´йкім</Form>
        <Form Tag="XNP" Slouniki="prym2009" pravapis="A1957">не´йкія</Form>
        <Form Tag="XGP" Slouniki="prym2009" pravapis="A1957">не´йкіх</Form>
        <Form Tag="XDP" Slouniki="prym2009" pravapis="A1957">не´йкім</Form>
        <Form Tag="XAP" Slouniki="prym2009" pravapis="A1957">не´йкіх</Form>
        <Form Tag="XAP" Slouniki="prym2009" pravapis="A1957">не´йкія</Form>
        <Form Tag="XIP" Slouniki="prym2009" pravapis="A1957">не´йкімі</Form>
        <Form Tag="XLP" Slouniki="prym2009" pravapis="A1957">не´йкіх</Form>
    </Paradigm>
    <Paradigm pdgId="1138964" Lemma="не´йчы" Tag="SAFX">
        <Form Tag="MNS" Slouniki="prym2009" pravapis="A1957">не´йчы</Form>
        <Form Tag="MGS" Slouniki="prym2009" pravapis="A1957">не´йчага</Form>
        <Form Tag="MDS" Slouniki="prym2009" pravapis="A1957">не´йчаму</Form>
        <Form Tag="MAS" Slouniki="prym2009" pravapis="A1957">не´йчага</Form>
        <Form Tag="MAS" Slouniki="prym2009" pravapis="A1957">не´йчы</Form>
        <Form Tag="MIS" Slouniki="prym2009" pravapis="A1957">не´йчым</Form>
        <Form Tag="MLS" Slouniki="prym2009" pravapis="A1957">не´йчым</Form>
    </Paradigm>
    <Paradigm pdgId="1127842" Lemma="не´калькі" Tag="SAFX">
        <Form Tag="XNP" Slouniki="prym2009" pravapis="A1957">не´калькі</Form>
        <Form Tag="XGP" Slouniki="prym2009" pravapis="A1957">не´калькіх</Form>
        <Form Tag="XDP" Slouniki="prym2009" pravapis="A1957">не´калькім</Form>
        <Form Tag="XAP" Slouniki="prym2009" pravapis="A1957">не´калькіх</Form>
        <Form Tag="XAP" Slouniki="prym2009" pravapis="A1957">не´калькі</Form>
        <Form Tag="XIP" Slouniki="prym2009" pravapis="A1957">не´калькімі</Form>
        <Form Tag="XLP" Slouniki="prym2009" pravapis="A1957">не´калькіх</Form>
    </Paradigm>
    <Paradigm pdgId="1127629" Lemma="некато´ры" Tag="SAFX">
        <Form Tag="MNS" Slouniki="prym2009" pravapis="A1957">некато´ры</Form>
        <Form Tag="MGS" Slouniki="prym2009" pravapis="A1957">некато´рага</Form>
        <Form Tag="MDS" Slouniki="prym2009" pravapis="A1957">некато´раму</Form>
        <Form Tag="MAS" Slouniki="prym2009" pravapis="A1957">некато´ры</Form>
        <Form Tag="MAS" Slouniki="prym2009" pravapis="A1957">некато´рага</Form>
        <Form Tag="MIS" Slouniki="prym2009" pravapis="A1957">некато´рым</Form>
        <Form Tag="MLS" Slouniki="prym2009" pravapis="A1957">некато´рым</Form>
    </Paradigm>
    <Paradigm pdgId="1186565" Lemma="не´кі" Tag="SAFX">
        <Form Tag="MNS" Slouniki="prym2009" pravapis="A1957">не´кі</Form>
        <Form Tag="MGS" Slouniki="prym2009" pravapis="A1957">не´кага</Form>
        <Form Tag="MDS" Slouniki="prym2009" pravapis="A1957">не´каму</Form>
        <Form Tag="MAS" Slouniki="prym2009" pravapis="A1957">не´кага</Form>
        <Form Tag="MAS" Slouniki="prym2009" pravapis="A1957">не´кі</Form>
        <Form Tag="MIS" Slouniki="prym2009" pravapis="A1957">не´кім</Form>
        <Form Tag="MLS" Slouniki="prym2009" pravapis="A1957">не´кім</Form>
    </Paradigm>
    <Paradigm pdgId="1127832" Lemma="не´хта" Tag="SAFX">
        <Form Tag="XNS" Slouniki="prym2009" pravapis="A1957">не´хта</Form>
        <Form Tag="XGS" Slouniki="prym2009" pravapis="A1957">не´кага</Form>
        <Form Tag="XDS" Slouniki="prym2009" pravapis="A1957">не´каму</Form>
        <Form Tag="XAS" Slouniki="prym2009" pravapis="A1957">не´кага</Form>
        <Form Tag="XIS" Slouniki="prym2009" pravapis="A1957">не´кім</Form>
        <Form Tag="XLS" Slouniki="prym2009" pravapis="A1957">не´кім</Form>
    </Paradigm>
    <Paradigm pdgId="1127871" Lemma="не´чы" Tag="SAFX">
        <Form Tag="MNS" Slouniki="prym2009" pravapis="A1957">не´чы</Form>
        <Form Tag="MGS" Slouniki="prym2009" pravapis="A1957">не´чага</Form>
        <Form Tag="MDS" Slouniki="prym2009" pravapis="A1957">не´чаму</Form>
        <Form Tag="MAS" Slouniki="prym2009" pravapis="A1957">не´чага</Form>
        <Form Tag="MAS" Slouniki="prym2009" pravapis="A1957">не´чы</Form>
        <Form Tag="MIS" Slouniki="prym2009" pravapis="A1957">не´чым</Form>
        <Form Tag="MLS" Slouniki="prym2009" pravapis="A1957">не´чым</Form>
    </Paradigm>
    <Paradigm pdgId="1127834" Lemma="не´шта" Tag="SAFX">
        <Form Tag="XNS" Slouniki="prym2009" pravapis="A1957">не´шта</Form>
        <Form Tag="XGS" Slouniki="prym2009" pravapis="A1957">не´чага</Form>
        <Form Tag="XDS" Slouniki="prym2009" pravapis="A1957">не´чаму</Form>
        <Form Tag="XAS" Slouniki="prym2009" pravapis="A1957">не´шта</Form>
        <Form Tag="XIS" Slouniki="prym2009" pravapis="A1957">не´чым</Form>
        <Form Tag="XLS" Slouniki="prym2009" pravapis="A1957">не´чым</Form>
    </Paradigm>
    <Paradigm pdgId="1138970" Lemma="ніво´дны" Tag="SANX">
        <Form Tag="MNS" Slouniki="prym2009" pravapis="A1957">ніво´дны</Form>
        <Form Tag="MGS" Slouniki="prym2009" pravapis="A1957">ніво´днага</Form>
        <Form Tag="MDS" Slouniki="prym2009" pravapis="A1957">ніво´днаму</Form>
        <Form Tag="MAS" Slouniki="prym2009" pravapis="A1957">ніво´дны</Form>
        <Form Tag="MAS" Slouniki="prym2009" pravapis="A1957">ніво´днага</Form>
        <Form Tag="MIS" Slouniki="prym2009" pravapis="A1957">ніво´дным</Form>
        <Form Tag="MLS" Slouniki="prym2009" pravapis="A1957">ніво´дным</Form>
    </Paradigm>
    <Paradigm pdgId="1127831" Lemma="ніхто´" Tag="SANX">
        <Form Tag="MNS" Slouniki="prym2009" pravapis="A1957">ніхто´</Form>
        <Form Tag="MGS" Slouniki="prym2009" pravapis="A1957">ніко´га</Form>
        <Form Tag="MDS" Slouniki="prym2009" pravapis="A1957">ніко´му</Form>
        <Form Tag="MAS" Slouniki="prym2009" pravapis="A1957">ніко´га</Form>
        <Form Tag="MIS" Slouniki="prym2009" pravapis="A1957">нікі´м</Form>
        <Form Tag="MLS" Slouniki="prym2009" pravapis="A1957">нікі´м</Form>
    </Paradigm>
    <Paradigm pdgId="1127627" Lemma="нічы´й" Tag="SANX">
        <Form Tag="MNS" Slouniki="prym2009" pravapis="A1957">нічы´й</Form>
        <Form Tag="MGS" Slouniki="prym2009" pravapis="A1957">нічыйго´</Form>
        <Form Tag="MDS" Slouniki="prym2009" pravapis="A1957">нічыйму´</Form>
        <Form Tag="MAS" Slouniki="prym2009" pravapis="A1957">нічы´й</Form>
        <Form Tag="MAS" Slouniki="prym2009" pravapis="A1957">нічыйго´</Form>
        <Form Tag="MIS" Slouniki="prym2009" pravapis="A1957">нічыі´м</Form>
        <Form Tag="MLS" Slouniki="prym2009" pravapis="A1957">нічыі´м</Form>
        <Form Tag="FNS" Slouniki="prym2009" pravapis="A1957">нічыя´</Form>
        <Form Tag="FGS" Slouniki="prym2009" pravapis="A1957">нічыёй</Form>
        <Form Tag="FDS" Slouniki="prym2009" pravapis="A1957">нічыёй</Form>
        <Form Tag="FAS" Slouniki="prym2009" pravapis="A1957">нічыю´</Form>
        <Form Tag="FIS" Slouniki="prym2009" pravapis="A1957">нічыёй</Form>
        <Form Tag="FIS" Slouniki="prym2009" pravapis="A1957">нічыёю</Form>
        <Form Tag="FLS" Slouniki="prym2009" pravapis="A1957">нічыёй</Form>
        <Form Tag="NNS" Slouniki="prym2009" pravapis="A1957">нічыё</Form>
        <Form Tag="NGS" Slouniki="prym2009" pravapis="A1957">нічыйго´</Form>
        <Form Tag="NDS" Slouniki="prym2009" pravapis="A1957">нічыйму´</Form>
        <Form Tag="NAS" Slouniki="prym2009" pravapis="A1957">нічыё</Form>
        <Form Tag="NIS" Slouniki="prym2009" pravapis="A1957">нічыі´м</Form>
        <Form Tag="NLS" Slouniki="prym2009" pravapis="A1957">нічыі´м</Form>
        <Form Tag="XNP" Slouniki="prym2009" pravapis="A1957">нічые´</Form>
        <Form Tag="XGP" Slouniki="prym2009" pravapis="A1957">нічыі´х</Form>
        <Form Tag="XDP" Slouniki="prym2009" pravapis="A1957">нічыі´м</Form>
        <Form Tag="XAP" Slouniki="prym2009" pravapis="A1957">нічые´</Form>
        <Form Tag="XAP" Slouniki="prym2009" pravapis="A1957">нічыі´х</Form>
        <Form Tag="XIP" Slouniki="prym2009" pravapis="A1957">нічыі´мі</Form>
        <Form Tag="XLP" Slouniki="prym2009" pravapis="A1957">нічыі´х</Form>
    </Paradigm>
    <Paradigm pdgId="1127833" Lemma="нішто´" Tag="SANX">
        <Form Tag="MNS" Slouniki="prym2009" pravapis="A1957">нішто´</Form>
        <Form Tag="MGS" Slouniki="prym2009" pravapis="A1957">нічо´га</Form>
        <Form Tag="MDS" Slouniki="prym2009" pravapis="A1957">нічо´му</Form>
        <Form Tag="MAS" Slouniki="prym2009" pravapis="A1957">нішто´</Form>
        <Form Tag="MIS" Slouniki="prym2009" pravapis="A1957">нічы´м</Form>
        <Form Tag="MLS" Slouniki="prym2009" pravapis="A1957">нічы´м</Form>
    </Paradigm>
    <Paradigm pdgId="1127817" Lemma="нія´кі" Tag="SANX">
        <Form Tag="MNS" Slouniki="prym2009" pravapis="A1957">нія´кі</Form>
        <Form Tag="MGS" Slouniki="prym2009" pravapis="A1957">нія´кага</Form>
        <Form Tag="MDS" Slouniki="prym2009" pravapis="A1957">нія´каму</Form>
        <Form Tag="MAS" Slouniki="prym2009" pravapis="A1957">нія´кага</Form>
        <Form Tag="MAS" Slouniki="prym2009" pravapis="A1957">нія´кі</Form>
        <Form Tag="MIS" Slouniki="prym2009" pravapis="A1957">нія´кім</Form>
        <Form Tag="MLS" Slouniki="prym2009" pravapis="A1957">нія´кім</Form>
    </Paradigm>
    <Paradigm pdgId="1127839" Lemma="сам" Tag="SAEX">
        <Form Tag="MNS" Slouniki="prym2009" pravapis="A1957">сам</Form>
        <Form Tag="MGS" Slouniki="prym2009" pravapis="A1957">само´га</Form>
        <Form Tag="MDS" Slouniki="prym2009" pravapis="A1957">само´му</Form>
        <Form Tag="MAS" Slouniki="prym2009" pravapis="A1957">само´га</Form>
        <Form Tag="MIS" Slouniki="prym2009" pravapis="A1957">самі´м</Form>
        <Form Tag="MLS" Slouniki="prym2009" pravapis="A1957">самі´м</Form>
        <Form Tag="FNS" Slouniki="prym2009" pravapis="A1957">сама´</Form>
        <Form Tag="FGS" Slouniki="prym2009" pravapis="A1957">само´й</Form>
        <Form Tag="FDS" Slouniki="prym2009" pravapis="A1957">само´й</Form>
        <Form Tag="FAS" Slouniki="prym2009" pravapis="A1957">саму´</Form>
        <Form Tag="FAS" Slouniki="prym2009" pravapis="A1957">саму´ю</Form>
        <Form Tag="FIS" Slouniki="prym2009" pravapis="A1957">само´й</Form>
        <Form Tag="FLS" Slouniki="prym2009" pravapis="A1957">само´й</Form>
        <Form Tag="NNS" Slouniki="prym2009" pravapis="A1957">само´</Form>
        <Form Tag="NGS" Slouniki="prym2009" pravapis="A1957">само´га</Form>
        <Form Tag="NDS" Slouniki="prym2009" pravapis="A1957">само´му</Form>
        <Form Tag="NAS" Slouniki="prym2009" pravapis="A1957">само´е</Form>
        <Form Tag="NIS" Slouniki="prym2009" pravapis="A1957">самі´м</Form>
        <Form Tag="NLS" Slouniki="prym2009" pravapis="A1957">самі´м</Form>
        <Form Tag="XNP" Slouniki="prym2009" pravapis="A1957">са´мі</Form>
        <Form Tag="XGP" Slouniki="prym2009" pravapis="A1957">самі´х</Form>
        <Form Tag="XDP" Slouniki="prym2009" pravapis="A1957">самі´м</Form>
        <Form Tag="XAP" Slouniki="prym2009" pravapis="A1957">самі´х</Form>
        <Form Tag="XAP" Slouniki="prym2009" pravapis="A1957">са´мі</Form>
        <Form Tag="XIP" Slouniki="prym2009" pravapis="A1957">самі´мі</Form>
        <Form Tag="XLP" Slouniki="prym2009" pravapis="A1957">самі´х</Form>
    </Paradigm>
    <Paradigm pdgId="1127818" Lemma="са´мы" Tag="SAEX">
        <Form Tag="MNS" Slouniki="prym2009" pravapis="A1957">са´мы</Form>
        <Form Tag="MGS" Slouniki="prym2009" pravapis="A1957">са´мага</Form>
        <Form Tag="MDS" Slouniki="prym2009" pravapis="A1957">са´маму</Form>
        <Form Tag="MAS" Slouniki="prym2009" pravapis="A1957">са´мага</Form>
        <Form Tag="MAS" Slouniki="prym2009" pravapis="A1957">са´мы</Form>
        <Form Tag="MIS" Slouniki="prym2009" pravapis="A1957">са´мым</Form>
        <Form Tag="MLS" Slouniki="prym2009" pravapis="A1957">са´мым</Form>
        <Form Tag="FNS" Slouniki="prym2009" pravapis="A1957">са´мая</Form>
        <Form Tag="FGS" Slouniki="prym2009" pravapis="A1957">са´май</Form>
        <Form Tag="FGS" Slouniki="prym2009" pravapis="A1957">са´мае</Form>
        <Form Tag="FDS" Slouniki="prym2009" pravapis="A1957">са´май</Form>
        <Form Tag="FAS" Slouniki="prym2009" pravapis="A1957">са´мую</Form>
        <Form Tag="FIS" Slouniki="prym2009" pravapis="A1957">са´май</Form>
        <Form Tag="FIS" Slouniki="prym2009" pravapis="A1957">са´маю</Form>
        <Form Tag="FLS" Slouniki="prym2009" pravapis="A1957">са´май</Form>
        <Form Tag="NNS" Slouniki="prym2009" pravapis="A1957">са´мае</Form>
        <Form Tag="NGS" Slouniki="prym2009" pravapis="A1957">са´мага</Form>
        <Form Tag="NDS" Slouniki="prym2009" pravapis="A1957">са´маму</Form>
        <Form Tag="NAS" Slouniki="prym2009" pravapis="A1957">са´мае</Form>
        <Form Tag="NIS" Slouniki="prym2009" pravapis="A1957">са´мым</Form>
        <Form Tag="NLS" Slouniki="prym2009" pravapis="A1957">са´мым</Form>
        <Form Tag="XNP" Slouniki="prym2009" pravapis="A1957">са´мыя</Form>
        <Form Tag="XGP" Slouniki="prym2009" pravapis="A1957">са´мых</Form>
        <Form Tag="XDP" Slouniki="prym2009" pravapis="A1957">са´мым</Form>
        <Form Tag="XAP" Slouniki="prym2009" pravapis="A1957">са´мых</Form>
        <Form Tag="XAP" Slouniki="prym2009" pravapis="A1957">са´мыя</Form>
        <Form Tag="XIP" Slouniki="prym2009" pravapis="A1957">са´мымі</Form>
        <Form Tag="XLP" Slouniki="prym2009" pravapis="A1957">са´мых</Form>
    </Paradigm>
    <Paradigm pdgId="1127835" Lemma="свой" Tag="SASX">
        <Form Tag="MNS" Slouniki="prym2009" pravapis="A1957">свой</Form>
        <Form Tag="MGS" Slouniki="prym2009" pravapis="A1957">свайго´</Form>
        <Form Tag="MDS" Slouniki="prym2009" pravapis="A1957">свайму´</Form>
        <Form Tag="MAS" Slouniki="prym2009" pravapis="A1957">свайго´</Form>
        <Form Tag="MAS" Slouniki="prym2009" pravapis="A1957">свой</Form>
        <Form Tag="MIS" Slouniki="prym2009" pravapis="A1957">сваі´м</Form>
        <Form Tag="MLS" Slouniki="prym2009" pravapis="A1957">сваі´м</Form>
        <Form Tag="FNS" Slouniki="prym2009" pravapis="A1957">свая´</Form>
        <Form Tag="FGS" Slouniki="prym2009" pravapis="A1957">сваёй</Form>
        <Form Tag="FDS" Slouniki="prym2009" pravapis="A1957">сваёй</Form>
        <Form Tag="FAS" Slouniki="prym2009" pravapis="A1957">сваю´</Form>
        <Form Tag="FIS" Slouniki="prym2009" pravapis="A1957">сваёй</Form>
        <Form Tag="FIS" Slouniki="prym2009" pravapis="A1957">сваёю</Form>
        <Form Tag="FLS" Slouniki="prym2009" pravapis="A1957">сваёй</Form>
        <Form Tag="NNS" Slouniki="prym2009" pravapis="A1957">сваё</Form>
        <Form Tag="NGS" Slouniki="prym2009" pravapis="A1957">свайго´</Form>
        <Form Tag="NDS" Slouniki="prym2009" pravapis="A1957">свайму´</Form>
        <Form Tag="NAS" Slouniki="prym2009" pravapis="A1957">сваё</Form>
        <Form Tag="NIS" Slouniki="prym2009" pravapis="A1957">сваі´м</Form>
        <Form Tag="NLS" Slouniki="prym2009" pravapis="A1957">сваі´м</Form>
        <Form Tag="XNP" Slouniki="prym2009" pravapis="A1957">свае´</Form>
        <Form Tag="XGP" Slouniki="prym2009" pravapis="A1957">сваі´х</Form>
        <Form Tag="XDP" Slouniki="prym2009" pravapis="A1957">сваі´м</Form>
        <Form Tag="XAP" Slouniki="prym2009" pravapis="A1957">сваі´х</Form>
        <Form Tag="XAP" Slouniki="prym2009" pravapis="A1957">свае´</Form>
        <Form Tag="XIP" Slouniki="prym2009" pravapis="A1957">сваі´мі</Form>
        <Form Tag="XLP" Slouniki="prym2009" pravapis="A1957">сваі´х</Form>
    </Paradigm>
    <Paradigm pdgId="1127846" Lemma="сёй-той" Tag="SAFX">
        <Form Tag="MNS" Slouniki="prym2009" pravapis="A1957">сёй-той</Form>
        <Form Tag="MGS" Slouniki="prym2009" pravapis="A1957">сяго´-таго´</Form>
        <Form Tag="MDS" Slouniki="prym2009" pravapis="A1957">сяму´-таму´</Form>
        <Form Tag="MAS" Slouniki="prym2009" pravapis="A1957">сяго´-таго´</Form>
        <Form Tag="MAS" Slouniki="prym2009" pravapis="A1957">сёй-той</Form>
        <Form Tag="MIS" Slouniki="prym2009" pravapis="A1957">сім-тым</Form>
        <Form Tag="MLS" Slouniki="prym2009" pravapis="A1957">сім-тым</Form>
        <Form Tag="NNS" Slouniki="prym2009" pravapis="A1957">сёе-то´е</Form>
        <Form Tag="NGS" Slouniki="prym2009" pravapis="A1957">сяго´-таго´</Form>
        <Form Tag="NDS" Slouniki="prym2009" pravapis="A1957">сяму´-таму´</Form>
        <Form Tag="NAS" Slouniki="prym2009" pravapis="A1957">сёе-то´е</Form>
        <Form Tag="NIS" Slouniki="prym2009" pravapis="A1957">сім-тым</Form>
        <Form Tag="NLS" Slouniki="prym2009" pravapis="A1957">сім-тым</Form>
    </Paradigm>
    <Paradigm pdgId="1127868" Lemma="сто´лькі" Tag="SADX">
        <Form Tag="XNP" Slouniki="prym2009" pravapis="A1957">сто´лькі</Form>
        <Form Tag="XGP" Slouniki="prym2009" pravapis="A1957">сто´лькіх</Form>
        <Form Tag="XDP" Slouniki="prym2009" pravapis="A1957">сто´лькім</Form>
        <Form Tag="XAP" Slouniki="prym2009" pravapis="A1957">сто´лькіх</Form>
        <Form Tag="XAP" Slouniki="prym2009" pravapis="A1957">сто´лькі</Form>
        <Form Tag="XIP" Slouniki="prym2009" pravapis="A1957">сто´лькімі</Form>
        <Form Tag="XLP" Slouniki="prym2009" pravapis="A1957">сто´лькіх</Form>
    </Paradigm>
    <Paradigm pdgId="1127806" Lemma="сябе´" Tag="SARX">
        <Form Tag="XGX" Slouniki="prym2009" pravapis="A1957">сябе´</Form>
        <Form Tag="XDX" Slouniki="prym2009" pravapis="A1957">сабе´</Form>
        <Form Tag="XAX" Slouniki="prym2009" pravapis="A1957">сябе´</Form>
        <Form Tag="XIX" Slouniki="prym2009" pravapis="A1957">сабо´й</Form>
        <Form Tag="XIX" Slouniki="prym2009" pravapis="A1957">сабо´ю</Form>
        <Form Tag="XLX" Slouniki="prym2009" pravapis="A1957">сабе´</Form>
    </Paradigm>
    <Paradigm pdgId="1127837" Lemma="сякі´-такі´" Tag="SAFX">
        <Form Tag="MNS" Slouniki="prym2009" pravapis="A1957">сякі´-такі´</Form>
        <Form Tag="MGS" Slouniki="prym2009" pravapis="A1957">сяко´га-тако´га</Form>
        <Form Tag="MDS" Slouniki="prym2009" pravapis="A1957">сяко´му-тако´му</Form>
        <Form Tag="MAS" Slouniki="prym2009" pravapis="A1957">сяко´га-тако´га</Form>
        <Form Tag="MAS" Slouniki="prym2009" pravapis="A1957">сякі´-такі´</Form>
        <Form Tag="MIS" Slouniki="prym2009" pravapis="A1957">сякі´м-такі´м</Form>
        <Form Tag="MLS" Slouniki="prym2009" pravapis="A1957">сякі´м-такі´м</Form>
        <Form Tag="NNS" Slouniki="prym2009" pravapis="A1957">сяко´е-тако´е</Form>
        <Form Tag="NGS" Slouniki="prym2009" pravapis="A1957">сяко´га-тако´га</Form>
        <Form Tag="NDS" Slouniki="prym2009" pravapis="A1957">сяко´му-тако´му</Form>
        <Form Tag="NAS" Slouniki="prym2009" pravapis="A1957">сяко´е-тако´е</Form>
        <Form Tag="NIS" Slouniki="prym2009" pravapis="A1957">сякі´м-такі´м</Form>
        <Form Tag="NLS" Slouniki="prym2009" pravapis="A1957">сякі´м-такі´м</Form>
        <Form Tag="XNP" Slouniki="prym2009" pravapis="A1957">сякі´я-такі´я</Form>
        <Form Tag="XGP" Slouniki="prym2009" pravapis="A1957">сякі´х-такі´х</Form>
        <Form Tag="XDP" Slouniki="prym2009" pravapis="A1957">сякі´м-такі´м</Form>
        <Form Tag="XAP" Slouniki="prym2009" pravapis="A1957">сякі´х-такі´х</Form>
        <Form Tag="XAP" Slouniki="prym2009" pravapis="A1957">сякі´я-такі´я</Form>
        <Form Tag="XIP" Slouniki="prym2009" pravapis="A1957">сякі´мі-такі´мі</Form>
        <Form Tag="XLP" Slouniki="prym2009" pravapis="A1957">сякі´х-такі´х</Form>
    </Paradigm>
    <Paradigm pdgId="1127836" Lemma="такі´" Tag="SADX">
        <Form Tag="MNS" Slouniki="prym2009" pravapis="A1957">такі´</Form>
        <Form Tag="MGS" Slouniki="prym2009" pravapis="A1957">тако´га</Form>
        <Form Tag="MDS" Slouniki="prym2009" pravapis="A1957">тако´му</Form>
        <Form Tag="MAS" Slouniki="prym2009" pravapis="A1957">тако´га</Form>
        <Form Tag="MAS" Slouniki="prym2009" pravapis="A1957">такі´</Form>
        <Form Tag="MIS" Slouniki="prym2009" pravapis="A1957">такі´м</Form>
        <Form Tag="MLS" Slouniki="prym2009" pravapis="A1957">такі´м</Form>
    </Paradigm>
    <Paradigm pdgId="1186566" Lemma="такі´-сякі´" Tag="SAFX">
        <Form Tag="MNS" Slouniki="prym2009" pravapis="A1957">такі´-сякі´</Form>
        <Form Tag="MGS" Slouniki="prym2009" pravapis="A1957">тако´га-сяко´га</Form>
        <Form Tag="MDS" Slouniki="prym2009" pravapis="A1957">тако´му-сяко´му</Form>
        <Form Tag="MAS" Slouniki="prym2009" pravapis="A1957">тако´га-сяко´га</Form>
        <Form Tag="MAS" Slouniki="prym2009" pravapis="A1957">такі´-сякі´</Form>
        <Form Tag="MIS" Slouniki="prym2009" pravapis="A1957">такі´м-сякі´м</Form>
        <Form Tag="MLS" Slouniki="prym2009" pravapis="A1957">такі´м-сякі´м</Form>
    </Paradigm>
    <Paradigm pdgId="1127847" Lemma="твой" Tag="SASX">
        <Form Tag="MNS" Slouniki="prym2009" pravapis="A1957">твой</Form>
        <Form Tag="MGS" Slouniki="prym2009" pravapis="A1957">твайго´</Form>
        <Form Tag="MDS" Slouniki="prym2009" pravapis="A1957">твайму´</Form>
        <Form Tag="MAS" Slouniki="prym2009" pravapis="A1957">твайго´</Form>
        <Form Tag="MAS" Slouniki="prym2009" pravapis="A1957">твой</Form>
        <Form Tag="MIS" Slouniki="prym2009" pravapis="A1957">тваі´м</Form>
        <Form Tag="MLS" Slouniki="prym2009" pravapis="A1957">тваі´м</Form>
        <Form Tag="FNS" Slouniki="prym2009" pravapis="A1957">твая´</Form>
        <Form Tag="FGS" Slouniki="prym2009" pravapis="A1957">тваёй</Form>
        <Form Tag="FDS" Slouniki="prym2009" pravapis="A1957">тваёй</Form>
        <Form Tag="FAS" Slouniki="prym2009" pravapis="A1957">тваю´</Form>
        <Form Tag="FIS" Slouniki="prym2009" pravapis="A1957">тваёй</Form>
        <Form Tag="FIS" Slouniki="prym2009" pravapis="A1957">тваёю</Form>
        <Form Tag="FLS" Slouniki="prym2009" pravapis="A1957">тваёй</Form>
        <Form Tag="NNS" Slouniki="prym2009" pravapis="A1957">тваё</Form>
        <Form Tag="NGS" Slouniki="prym2009" pravapis="A1957">твайго´</Form>
        <Form Tag="NDS" Slouniki="prym2009" pravapis="A1957">твайму´</Form>
        <Form Tag="NAS" Slouniki="prym2009" pravapis="A1957">тваё</Form>
        <Form Tag="NIS" Slouniki="prym2009" pravapis="A1957">тваі´м</Form>
        <Form Tag="NLS" Slouniki="prym2009" pravapis="A1957">тваі´м</Form>
    </Paradigm>
    <Paradigm pdgId="1127843" Lemma="той" Tag="SADX">
        <Form Tag="MNS" Slouniki="prym2009" pravapis="A1957">той</Form>
        <Form Tag="MGS" Slouniki="prym2009" pravapis="A1957">таго´</Form>
        <Form Tag="MDS" Slouniki="prym2009" pravapis="A1957">таму´</Form>
        <Form Tag="MAS" Slouniki="prym2009" pravapis="A1957">таго´</Form>
        <Form Tag="MAS" Slouniki="prym2009" pravapis="A1957">той</Form>
        <Form Tag="MIS" Slouniki="prym2009" pravapis="A1957">тым</Form>
        <Form Tag="MLS" Slouniki="prym2009" pravapis="A1957">тым</Form>
        <Form Tag="FNS" Slouniki="prym2009" pravapis="A1957">та´я</Form>
        <Form Tag="FGS" Slouniki="prym2009" pravapis="A1957">той</Form>
        <Form Tag="FDS" Slouniki="prym2009" pravapis="A1957">той</Form>
        <Form Tag="FAS" Slouniki="prym2009" pravapis="A1957">ту´ю</Form>
        <Form Tag="FIS" Slouniki="prym2009" pravapis="A1957">той</Form>
        <Form Tag="FIS" Slouniki="prym2009" pravapis="A1957">то´ю</Form>
        <Form Tag="FLS" Slouniki="prym2009" pravapis="A1957">той</Form>
        <Form Tag="NNS" Slouniki="prym2009" pravapis="A1957">то´е</Form>
        <Form Tag="NGS" Slouniki="prym2009" pravapis="A1957">таго´</Form>
        <Form Tag="NDS" Slouniki="prym2009" pravapis="A1957">таму´</Form>
        <Form Tag="NAS" Slouniki="prym2009" pravapis="A1957">то´е</Form>
        <Form Tag="NIS" Slouniki="prym2009" pravapis="A1957">тым</Form>
        <Form Tag="NLS" Slouniki="prym2009" pravapis="A1957">тым</Form>
    </Paradigm>
    <Paradigm pdgId="1127808" Lemma="ты" Tag="SNP2">
        <Form Tag="XNS" Slouniki="prym2009" pravapis="A1957">ты</Form>
        <Form Tag="XGS" Slouniki="prym2009" pravapis="A1957">цябе´</Form>
        <Form Tag="XDS" Slouniki="prym2009" pravapis="A1957">табе´</Form>
        <Form Tag="XAS" Slouniki="prym2009" pravapis="A1957">цябе´</Form>
        <Form Tag="XIS" Slouniki="prym2009" pravapis="A1957">табо´й</Form>
        <Form Tag="XIS" Slouniki="prym2009" pravapis="A1957">табо´ю</Form>
        <Form Tag="XLS" Slouniki="prym2009" pravapis="A1957">табе´</Form>
    </Paradigm>
    <Paradigm pdgId="1127848" Lemma="уве´сь" Tag="SAEX">
        <Form Tag="MNS" Slouniki="prym2009" pravapis="A1957">уве´сь</Form>
        <Form Tag="MGS" Slouniki="prym2009" pravapis="A1957">усяго´</Form>
        <Form Tag="MDS" Slouniki="prym2009" pravapis="A1957">усяму´</Form>
        <Form Tag="MAS" Slouniki="prym2009" pravapis="A1957">усяго´</Form>
        <Form Tag="MAS" Slouniki="prym2009" pravapis="A1957">уве´сь</Form>
        <Form Tag="MIS" Slouniki="prym2009" pravapis="A1957">усі´м</Form>
        <Form Tag="MLS" Slouniki="prym2009" pravapis="A1957">усі´м</Form>
        <Form Tag="FNS" Slouniki="prym2009" pravapis="A1957">уся´</Form>
        <Form Tag="FGS" Slouniki="prym2009" pravapis="A1957">усёй</Form>
        <Form Tag="FGS" Slouniki="prym2009" pravapis="A1957">усяе´</Form>
        <Form Tag="FDS" Slouniki="prym2009" pravapis="A1957">усёй</Form>
        <Form Tag="FAS" Slouniki="prym2009" pravapis="A1957">усю´</Form>
        <Form Tag="FIS" Slouniki="prym2009" pravapis="A1957">усёй</Form>
        <Form Tag="FIS" Slouniki="prym2009" pravapis="A1957">усёю</Form>
        <Form Tag="FLS" Slouniki="prym2009" pravapis="A1957">усёй</Form>
        <Form Tag="NNS" Slouniki="prym2009" pravapis="A1957">усё</Form>
        <Form Tag="NGS" Slouniki="prym2009" pravapis="A1957">усяго´</Form>
        <Form Tag="NDS" Slouniki="prym2009" pravapis="A1957">усяму´</Form>
        <Form Tag="NAS" Slouniki="prym2009" pravapis="A1957">усё</Form>
        <Form Tag="NIS" Slouniki="prym2009" pravapis="A1957">усі´м</Form>
        <Form Tag="NLS" Slouniki="prym2009" pravapis="A1957">усі´м</Form>
        <Form Tag="XNP" Slouniki="prym2009" pravapis="A1957">усе´</Form>
        <Form Tag="XGP" Slouniki="prym2009" pravapis="A1957">усі´х</Form>
        <Form Tag="XDP" Slouniki="prym2009" pravapis="A1957">усі´м</Form>
        <Form Tag="XAP" Slouniki="prym2009" pravapis="A1957">усі´х</Form>
        <Form Tag="XAP" Slouniki="prym2009" pravapis="A1957">усе´</Form>
        <Form Tag="XIP" Slouniki="prym2009" pravapis="A1957">усі´мі</Form>
        <Form Tag="XLP" Slouniki="prym2009" pravapis="A1957">усі´х</Form>
    </Paradigm>
    <Paradigm pdgId="1127849" Lemma="уся´кі" Tag="SAEX">
        <Form Tag="MNS" Slouniki="prym2009" pravapis="A1957">уся´кі</Form>
        <Form Tag="MGS" Slouniki="prym2009" pravapis="A1957">уся´кага</Form>
        <Form Tag="MDS" Slouniki="prym2009" pravapis="A1957">уся´каму</Form>
        <Form Tag="MAS" Slouniki="prym2009" pravapis="A1957">уся´кага</Form>
        <Form Tag="MAS" Slouniki="prym2009" pravapis="A1957">уся´кі</Form>
        <Form Tag="MIS" Slouniki="prym2009" pravapis="A1957">уся´кім</Form>
        <Form Tag="MLS" Slouniki="prym2009" pravapis="A1957">уся´кім</Form>
    </Paradigm>
    <Paradigm pdgId="1127851" Lemma="усяля´кі" Tag="SAEX">
        <Form Tag="MNS" Slouniki="prym2009" pravapis="A1957">усяля´кі</Form>
        <Form Tag="MGS" Slouniki="prym2009" pravapis="A1957">усяля´кага</Form>
        <Form Tag="MDS" Slouniki="prym2009" pravapis="A1957">усяля´каму</Form>
        <Form Tag="MAS" Slouniki="prym2009" pravapis="A1957">усяля´кага</Form>
        <Form Tag="MAS" Slouniki="prym2009" pravapis="A1957">усяля´кі</Form>
        <Form Tag="MIS" Slouniki="prym2009" pravapis="A1957">усяля´кім</Form>
        <Form Tag="MLS" Slouniki="prym2009" pravapis="A1957">усяля´кім</Form>
    </Paradigm>
    <Paradigm pdgId="1127820" Lemma="хто" Tag="SALX">
        <Form Tag="MNS" Slouniki="prym2009" pravapis="A1957">хто</Form>
        <Form Tag="MGS" Slouniki="prym2009" pravapis="A1957">каго´</Form>
        <Form Tag="MDS" Slouniki="prym2009" pravapis="A1957">каму´</Form>
        <Form Tag="MAS" Slouniki="prym2009" pravapis="A1957">каго´</Form>
        <Form Tag="MIS" Slouniki="prym2009" pravapis="A1957">кім</Form>
        <Form Tag="MLS" Slouniki="prym2009" pravapis="A1957">кім</Form>
    </Paradigm>
    <Paradigm pdgId="1186567" Lemma="хто-колечы" Tag="SAFX">
        <Form Tag="MNS" Slouniki="prym2009" pravapis="A1957">хто-ко´лечы</Form>
        <Form Tag="MGS" Slouniki="prym2009" pravapis="A1957">каго´-ко´лечы</Form>
        <Form Tag="MDS" Slouniki="prym2009" pravapis="A1957">каму´-ко´лечы</Form>
        <Form Tag="MAS" Slouniki="prym2009" pravapis="A1957">каго´-ко´лечы</Form>
        <Form Tag="MIS" Slouniki="prym2009" pravapis="A1957">кім-ко´лечы</Form>
        <Form Tag="MLS" Slouniki="prym2009" pravapis="A1957">кім-ко´лечы</Form>
    </Paradigm>
    <Paradigm pdgId="1127823" Lemma="хто-не´будзь" Tag="SAFX">
        <Form Tag="MNS" Slouniki="prym2009" pravapis="A1957">хто-не´будзь</Form>
        <Form Tag="MGS" Slouniki="prym2009" pravapis="A1957">каго´-не´будзь</Form>
        <Form Tag="MDS" Slouniki="prym2009" pravapis="A1957">каму´-не´будзь</Form>
        <Form Tag="MAS" Slouniki="prym2009" pravapis="A1957">каго´-не´будзь</Form>
        <Form Tag="MIS" Slouniki="prym2009" pravapis="A1957">кім-не´будзь</Form>
        <Form Tag="MLS" Slouniki="prym2009" pravapis="A1957">кім-не´будзь</Form>
    </Paradigm>
    <Paradigm pdgId="1138965" Lemma="хто-ніхто" Tag="SAFX">
        <Form Tag="MGS" Slouniki="prym2009" pravapis="A1957">каго´-нікаго´</Form>
        <Form Tag="MDS" Slouniki="prym2009" pravapis="A1957">каму´-нікаму´</Form>
        <Form Tag="MAS" Slouniki="prym2009" pravapis="A1957">каго´-нікаго´</Form>
        <Form Tag="MIS" Slouniki="prym2009" pravapis="A1957">кім-нікі´м</Form>
        <Form Tag="MLS" Slouniki="prym2009" pravapis="A1957">кім-нікі´м</Form>
    </Paradigm>
    <Paradigm pdgId="1127822" Lemma="хтось" Tag="SAFX">
        <Form Tag="MNS" Slouniki="prym2009" pravapis="A1957">хтось</Form>
        <Form Tag="MGS" Slouniki="prym2009" pravapis="A1957">каго´сь</Form>
        <Form Tag="MDS" Slouniki="prym2009" pravapis="A1957">каму´сь</Form>
        <Form Tag="MAS" Slouniki="prym2009" pravapis="A1957">каго´сь</Form>
        <Form Tag="MIS" Slouniki="prym2009" pravapis="A1957">кімсь</Form>
        <Form Tag="MLS" Slouniki="prym2009" pravapis="A1957">кімсь</Form>
    </Paradigm>
    <Paradigm pdgId="1127821" Lemma="хто´сьці" Tag="SAFX">
        <Form Tag="MNS" Slouniki="prym2009" pravapis="A1957">хто´сьці</Form>
        <Form Tag="MGS" Slouniki="prym2009" pravapis="A1957">каго´сьці</Form>
        <Form Tag="MDS" Slouniki="prym2009" pravapis="A1957">каму´сьці</Form>
        <Form Tag="MAS" Slouniki="prym2009" pravapis="A1957">каго´сьці</Form>
        <Form Tag="MIS" Slouniki="prym2009" pravapis="A1957">кі´мсьці</Form>
        <Form Tag="MLS" Slouniki="prym2009" pravapis="A1957">кі´мсьці</Form>
    </Paradigm>
    <Paradigm pdgId="1127852" Lemma="чый" Tag="SALX">
        <Form Tag="MNS" Slouniki="prym2009" pravapis="A1957">чый</Form>
        <Form Tag="MGS" Slouniki="prym2009" pravapis="A1957">чыйго´</Form>
        <Form Tag="MDS" Slouniki="prym2009" pravapis="A1957">чыйму´</Form>
        <Form Tag="MAS" Slouniki="prym2009" pravapis="A1957">чыйго´</Form>
        <Form Tag="MAS" Slouniki="prym2009" pravapis="A1957">чый</Form>
        <Form Tag="MIS" Slouniki="prym2009" pravapis="A1957">чыі´м</Form>
        <Form Tag="MLS" Slouniki="prym2009" pravapis="A1957">чыі´м</Form>
        <Form Tag="FNS" Slouniki="prym2009" pravapis="A1957">чыя´</Form>
        <Form Tag="FGS" Slouniki="prym2009" pravapis="A1957">чыёй</Form>
        <Form Tag="FDS" Slouniki="prym2009" pravapis="A1957">чыёй</Form>
        <Form Tag="FAS" Slouniki="prym2009" pravapis="A1957">чыя´</Form>
        <Form Tag="FIS" Slouniki="prym2009" pravapis="A1957">чыёй</Form>
        <Form Tag="FIS" Slouniki="prym2009" pravapis="A1957">чыёю</Form>
        <Form Tag="FLS" Slouniki="prym2009" pravapis="A1957">чыёй</Form>
        <Form Tag="NNS" Slouniki="prym2009" pravapis="A1957">чыё</Form>
        <Form Tag="NGS" Slouniki="prym2009" pravapis="A1957">чыйго´</Form>
        <Form Tag="NDS" Slouniki="prym2009" pravapis="A1957">чыйму´</Form>
        <Form Tag="NAS" Slouniki="prym2009" pravapis="A1957">чыё</Form>
        <Form Tag="NIS" Slouniki="prym2009" pravapis="A1957">чыі´м</Form>
        <Form Tag="NLS" Slouniki="prym2009" pravapis="A1957">чыі´м</Form>
        <Form Tag="XNP" Slouniki="prym2009" pravapis="A1957">чые´</Form>
        <Form Tag="XGP" Slouniki="prym2009" pravapis="A1957">чыі´х</Form>
        <Form Tag="XDP" Slouniki="prym2009" pravapis="A1957">чыі´м</Form>
        <Form Tag="XAP" Slouniki="prym2009" pravapis="A1957">чыі´х</Form>
        <Form Tag="XAP" Slouniki="prym2009" pravapis="A1957">чые´</Form>
        <Form Tag="XIP" Slouniki="prym2009" pravapis="A1957">чыі´мі</Form>
        <Form Tag="XLP" Slouniki="prym2009" pravapis="A1957">чыі´х</Form>
    </Paradigm>
    <Paradigm pdgId="1186568" Lemma="чый-нічы´й" Tag="SAFX">
        <Form Tag="MNS" Slouniki="prym2009" pravapis="A1957">чый-нічы´й</Form>
        <Form Tag="MGS" Slouniki="prym2009" pravapis="A1957">чыйго-нічыйго´</Form>
        <Form Tag="MDS" Slouniki="prym2009" pravapis="A1957">чыйму-нічыйму´</Form>
        <Form Tag="MAS" Slouniki="prym2009" pravapis="A1957">чыйго-нічыйго´</Form>
        <Form Tag="MAS" Slouniki="prym2009" pravapis="A1957">чый-нічы´й</Form>
        <Form Tag="MIS" Slouniki="prym2009" pravapis="A1957">чыім-нічыі´м</Form>
        <Form Tag="MLS" Slouniki="prym2009" pravapis="A1957">чыім-нічыі´м</Form>
        <Form Tag="XNP" Slouniki="prym2009" pravapis="A1957">чые-нічые´</Form>
        <Form Tag="XGP" Slouniki="prym2009" pravapis="A1957">чыіх-нічыі´х</Form>
        <Form Tag="XDP" Slouniki="prym2009" pravapis="A1957">чыім-нічыі´м</Form>
        <Form Tag="XAP" Slouniki="prym2009" pravapis="A1957">чыіх-нічыі´х</Form>
        <Form Tag="XAP" Slouniki="prym2009" pravapis="A1957">чые-нічые´</Form>
        <Form Tag="XIP" Slouniki="prym2009" pravapis="A1957">чыімі-нічыі´мі</Form>
        <Form Tag="XLP" Slouniki="prym2009" pravapis="A1957">чыіх-нічыі´х</Form>
    </Paradigm>
    <Paradigm pdgId="1127856" Lemma="чыйсь" Tag="SAFX">
        <Form Tag="FNS" Slouniki="prym2009" pravapis="A1957">чыя´сь</Form>
        <Form Tag="FGS" Slouniki="prym2009" pravapis="A1957">чыёйсь</Form>
        <Form Tag="FDS" Slouniki="prym2009" pravapis="A1957">чыёйсь</Form>
        <Form Tag="FAS" Slouniki="prym2009" pravapis="A1957">чыю´сь</Form>
        <Form Tag="FIS" Slouniki="prym2009" pravapis="A1957">чыёйсь</Form>
        <Form Tag="FLS" Slouniki="prym2009" pravapis="A1957">чыёйсь</Form>
    </Paradigm>
    <Paradigm pdgId="1127855" Lemma="чы´йсьці" Tag="SAFX">
        <Form Tag="MNS" Slouniki="prym2009" pravapis="A1957">чы´йсьці</Form>
        <Form Tag="MGS" Slouniki="prym2009" pravapis="A1957">чыйго´сьці</Form>
        <Form Tag="MDS" Slouniki="prym2009" pravapis="A1957">чыйму´сьці</Form>
        <Form Tag="MAS" Slouniki="prym2009" pravapis="A1957">чыйго´сьці</Form>
        <Form Tag="MAS" Slouniki="prym2009" pravapis="A1957">чы´йсьці</Form>
        <Form Tag="MIS" Slouniki="prym2009" pravapis="A1957">чыі´мсьці</Form>
        <Form Tag="MLS" Slouniki="prym2009" pravapis="A1957">чыі´мсьці</Form>
        <Form Tag="FNS" Slouniki="prym2009" pravapis="A1957">чыя´сьці</Form>
        <Form Tag="FGS" Slouniki="prym2009" pravapis="A1957">чыёйсьці</Form>
        <Form Tag="FDS" Slouniki="prym2009" pravapis="A1957">чыёйсьці</Form>
        <Form Tag="FAS" Slouniki="prym2009" pravapis="A1957">чыю´сьці</Form>
        <Form Tag="FIS" Slouniki="prym2009" pravapis="A1957">чыёйсьці</Form>
        <Form Tag="FLS" Slouniki="prym2009" pravapis="A1957">чыёйсьці</Form>
        <Form Tag="NNS" Slouniki="prym2009" pravapis="A1957">чыёсьці</Form>
    </Paradigm>
    <Paradigm pdgId="1127827" Lemma="што" Tag="SALX">
        <Form Tag="XNS" Slouniki="prym2009" pravapis="A1957">што</Form>
        <Form Tag="XGS" Slouniki="prym2009" pravapis="A1957">чаго´</Form>
        <Form Tag="XDS" Slouniki="prym2009" pravapis="A1957">чаму´</Form>
        <Form Tag="XAS" Slouniki="prym2009" pravapis="A1957">што</Form>
        <Form Tag="XIS" Slouniki="prym2009" pravapis="A1957">чым</Form>
        <Form Tag="XLS" Slouniki="prym2009" pravapis="A1957">чым</Form>
    </Paradigm>
    <Paradigm pdgId="1127826" Lemma="што-не´будзь" Tag="SAFX">
        <Form Tag="XNS" Slouniki="prym2009" pravapis="A1957">што-не´будзь</Form>
        <Form Tag="XGS" Slouniki="prym2009" pravapis="A1957">чаго´-не´будзь</Form>
        <Form Tag="XDS" Slouniki="prym2009" pravapis="A1957">чаму´-не´будзь</Form>
        <Form Tag="XAS" Slouniki="prym2009" pravapis="A1957">што-не´будзь</Form>
        <Form Tag="XIS" Slouniki="prym2009" pravapis="A1957">чым-не´будзь</Form>
        <Form Tag="XLS" Slouniki="prym2009" pravapis="A1957">чым-не´будзь</Form>
    </Paradigm>
    <Paradigm pdgId="1127829" Lemma="штось" Tag="SAFX">
        <Form Tag="MNS" Slouniki="prym2009" pravapis="A1957">штось</Form>
        <Form Tag="MGS" Slouniki="prym2009" pravapis="A1957">чаго´сь</Form>
        <Form Tag="MDS" Slouniki="prym2009" pravapis="A1957">чаму´сь</Form>
        <Form Tag="MAS" Slouniki="prym2009" pravapis="A1957">штось</Form>
        <Form Tag="MIS" Slouniki="prym2009" pravapis="A1957">чымсь</Form>
        <Form Tag="MLS" Slouniki="prym2009" pravapis="A1957">чымсь</Form>
    </Paradigm>
    <Paradigm pdgId="1127807" Lemma="я" Tag="SNP1">
        <Form Tag="XNS" Slouniki="prym2009" pravapis="A1957">я</Form>
        <Form Tag="XGS" Slouniki="prym2009" pravapis="A1957">мяне´</Form>
        <Form Tag="XDS" Slouniki="prym2009" pravapis="A1957">мне</Form>
        <Form Tag="XAS" Slouniki="prym2009" pravapis="A1957">мяне´</Form>
        <Form Tag="XIS" Slouniki="prym2009" pravapis="A1957">мной</Form>
        <Form Tag="XIS" Slouniki="prym2009" pravapis="A1957">мно´ю</Form>
        <Form Tag="XLS" Slouniki="prym2009" pravapis="A1957">мне</Form>
    </Paradigm>
    <Paradigm pdgId="1145616" Lemma="яго´ны" Tag="SASX">
        <Form Tag="MNS" Slouniki="prym2009" pravapis="A1957">яго´ны</Form>
        <Form Tag="MGS" Slouniki="prym2009" pravapis="A1957">яго´нага</Form>
        <Form Tag="MDS" Slouniki="prym2009" pravapis="A1957">яго´наму</Form>
        <Form Tag="MAS" Slouniki="prym2009" pravapis="A1957">яго´нага</Form>
        <Form Tag="MAS" Slouniki="prym2009" pravapis="A1957">яго´ны</Form>
        <Form Tag="MIS" Slouniki="prym2009" pravapis="A1957">яго´ным</Form>
        <Form Tag="MLS" Slouniki="prym2009" pravapis="A1957">яго´ным</Form>
    </Paradigm>
    <Paradigm pdgId="1127858" Lemma="які´" Tag="SALX">
        <Form Tag="MNS" Slouniki="prym2009" pravapis="A1957">які´</Form>
        <Form Tag="MGS" Slouniki="prym2009" pravapis="A1957">яко´га</Form>
        <Form Tag="MDS" Slouniki="prym2009" pravapis="A1957">яко´му</Form>
        <Form Tag="MAS" Slouniki="prym2009" pravapis="A1957">яко´га</Form>
        <Form Tag="MAS" Slouniki="prym2009" pravapis="A1957">які´</Form>
        <Form Tag="MIS" Slouniki="prym2009" pravapis="A1957">які´м</Form>
        <Form Tag="MLS" Slouniki="prym2009" pravapis="A1957">які´м</Form>
        <Form Tag="FNS" Slouniki="prym2009" pravapis="A1957">яка´я</Form>
        <Form Tag="FGS" Slouniki="prym2009" pravapis="A1957">яко´й</Form>
        <Form Tag="FGS" Slouniki="prym2009" pravapis="A1957">яко´е</Form>
        <Form Tag="FDS" Slouniki="prym2009" pravapis="A1957">яко´й</Form>
        <Form Tag="FAS" Slouniki="prym2009" pravapis="A1957">яку´ю</Form>
        <Form Tag="FIS" Slouniki="prym2009" pravapis="A1957">яко´й</Form>
        <Form Tag="FIS" Slouniki="prym2009" pravapis="A1957">яко´ю</Form>
        <Form Tag="FLS" Slouniki="prym2009" pravapis="A1957">яко´й</Form>
        <Form Tag="NNS" Slouniki="prym2009" pravapis="A1957">яко´е</Form>
        <Form Tag="NGS" Slouniki="prym2009" pravapis="A1957">яко´га</Form>
        <Form Tag="NDS" Slouniki="prym2009" pravapis="A1957">яко´му</Form>
        <Form Tag="NAS" Slouniki="prym2009" pravapis="A1957">яко´е</Form>
        <Form Tag="NIS" Slouniki="prym2009" pravapis="A1957">які´м</Form>
        <Form Tag="NLS" Slouniki="prym2009" pravapis="A1957">які´м</Form>
        <Form Tag="XNP" Slouniki="prym2009" pravapis="A1957">які´я</Form>
        <Form Tag="XGP" Slouniki="prym2009" pravapis="A1957">які´х</Form>
        <Form Tag="XDP" Slouniki="prym2009" pravapis="A1957">які´м</Form>
        <Form Tag="XAP" Slouniki="prym2009" pravapis="A1957">які´х</Form>
        <Form Tag="XAP" Slouniki="prym2009" pravapis="A1957">які´я</Form>
        <Form Tag="XIP" Slouniki="prym2009" pravapis="A1957">які´мі</Form>
        <Form Tag="XLP" Slouniki="prym2009" pravapis="A1957">які´х</Form>
    </Paradigm>
    <Paradigm pdgId="1127860" Lemma="які´-не´будзь" Tag="SAFX">
        <Form Tag="MNS" Slouniki="prym2009" pravapis="A1957">які-не´будзь</Form>
        <Form Tag="MGS" Slouniki="prym2009" pravapis="A1957">яко´га-не´будзь</Form>
        <Form Tag="MDS" Slouniki="prym2009" pravapis="A1957">яко´му-не´будзь</Form>
        <Form Tag="MAS" Slouniki="prym2009" pravapis="A1957">яко´га-не´будзь</Form>
        <Form Tag="MAS" Slouniki="prym2009" pravapis="A1957">які-не´будзь</Form>
        <Form Tag="MIS" Slouniki="prym2009" pravapis="A1957">які´м-не´будзь</Form>
        <Form Tag="MLS" Slouniki="prym2009" pravapis="A1957">які´м-не´будзь</Form>
    </Paradigm>
    <Paradigm pdgId="1127859" Lemma="які´-ніякі´" Tag="SAFX">
        <Form Tag="MNS" Slouniki="prym2009" pravapis="A1957">які´-ніякі´</Form>
        <Form Tag="MGS" Slouniki="prym2009" pravapis="A1957">яко´га-ніяко´га</Form>
        <Form Tag="MDS" Slouniki="prym2009" pravapis="A1957">яко´му-ніяко´му</Form>
        <Form Tag="MAS" Slouniki="prym2009" pravapis="A1957">яко´га-ніяко´га</Form>
        <Form Tag="MAS" Slouniki="prym2009" pravapis="A1957">які´-ніякі´</Form>
        <Form Tag="MIS" Slouniki="prym2009" pravapis="A1957">які´м-ніякі´м</Form>
        <Form Tag="MLS" Slouniki="prym2009" pravapis="A1957">які´м-ніякі´м</Form>
    </Paradigm>
    <Paradigm pdgId="1127862" Lemma="які´сьці" Tag="SAFX">
        <Form Tag="MNS" Slouniki="prym2009" pravapis="A1957">які´сьці</Form>
        <Form Tag="MGS" Slouniki="prym2009" pravapis="A1957">яко´гасьці</Form>
        <Form Tag="MDS" Slouniki="prym2009" pravapis="A1957">яко´мусьці</Form>
        <Form Tag="MAS" Slouniki="prym2009" pravapis="A1957">яко´гасьці</Form>
        <Form Tag="MAS" Slouniki="prym2009" pravapis="A1957">які´сьці</Form>
        <Form Tag="MIS" Slouniki="prym2009" pravapis="A1957">які´мсьці</Form>
        <Form Tag="MLS" Slouniki="prym2009" pravapis="A1957">які´мсьці</Form>
    </Paradigm>
    <Paradigm pdgId="1127913" Lemma="яна´" Tag="SNP3">
        <Form Tag="FNS" Slouniki="prym2009" pravapis="A1957">яна´</Form>
        <Form Tag="FGS" Slouniki="prym2009" pravapis="A1957">яе´</Form>
        <Form Tag="FDS" Slouniki="prym2009" pravapis="A1957">ёй</Form>
        <Form Tag="FAS" Slouniki="prym2009" pravapis="A1957">яе´</Form>
        <Form Tag="FIS" Slouniki="prym2009" pravapis="A1957">ёй</Form>
        <Form Tag="FIS" Slouniki="prym2009" pravapis="A1957">ёю</Form>
        <Form Tag="FLS" Slouniki="prym2009" pravapis="A1957">ёй</Form>
    </Paradigm>
    <Paradigm pdgId="1127809" Lemma="яно´" Tag="SNP3">
        <Form Tag="NNS" Slouniki="prym2009" pravapis="A1957">яно´</Form>
        <Form Tag="NGS" Slouniki="prym2009" pravapis="A1957">яго´</Form>
        <Form Tag="NDS" Slouniki="prym2009" pravapis="A1957">яму´</Form>
        <Form Tag="NAS" Slouniki="prym2009" pravapis="A1957">яго´</Form>
        <Form Tag="NIS" Slouniki="prym2009" pravapis="A1957">ім</Form>
        <Form Tag="NLS" Slouniki="prym2009" pravapis="A1957">ім</Form>
    </Paradigm>
    <Paradigm pdgId="1160155" Lemma="яны´" Tag="SNP3">
        <Form Tag="XNP" Slouniki="prym2009" pravapis="A1957">яны´</Form>
        <Form Tag="XGP" Slouniki="prym2009" pravapis="A1957">іх</Form>
        <Form Tag="XDP" Slouniki="prym2009" pravapis="A1957">ім</Form>
        <Form Tag="XAP" Slouniki="prym2009" pravapis="A1957">іх</Form>
        <Form Tag="XIP" Slouniki="prym2009" pravapis="A1957">і´мі</Form>
        <Form Tag="XLP" Slouniki="prym2009" pravapis="A1957">іх</Form>
    </Paradigm>
</Wordlist>
