<?xml version="1.0" encoding="UTF-8" standalone="yes"?>
<Wordlist>
    <Paradigm pdgId="1127949" Lemma="ва*рта" Tag="W">
        <Form Tag="" Slouniki="yes">ва*рта</Form>
    </Paradigm>
    <Paradigm pdgId="1159889" Lemma="віда*ць" Tag="W">
        <Form Tag="" Slouniki="yes">віда*ць</Form>
    </Paradigm>
    <Paradigm pdgId="1145615" Lemma="ві*нен" Tag="W">
        <Form Tag="" Slouniki="yes">ві*нен</Form>
    </Paradigm>
    <Paradigm pdgId="1210811" Lemma="гато*ў" Tag="W">
        <Form Tag="" Slouniki="yes">гато*ў</Form>
        <Form Tag="" Slouniki="yes">гато*ва</Form>
        <Form Tag="" Slouniki="yes">гато*вы</Form>
    </Paradigm>
    <Paradigm pdgId="1210812" Lemma="гугу*" Tag="W">
        <Form Tag="" Slouniki="yes">гугу*</Form>
    </Paradigm>
    <Paradigm pdgId="1210813" Lemma="забаро*нена" Tag="W">
        <Form Tag="" Slouniki="yes">забаро*нена</Form>
    </Paradigm>
    <Paradigm pdgId="1210816" Lemma="кві*та" Tag="W">
        <Form Tag="" Slouniki="yes">кві*та</Form>
        <Form Tag="" Slouniki="yes">кві*ты</Form>
    </Paradigm>
    <Paradigm pdgId="1210817" Lemma="ко*нчана" Tag="W">
        <Form Tag="" Slouniki="yes">ко*нчана</Form>
    </Paradigm>
    <Paradigm pdgId="1210818" Lemma="мага*" Tag="W">
        <Form Tag="" Slouniki="yes">мага*</Form>
    </Paradigm>
    <Paradigm pdgId="1210820" Lemma="мо*жа" Tag="W">
        <Form Tag="" Slouniki="yes">мо*жа</Form>
    </Paradigm>
    <Paradigm pdgId="1160152" Lemma="мо*жна" Tag="W">
        <Form Tag="" Slouniki="yes">мо*жна</Form>
    </Paradigm>
    <Paradigm pdgId="1210822" Lemma="наканава*на" Tag="W">
        <Form Tag="" Slouniki="yes">наканава*на</Form>
    </Paradigm>
    <Paradigm pdgId="1210823" Lemma="наме*ран" Tag="W">
        <Form Tag="" Slouniki="yes">наме*ран</Form>
        <Form Tag="">наме*рана</Form>
        <Form Tag="" Slouniki="yes">наме*раны</Form>
    </Paradigm>
    <Paradigm pdgId="1127950" Lemma="ну-ну" Tag="W">
        <Form Tag="" Slouniki="yes">ну-ну</Form>
    </Paradigm>
    <Paradigm pdgId="1145614" Lemma="няма*" Tag="W">
        <Form Tag="" Slouniki="yes">няма*</Form>
    </Paradigm>
    <Paradigm pdgId="1210824" Lemma="няма*шака" Tag="W">
        <Form Tag="" Slouniki="yes">няма*шака</Form>
    </Paradigm>
    <Paradigm pdgId="1127929" Lemma="паві*нен" Tag="W">
        <Form Tag="" Slouniki="yes">паві*нен</Form>
        <Form Tag="">паві*нна</Form>
        <Form Tag="">паві*нны</Form>
    </Paradigm>
    <Paradigm pdgId="1210825" Lemma="сло*вам" Tag="W">
        <Form Tag="" Slouniki="yes">сло*вам</Form>
    </Paradigm>
    <Paradigm pdgId="1127948" Lemma="страх" Tag="W">
        <Form Tag="" Slouniki="yes">страх</Form>
    </Paradigm>
    <Paradigm pdgId="1127947" Lemma="трэ*ба" Tag="W">
        <Form Tag="" Slouniki="yes">трэ*ба</Form>
    </Paradigm>
    <Paradigm pdgId="1210828" Lemma="хо*піць" Tag="W">
        <Form Tag="" Slouniki="yes">хо*піць</Form>
    </Paradigm>
    <Paradigm pdgId="1138963" Lemma="шкада*" Tag="W">
        <Form Tag="" Slouniki="yes">шкада*</Form>
    </Paradigm>
</Wordlist>
