<?xml version="1.0" encoding="UTF-8" standalone="yes"?>
<Wordlist>
    <Paradigm pdgId="1193269" Lemma="а" Tag="Y">
        <Form Tag="" Slouniki="yes">а</Form>
    </Paradigm>
    <Paradigm pdgId="1210830" Lemma="аво*й" Tag="Y">
        <Form Tag="" Slouniki="yes">аво*й</Form>
    </Paradigm>
    <Paradigm pdgId="1210831" Lemma="аво*хці" Tag="Y">
        <Form Tag="" Slouniki="yes">аво*хці</Form>
    </Paradigm>
    <Paradigm pdgId="1126828" Lemma="ага*" Tag="Y">
        <Form Tag="" Slouniki="yes">ага*</Form>
    </Paradigm>
    <Paradigm pdgId="1139984" Lemma="акы*ш" Tag="Y">
        <Form Tag="" Slouniki="yes">акы*ш</Form>
    </Paradigm>
    <Paradigm pdgId="1126831" Lemma="алё*" Tag="Y">
        <Form Tag="" Slouniki="yes">алё*</Form>
    </Paradigm>
    <Paradigm pdgId="1139985" Lemma="алілу*я" Tag="Y">
        <Form Tag="" Slouniki="yes">алілу*я</Form>
    </Paradigm>
    <Paradigm pdgId="1126832" Lemma="ало*" Tag="Y">
        <Form Tag="" Slouniki="yes">ало*</Form>
    </Paradigm>
    <Paradigm pdgId="1210836" Lemma="ат" Tag="Y">
        <Form Tag="" Slouniki="yes">ат</Form>
    </Paradigm>
    <Paradigm pdgId="1210837" Lemma="ату*" Tag="Y">
        <Form Tag="" Slouniki="yes">ату*</Form>
    </Paradigm>
    <Paradigm pdgId="1210838" Lemma="ацю*" Tag="Y">
        <Form Tag="" Slouniki="yes">ацю*</Form>
    </Paradigm>
    <Paradigm pdgId="1210840" Lemma="баба*х" Tag="Y">
        <Form Tag="" Slouniki="yes">баба*х</Form>
    </Paradigm>
    <Paradigm pdgId="1210841" Lemma="бабу*х" Tag="Y">
        <Form Tag="" Slouniki="yes">бабу*х</Form>
    </Paradigm>
    <Paradigm pdgId="1210843" Lemma="бах" Tag="Y">
        <Form Tag="" Slouniki="yes">бах</Form>
    </Paradigm>
    <Paradigm pdgId="1210844" Lemma="бе" Tag="Y">
        <Form Tag="" Slouniki="yes">бе</Form>
    </Paradigm>
    <Paradigm pdgId="1126835" Lemma="біс" Tag="Y">
        <Form Tag="" Slouniki="yes">біс</Form>
    </Paradigm>
    <Paradigm pdgId="1139986" Lemma="блісь" Tag="Y">
        <Form Tag="" Slouniki="yes">блісь</Form>
    </Paradigm>
    <Paradigm pdgId="1210845" Lemma="богпо*мач" Tag="Y">
        <Form Tag="" Slouniki="yes">богпо*мач</Form>
    </Paradigm>
    <Paradigm pdgId="1210847" Lemma="бом" Tag="Y">
        <Form Tag="" Slouniki="yes">бом</Form>
    </Paradigm>
    <Paradigm pdgId="1210848" Lemma="боўць" Tag="Y">
        <Form Tag="" Slouniki="yes">боўць</Form>
    </Paradigm>
    <Paradigm pdgId="1126841" Lemma="бра*ва" Tag="Y">
        <Form Tag="" Slouniki="yes">бра*ва</Form>
    </Paradigm>
    <Paradigm pdgId="1210849" Lemma="браві*сіма" Tag="Y">
        <Form Tag="" Slouniki="yes">браві*сіма</Form>
    </Paradigm>
    <Paradigm pdgId="1139987" Lemma="бразь" Tag="Y">
        <Form Tag="" Slouniki="yes">бразь</Form>
    </Paradigm>
    <Paradigm pdgId="1210850" Lemma="брр" Tag="Y">
        <Form Tag="" Slouniki="yes">брр</Form>
    </Paradigm>
    <Paradigm pdgId="1210851" Lemma="брык" Tag="Y">
        <Form Tag="" Slouniki="yes">брык</Form>
    </Paradigm>
    <Paradigm pdgId="1210852" Lemma="буль-буль" Tag="Y">
        <Form Tag="" Slouniki="yes">буль-буль</Form>
    </Paradigm>
    <Paradigm pdgId="1210853" Lemma="бух" Tag="Y">
        <Form Tag="" Slouniki="yes">бух</Form>
    </Paradigm>
    <Paradigm pdgId="1139990" Lemma="верць" Tag="Y">
        <Form Tag="" Slouniki="yes">верць</Form>
    </Paradigm>
    <Paradigm pdgId="1139988" Lemma="віва*т" Tag="Y">
        <Form Tag="" Slouniki="yes">віва*т</Form>
    </Paradigm>
    <Paradigm pdgId="1139989" Lemma="ві*ра" Tag="Y">
        <Form Tag="" Slouniki="yes">ві*ра</Form>
    </Paradigm>
    <Paradigm pdgId="1139991" Lemma="вой" Tag="Y">
        <Form Tag="" Slouniki="yes">вой</Form>
    </Paradigm>
    <Paradigm pdgId="1139992" Lemma="вон" Tag="Y">
        <Form Tag="" Slouniki="yes">вон</Form>
    </Paradigm>
    <Paradigm pdgId="1210854" Lemma="вох" Tag="Y">
        <Form Tag="" Slouniki="yes">вох</Form>
    </Paradigm>
    <Paradigm pdgId="1210855" Lemma="во*хці" Tag="Y">
        <Form Tag="" Slouniki="yes">во*хці</Form>
    </Paradigm>
    <Paradigm pdgId="1210856" Lemma="вух" Tag="Y">
        <Form Tag="" Slouniki="yes">вух</Form>
    </Paradigm>
    <Paradigm pdgId="1126847" Lemma="га*йда" Tag="Y">
        <Form Tag="" Slouniki="yes">га*йда</Form>
        <Form Tag="" Slouniki="yes">гайда*</Form>
    </Paradigm>
    <Paradigm pdgId="1139994" Lemma="гам" Tag="Y">
        <Form Tag="" Slouniki="yes">гам</Form>
    </Paradigm>
    <Paradigm pdgId="1139993" Lemma="гаў" Tag="Y">
        <Form Tag="" Slouniki="yes">гаў</Form>
    </Paradigm>
    <Paradigm pdgId="1210857" Lemma="гм" Tag="Y">
        <Form Tag="" Slouniki="yes">гм</Form>
    </Paradigm>
    <Paradigm pdgId="1139995" Lemma="го" Tag="Y">
        <Form Tag="" Slouniki="yes">го</Form>
    </Paradigm>
    <Paradigm pdgId="1126848" Lemma="го*дзе" Tag="Y">
        <Form Tag="" Slouniki="yes">го*дзе</Form>
    </Paradigm>
    <Paradigm pdgId="1210858" Lemma="гоп" Tag="Y">
        <Form Tag="" Slouniki="yes">гоп</Form>
    </Paradigm>
    <Paradigm pdgId="1210859" Lemma="го*пля" Tag="Y">
        <Form Tag="" Slouniki="yes">го*пля</Form>
    </Paradigm>
    <Paradigm pdgId="1210860" Lemma="гоц" Tag="Y">
        <Form Tag="" Slouniki="yes">гоц</Form>
    </Paradigm>
    <Paradigm pdgId="1210861" Lemma="гу" Tag="Y">
        <Form Tag="" Slouniki="yes">гу</Form>
    </Paradigm>
    <Paradigm pdgId="1210862" Lemma="гугу*" Tag="Y">
        <Form Tag="" Slouniki="yes">гугу*</Form>
    </Paradigm>
    <Paradigm pdgId="1139996" Lemma="гу-гу*" Tag="Y">
        <Form Tag="" Slouniki="yes">гу-гу*</Form>
    </Paradigm>
    <Paradigm pdgId="1210863" Lemma="гэ" Tag="Y">
        <Form Tag="" Slouniki="yes">гэ</Form>
    </Paradigm>
    <Paradigm pdgId="1139997" Lemma="гэй" Tag="Y">
        <Form Tag="" Slouniki="yes">гэй</Form>
    </Paradigm>
    <Paradigm pdgId="1126853" Lemma="дабра*нач" Tag="Y">
        <Form Tag="" Slouniki="yes">дабра*нач</Form>
    </Paradigm>
    <Paradigm pdgId="1210864" Lemma="дабры*дзень" Tag="Y">
        <Form Tag="" Slouniki="yes">дабры*дзень</Form>
    </Paradigm>
    <Paradigm pdgId="1210865" Lemma="дадушы*" Tag="Y">
        <Form Tag="" Slouniki="yes">дадушы*</Form>
    </Paradigm>
    <Paradigm pdgId="1210866" Lemma="далібо*г" Tag="Y">
        <Form Tag="" Slouniki="yes">далібо*г</Form>
    </Paradigm>
    <Paradigm pdgId="1210867" Lemma="дальбо*г" Tag="Y">
        <Form Tag="" Slouniki="yes">дальбо*г</Form>
    </Paradigm>
    <Paradigm pdgId="1126854" Lemma="дару*йце" Tag="Y">
        <Form Tag="" Slouniki="yes">дару*йце</Form>
    </Paradigm>
    <Paradigm pdgId="1139998" Lemma="дзінь" Tag="Y">
        <Form Tag="" Slouniki="yes">дзінь</Form>
    </Paradigm>
    <Paradigm pdgId="1139999" Lemma="дзінь-дзінь" Tag="Y">
        <Form Tag="" Slouniki="yes">дзінь-дзінь</Form>
    </Paradigm>
    <Paradigm pdgId="1140000" Lemma="дзын" Tag="Y">
        <Form Tag="" Slouniki="yes">дзын</Form>
    </Paradigm>
    <Paradigm pdgId="1140001" Lemma="дзын-дзы*н" Tag="Y">
        <Form Tag="" Slouniki="yes">дзын-дзы*н</Form>
    </Paradigm>
    <Paradigm pdgId="1126856" Lemma="дзя*куй" Tag="Y">
        <Form Tag="" Slouniki="yes">дзя*куй</Form>
    </Paradigm>
    <Paradigm pdgId="1126859" Lemma="до*люхна" Tag="Y">
        <Form Tag="" Slouniki="yes">до*люхна</Form>
    </Paradigm>
    <Paradigm pdgId="1210871" Lemma="дыб-дыб" Tag="Y">
        <Form Tag="" Slouniki="yes">дыб-дыб</Form>
    </Paradigm>
    <Paradigm pdgId="1140002" Lemma="ей-ей" Tag="Y">
        <Form Tag="" Slouniki="yes">ей-ей</Form>
    </Paradigm>
    <Paradigm pdgId="1126860" Lemma="жах" Tag="Y">
        <Form Tag="" Slouniki="yes">жах</Form>
    </Paradigm>
    <Paradigm pdgId="1126862" Lemma="здаро*ў" Tag="Y">
        <Form Tag="" Slouniki="yes">здаро*ў</Form>
    </Paradigm>
    <Paradigm pdgId="1140004" Lemma="здо*рава" Tag="Y">
        <Form Tag="" Slouniki="yes">здо*рава</Form>
    </Paradigm>
    <Paradigm pdgId="1210873" Lemma="зірк" Tag="Y">
        <Form Tag="" Slouniki="yes">зірк</Form>
    </Paradigm>
    <Paradigm pdgId="1126863" Lemma="караву*л" Tag="Y">
        <Form Tag="" Slouniki="yes">караву*л</Form>
    </Paradigm>
    <Paradigm pdgId="1210875" Lemma="каўзе*ль" Tag="Y">
        <Form Tag="" Slouniki="yes">каўзе*ль</Form>
    </Paradigm>
    <Paradigm pdgId="1140007" Lemma="квак" Tag="Y">
        <Form Tag="" Slouniki="yes">квак</Form>
    </Paradigm>
    <Paradigm pdgId="1140005" Lemma="кіс-кіс" Tag="Y">
        <Form Tag="" Slouniki="yes">кіс-кіс</Form>
    </Paradigm>
    <Paradigm pdgId="1140006" Lemma="кіц-кіц" Tag="Y">
        <Form Tag="" Slouniki="yes">кіц-кіц</Form>
    </Paradigm>
    <Paradigm pdgId="1126864" Lemma="кось-кось" Tag="Y">
        <Form Tag="" Slouniki="yes">кось-кось</Form>
    </Paradigm>
    <Paradigm pdgId="1210877" Lemma="коўзь" Tag="Y">
        <Form Tag="" Slouniki="yes">коўзь</Form>
    </Paradigm>
    <Paradigm pdgId="1210878" Lemma="крамзе*ль" Tag="Y">
        <Form Tag="" Slouniki="yes">крамзе*ль</Form>
    </Paradigm>
    <Paradigm pdgId="1210879" Lemma="круць" Tag="Y">
        <Form Tag="" Slouniki="yes">круць</Form>
    </Paradigm>
    <Paradigm pdgId="1140008" Lemma="круць-верць" Tag="Y">
        <Form Tag="" Slouniki="yes">круць-верць</Form>
    </Paradigm>
    <Paradigm pdgId="1140009" Lemma="ку-ка-рэ*-ку" Tag="Y">
        <Form Tag="" Slouniki="yes">ку-ка-рэ*-ку</Form>
        <Form Tag="" Slouniki="yes">ку-ка-рэ-ку*</Form>
    </Paradigm>
    <Paradigm pdgId="1140010" Lemma="ку-ку*" Tag="Y">
        <Form Tag="" Slouniki="yes">ку-ку*</Form>
    </Paradigm>
    <Paradigm pdgId="1126867" Lemma="кыш" Tag="Y">
        <Form Tag="" Slouniki="yes">кыш</Form>
    </Paradigm>
    <Paradigm pdgId="1210883" Lemma="лоп" Tag="Y">
        <Form Tag="" Slouniki="yes">лоп</Form>
    </Paradigm>
    <Paradigm pdgId="1210890" Lemma="лю*лі-лю*лі" Tag="Y">
        <Form Tag="" Slouniki="yes">лю*лі-лю*лі</Form>
    </Paradigm>
    <Paradigm pdgId="1210891" Lemma="лясь" Tag="Y">
        <Form Tag="" Slouniki="yes">лясь</Form>
    </Paradigm>
    <Paradigm pdgId="1210892" Lemma="ма*йна" Tag="Y">
        <Form Tag="" Slouniki="yes">ма*йна</Form>
    </Paradigm>
    <Paradigm pdgId="1126868" Lemma="марш" Tag="Y">
        <Form Tag="" Slouniki="yes">марш</Form>
    </Paradigm>
    <Paradigm pdgId="1210895" Lemma="мац" Tag="Y">
        <Form Tag="" Slouniki="yes">мац</Form>
    </Paradigm>
    <Paradigm pdgId="1210896" Lemma="мірг" Tag="Y">
        <Form Tag="" Slouniki="yes">мірг</Form>
    </Paradigm>
    <Paradigm pdgId="1210900" Lemma="мяў" Tag="Y">
        <Form Tag="" Slouniki="yes">мяў</Form>
    </Paradigm>
    <Paradigm pdgId="1140013" Lemma="ні-ні" Tag="Y">
        <Form Tag="" Slouniki="yes">ні-ні</Form>
    </Paradigm>
    <Paradigm pdgId="1126873" Lemma="но" Tag="Y">
        <Form Tag="" Slouniki="yes">но</Form>
    </Paradigm>
    <Paradigm pdgId="1126874" Lemma="ну" Tag="Y">
        <Form Tag="" Slouniki="yes">ну</Form>
    </Paradigm>
    <Paradigm pdgId="1140014" Lemma="ну-ну" Tag="Y">
        <Form Tag="" Slouniki="yes">ну-ну</Form>
    </Paradigm>
    <Paradigm pdgId="1126875" Lemma="о" Tag="Y">
        <Form Tag="" Slouniki="yes">о</Form>
    </Paradigm>
    <Paradigm pdgId="1126877" Lemma="ого*" Tag="Y">
        <Form Tag="" Slouniki="yes">ого*</Form>
    </Paradigm>
    <Paradigm pdgId="1126876" Lemma="о-го-го*" Tag="Y">
        <Form Tag="" Slouniki="yes">о-го-го*</Form>
    </Paradigm>
    <Paradigm pdgId="1126878" Lemma="ой" Tag="Y">
        <Form Tag="" Slouniki="yes">ой</Form>
    </Paradigm>
    <Paradigm pdgId="1126880" Lemma="ох" Tag="Y">
        <Form Tag="" Slouniki="yes">ох</Form>
    </Paradigm>
    <Paradigm pdgId="1210901" Lemma="палу*ндра" Tag="Y">
        <Form Tag="" Slouniki="yes">палу*ндра</Form>
    </Paradigm>
    <Paradigm pdgId="1210903" Lemma="паф" Tag="Y">
        <Form Tag="" Slouniki="yes">паф</Form>
    </Paradigm>
    <Paradigm pdgId="1210905" Lemma="піф-па*ф" Tag="Y">
        <Form Tag="" Slouniki="yes">піф-па*ф</Form>
    </Paradigm>
    <Paradigm pdgId="1126885" Lemma="прыве*т" Tag="Y">
        <Form Tag="" Slouniki="yes">прыве*т</Form>
    </Paradigm>
    <Paradigm pdgId="1126884" Lemma="прывіта*нне" Tag="Y">
        <Form Tag="" Slouniki="yes">прывіта*нне</Form>
    </Paradigm>
    <Paradigm pdgId="1140015" Lemma="СОС" Tag="Y">
        <Form Tag="" Slouniki="yes">СОС</Form>
        <Form Tag="" Slouniki="yes">сос</Form>
    </Paradigm>
    <Paradigm pdgId="1126887" Lemma="стоп" Tag="Y">
        <Form Tag="" Slouniki="yes">стоп</Form>
    </Paradigm>
    <Paradigm pdgId="1140019" Lemma="тпру" Tag="Y">
        <Form Tag="" Slouniki="yes">тпру</Form>
    </Paradigm>
    <Paradigm pdgId="1140020" Lemma="трах-тарара*х" Tag="Y">
        <Form Tag="" Slouniki="yes">трах-тарара*х</Form>
    </Paradigm>
    <Paradigm pdgId="1210920" Lemma="трух-тру*х" Tag="Y">
        <Form Tag="" Slouniki="yes">трух-тру*х</Form>
    </Paradigm>
    <Paradigm pdgId="1126888" Lemma="трэ*ба" Tag="Y">
        <Form Tag="" Slouniki="yes">трэ*ба</Form>
    </Paradigm>
    <Paradigm pdgId="1210927" Lemma="тыц" Tag="Y">
        <Form Tag="" Slouniki="yes">тыц</Form>
    </Paradigm>
    <Paradigm pdgId="1140022" Lemma="уа*" Tag="Y">
        <Form Tag="" Slouniki="yes">уа*</Form>
    </Paradigm>
    <Paradigm pdgId="1126891" Lemma="ура*" Tag="Y">
        <Form Tag="" Slouniki="yes">ура*</Form>
    </Paradigm>
    <Paradigm pdgId="1126894" Lemma="ух" Tag="Y">
        <Form Tag="" Slouniki="yes">ух</Form>
    </Paradigm>
    <Paradigm pdgId="1140025" Lemma="фізку*льт-ура*" Tag="Y">
        <Form Tag="" Slouniki="yes">фізку*льт-ура*</Form>
    </Paradigm>
    <Paradigm pdgId="1210929" Lemma="ха" Tag="Y">
        <Form Tag="" Slouniki="yes">ха</Form>
    </Paradigm>
    <Paradigm pdgId="1126895" Lemma="хі*ба" Tag="Y">
        <Form Tag="" Slouniki="yes">хі*ба</Form>
        <Form Tag="" Slouniki="yes">хіба*</Form>
    </Paradigm>
    <Paradigm pdgId="1140028" Lemma="хі-хі*" Tag="Y">
        <Form Tag="" Slouniki="yes">хі-хі*</Form>
    </Paradigm>
    <Paradigm pdgId="1210942" Lemma="хрась" Tag="Y">
        <Form Tag="" Slouniki="yes">хрась</Form>
    </Paradigm>
    <Paradigm pdgId="1210943" Lemma="хрумсь" Tag="Y">
        <Form Tag="" Slouniki="yes">хрумсь</Form>
    </Paradigm>
    <Paradigm pdgId="1210948" Lemma="цап-ла*п" Tag="Y">
        <Form Tag="" Slouniki="yes">цап-ла*п</Form>
    </Paradigm>
    <Paradigm pdgId="1210950" Lemma="цік-та*к" Tag="Y">
        <Form Tag="" Slouniki="yes">цік-та*к</Form>
    </Paradigm>
    <Paradigm pdgId="1210952" Lemma="цік-цік" Tag="Y">
        <Form Tag="" Slouniki="yes">цік-цік</Form>
    </Paradigm>
    <Paradigm pdgId="1140033" Lemma="ціп-ці*п" Tag="Y">
        <Form Tag="" Slouniki="yes">ціп-ці*п</Form>
    </Paradigm>
    <Paradigm pdgId="1140032" Lemma="ціў-ці*ў" Tag="Y">
        <Form Tag="" Slouniki="yes">ціў-ці*ў</Form>
    </Paradigm>
    <Paradigm pdgId="1140035" Lemma="цып-цып" Tag="Y">
        <Form Tag="" Slouniki="yes">цып-цып</Form>
    </Paradigm>
    <Paradigm pdgId="1210961" Lemma="цяп-ля*п" Tag="Y">
        <Form Tag="" Slouniki="yes">цяп-ля*п</Form>
    </Paradigm>
    <Paradigm pdgId="1140037" Lemma="чых" Tag="Y">
        <Form Tag="" Slouniki="yes">чых</Form>
    </Paradigm>
    <Paradigm pdgId="1126897" Lemma="ша" Tag="Y">
        <Form Tag="" Slouniki="yes">ша</Form>
    </Paradigm>
    <Paradigm pdgId="1210977" Lemma="шах-ма*х" Tag="Y">
        <Form Tag="" Slouniki="yes">шах-ма*х</Form>
    </Paradigm>
    <Paradigm pdgId="1210979" Lemma="шморг" Tag="Y">
        <Form Tag="" Slouniki="yes">шморг</Form>
    </Paradigm>
    <Paradigm pdgId="1210980" Lemma="шмыг" Tag="Y">
        <Form Tag="" Slouniki="yes">шмыг</Form>
    </Paradigm>
    <Paradigm pdgId="1210981" Lemma="шмяк" Tag="Y">
        <Form Tag="" Slouniki="yes">шмяк</Form>
    </Paradigm>
    <Paradigm pdgId="1210984" Lemma="штурх" Tag="Y">
        <Form Tag="" Slouniki="yes">штурх</Form>
    </Paradigm>
    <Paradigm pdgId="1210987" Lemma="ш-ш" Tag="Y">
        <Form Tag="" Slouniki="yes">ш-ш</Form>
    </Paradigm>
    <Paradigm pdgId="1210989" Lemma="эге-ге*" Tag="Y">
        <Form Tag="" Slouniki="yes">эге-ге*</Form>
    </Paradigm>
    <Paradigm pdgId="1210991" Lemma="э-хе-хе*" Tag="Y">
        <Form Tag="" Slouniki="yes">э-хе-хе*</Form>
    </Paradigm>
</Wordlist>
