<?xml version="1.0" encoding="UTF-8" standalone="yes"?>
<Wordlist>
    <Paradigm pdgId="1161027" Lemma="адна*к" Tag="Z">
        <Form Tag="" Slouniki="yes">адна*к</Form>
    </Paradigm>
    <Paradigm pdgId="1159713" Lemma="віда*ць" Tag="Z">
        <Form Tag="" Slouniki="yes">віда*ць</Form>
    </Paradigm>
    <Paradigm pdgId="1160151" Lemma="зна*чыць" Tag="Z">
        <Form Tag="" Slouniki="yes">зна*чыць</Form>
    </Paradigm>
    <Paradigm pdgId="1146259" Lemma="ма*быць" Tag="Z">
        <Form Tag="" Slouniki="yes">ма*быць</Form>
    </Paradigm>
    <Paradigm pdgId="1127927" Lemma="магчы*ма" Tag="Z">
        <Form Tag="" Slouniki="yes">магчы*ма</Form>
    </Paradigm>
    <Paradigm pdgId="1210996" Lemma="му*сібыць" Tag="Z">
        <Form Tag="" Slouniki="yes">му*сібыць</Form>
    </Paradigm>
    <Paradigm pdgId="1127928" Lemma="му*сіць" Tag="Z">
        <Form Tag="" Slouniki="yes">му*сіць</Form>
    </Paradigm>
    <Paradigm pdgId="1161028" Lemma="наадваро*т" Tag="Z">
        <Form Tag="" Slouniki="yes">наадваро*т</Form>
    </Paradigm>
    <Paradigm pdgId="1127926" Lemma="напры*клад" Tag="Z">
        <Form Tag="" Slouniki="yes">напры*клад</Form>
    </Paradigm>
    <Paradigm pdgId="1210998" Lemma="па-дзявя*тае" Tag="Z">
        <Form Tag="" Slouniki="yes">па-дзявя*тае</Form>
    </Paradigm>
    <Paradigm pdgId="1210999" Lemma="па-дзяся*тае" Tag="Z">
        <Form Tag="" Slouniki="yes">па-дзяся*тае</Form>
    </Paradigm>
    <Paradigm pdgId="1211000" Lemma="па-пя*тае" Tag="Z">
        <Form Tag="" Slouniki="yes">па-пя*тае</Form>
    </Paradigm>
    <Paradigm pdgId="1211001" Lemma="па-сё*мае" Tag="Z">
        <Form Tag="" Slouniki="yes">па-сё*мае</Form>
    </Paradigm>
    <Paradigm pdgId="1211002" Lemma="па-чацвё*ртае" Tag="Z">
        <Form Tag="" Slouniki="yes">па-чацвё*ртае</Form>
    </Paradigm>
    <Paradigm pdgId="1211003" Lemma="па-шо*стае" Tag="Z">
        <Form Tag="" Slouniki="yes">па-шо*стае</Form>
    </Paradigm>
    <Paradigm pdgId="1145613" Lemma="прына*мсі" Tag="Z">
        <Form Tag="" Slouniki="yes">прына*мсі</Form>
    </Paradigm>
    <Paradigm pdgId="1161026" Lemma="так" Tag="Z">
        <Form Tag="" Slouniki="yes">так</Form>
    </Paradigm>
</Wordlist>
