<?xml version="1.0" encoding="UTF-8" standalone="yes"?>
<Wordlist>
    <Paradigm pdgId="1126904" Lemma="а" Tag="CKX">
        <Form Tag="">а</Form>
    </Paradigm>
    <Paradigm pdgId="1126905" Lemma="або" Tag="CKX">
        <Form Tag="">або</Form>
    </Paradigm>
    <Paradigm pdgId="1126908" Lemma="аднак" Tag="CKX">
        <Form Tag="">аднак</Form>
    </Paradigm>
    <Paradigm pdgId="1127126" Lemma="адно" Tag="CKX">
        <Form Tag="">адно</Form>
    </Paradigm>
    <Paradigm pdgId="1126910" Lemma="аж" Tag="CKX">
        <Form Tag="">аж</Form>
    </Paradigm>
    <Paradigm pdgId="1126911" Lemma="ажно" Tag="CKX">
        <Form Tag="">ажно</Form>
    </Paradigm>
    <Paradigm pdgId="1126912" Lemma="але" Tag="CKX">
        <Form Tag="">але</Form>
    </Paradigm>
    <Paradigm pdgId="1126913" Lemma="альбо" Tag="CKX">
        <Form Tag="">альбо</Form>
    </Paradigm>
    <Paradigm pdgId="1127137" Lemma="альбо...альбо" Tag="CKX">
        <Form Tag="">альбо...альбо</Form>
    </Paradigm>
    <Paradigm pdgId="1127120" Lemma="а то" Tag="CKX">
        <Form Tag="">а то</Form>
    </Paradigm>
    <Paradigm pdgId="1140039" Lemma="дарма, што" Tag="CKX">
        <Form Tag="">дарма, што</Form>
    </Paradigm>
    <Paradigm pdgId="1126920" Lemma="ды" Tag="CKX">
        <Form Tag="">ды</Form>
    </Paradigm>
    <Paradigm pdgId="1127145" Lemma="ды" Tag="CKX">
        <Form Tag="">ды</Form>
    </Paradigm>
    <Paradigm pdgId="1127129" Lemma="ды і" Tag="CKX">
        <Form Tag="">ды і</Form>
    </Paradigm>
    <Paradigm pdgId="1127130" Lemma="ды і то" Tag="CKX">
        <Form Tag="">ды і то</Form>
    </Paradigm>
    <Paradigm pdgId="1126921" Lemma="дый" Tag="CKX">
        <Form Tag="">дый</Form>
    </Paradigm>
    <Paradigm pdgId="1127128" Lemma="дый то" Tag="CKX">
        <Form Tag="">дый то</Form>
    </Paradigm>
    <Paradigm pdgId="1126923" Lemma="ж" Tag="CKX">
        <Form Tag="">ж</Form>
    </Paradigm>
    <Paradigm pdgId="1126924" Lemma="жа" Tag="CKX">
        <Form Tag="">жа</Form>
    </Paradigm>
    <Paradigm pdgId="1126928" Lemma="затое" Tag="CKX">
        <Form Tag="">затое</Form>
    </Paradigm>
    <Paradigm pdgId="1140040" Lemma="зрэшты" Tag="CKX">
        <Form Tag="">зрэшты</Form>
    </Paradigm>
    <Paradigm pdgId="1126931" Lemma="і" Tag="CKX">
        <Form Tag="">і</Form>
    </Paradigm>
    <Paradigm pdgId="1127124" Lemma="інакш" Tag="CKX">
        <Form Tag="">інакш</Form>
    </Paradigm>
    <Paradigm pdgId="1140038" Lemma="іначай" Tag="CKX">
        <Form Tag="">іначай</Form>
    </Paradigm>
    <Paradigm pdgId="1126932" Lemma="й" Tag="CKX">
        <Form Tag="">й</Form>
    </Paradigm>
    <Paradigm pdgId="1126939" Lemma="нават" Tag="CKX">
        <Form Tag="">нават</Form>
    </Paradigm>
    <Paradigm pdgId="1127140" Lemma="не то...не то" Tag="CKX">
        <Form Tag="">не то...не то</Form>
    </Paradigm>
    <Paradigm pdgId="1127132" Lemma="не толькі...а і" Tag="CKX">
        <Form Tag="">не толькі...а і</Form>
    </Paradigm>
    <Paradigm pdgId="1127131" Lemma="не толькі...але і" Tag="CKX">
        <Form Tag="">не толькі...але і</Form>
    </Paradigm>
    <Paradigm pdgId="1127122" Lemma="не то што...а" Tag="CKX">
        <Form Tag="">не то што...а</Form>
    </Paradigm>
    <Paradigm pdgId="1127133" Lemma="не то што...а" Tag="CKX">
        <Form Tag="">не то што...а</Form>
    </Paradigm>
    <Paradigm pdgId="1127134" Lemma="не то што...а і" Tag="CKX">
        <Form Tag="">не то што...а і</Form>
    </Paradigm>
    <Paradigm pdgId="1127121" Lemma="не то што...але" Tag="CKX">
        <Form Tag="">не то што...але</Form>
    </Paradigm>
    <Paradigm pdgId="1127136" Lemma="не то што...але" Tag="CKX">
        <Form Tag="">не то што...але</Form>
    </Paradigm>
    <Paradigm pdgId="1127135" Lemma="не то што...але і" Tag="CKX">
        <Form Tag="">не то што...але і</Form>
    </Paradigm>
    <Paradigm pdgId="1127119" Lemma="ні...ні" Tag="CKX">
        <Form Tag="">ні...ні</Form>
    </Paradigm>
    <Paradigm pdgId="1140041" Lemma="пастолькі" Tag="CKX">
        <Form Tag="">пастолькі</Form>
    </Paradigm>
    <Paradigm pdgId="1140042" Lemma="прытым" Tag="CKX">
        <Form Tag="">прытым</Form>
    </Paradigm>
    <Paradigm pdgId="1140043" Lemma="прычым" Tag="CKX">
        <Form Tag="">прычым</Form>
    </Paradigm>
    <Paradigm pdgId="1160169" Lemma="таксама" Tag="CKX">
        <Form Tag="">таксама</Form>
    </Paradigm>
    <Paradigm pdgId="1160168" Lemma="таму" Tag="CKX">
        <Form Tag="">таму</Form>
    </Paradigm>
    <Paradigm pdgId="1127139" Lemma="то...то" Tag="CKX">
        <Form Tag="">то...то</Form>
    </Paradigm>
    <Paradigm pdgId="1127148" Lemma="толькі" Tag="CKX">
        <Form Tag="">толькі</Form>
    </Paradigm>
    <Paradigm pdgId="1140048" Lemma="усё-такі" Tag="CKX">
        <Form Tag="">усё-такі</Form>
    </Paradigm>
    <Paradigm pdgId="1126963" Lemma="ці" Tag="CKX">
        <Form Tag="">ці</Form>
    </Paradigm>
    <Paradigm pdgId="1127138" Lemma="ці...ці" Tag="CKX">
        <Form Tag="">ці...ці</Form>
    </Paradigm>
    <Paradigm pdgId="1127123" Lemma="чаму" Tag="CKX">
        <Form Tag="">чаму</Form>
    </Paradigm>
    <Paradigm pdgId="1127118" Lemma="як...так і" Tag="CKX">
        <Form Tag="">як...так і</Form>
    </Paradigm>
</Wordlist>
