<?xml version="1.0" encoding="UTF-8" standalone="yes"?>
<Wordlist>
    <Paradigm pdgId="1126906" Lemma="абы" Tag="CSX">
        <Form Tag="">абы</Form>
    </Paradigm>
    <Paradigm pdgId="1127143" Lemma="абы" Tag="CSX">
        <Form Tag="">абы</Form>
    </Paradigm>
    <Paradigm pdgId="1126909" Lemma="ад таго, што" Tag="CSX">
        <Form Tag="">ад таго, што</Form>
    </Paradigm>
    <Paradigm pdgId="1127142" Lemma="аж" Tag="CSX">
        <Form Tag="">аж</Form>
    </Paradigm>
    <Paradigm pdgId="1126914" Lemma="бо" Tag="CSX">
        <Form Tag="">бо</Form>
    </Paradigm>
    <Paradigm pdgId="1126915" Lemma="бы" Tag="CSX">
        <Form Tag="">бы</Form>
    </Paradigm>
    <Paradigm pdgId="1126916" Lemma="быццам" Tag="CSX">
        <Form Tag="">быццам</Form>
    </Paradigm>
    <Paradigm pdgId="1126919" Lemma="для таго, што" Tag="CSX">
        <Form Tag="">для таго, што</Form>
    </Paradigm>
    <Paradigm pdgId="1126918" Lemma="для таго каб" Tag="CSX">
        <Form Tag="">для таго каб</Form>
    </Paradigm>
    <Paradigm pdgId="1126922" Lemma="дык" Tag="CSX">
        <Form Tag="">дык</Form>
    </Paradigm>
    <Paradigm pdgId="1126930" Lemma="затым, што" Tag="CSX">
        <Form Tag="">затым, што</Form>
    </Paradigm>
    <Paradigm pdgId="1126926" Lemma="з прычыны таго, што" Tag="CSX">
        <Form Tag="">з прычыны таго, што</Form>
    </Paradigm>
    <Paradigm pdgId="1126927" Lemma="з тым каб" Tag="CSX">
        <Form Tag="">з тым каб</Form>
    </Paradigm>
    <Paradigm pdgId="1126933" Lemma="каб" Tag="CSX">
        <Form Tag="">каб</Form>
    </Paradigm>
    <Paradigm pdgId="1127146" Lemma="каб" Tag="CSX">
        <Form Tag="">каб</Form>
    </Paradigm>
    <Paradigm pdgId="1126934" Lemma="калі" Tag="CSX">
        <Form Tag="">калі</Form>
    </Paradigm>
    <Paradigm pdgId="1126935" Lemma="калі б" Tag="CSX">
        <Form Tag="">калі б</Form>
    </Paradigm>
    <Paradigm pdgId="1126942" Lemma="нібы" Tag="CSX">
        <Form Tag="">нібы</Form>
    </Paradigm>
    <Paradigm pdgId="1126943" Lemma="нібыта" Tag="CSX">
        <Form Tag="">нібыта</Form>
    </Paradigm>
    <Paradigm pdgId="1126944" Lemma="нягледзячы на тое што" Tag="CSX">
        <Form Tag="">нягледзячы на тое што</Form>
    </Paradigm>
    <Paradigm pdgId="1126945" Lemma="няхай" Tag="CSX">
        <Form Tag="">няхай</Form>
    </Paradigm>
    <Paradigm pdgId="1126946" Lemma="паколькі" Tag="CSX">
        <Form Tag="">паколькі</Form>
    </Paradigm>
    <Paradigm pdgId="1126947" Lemma="пакуль" Tag="CSX">
        <Form Tag="">пакуль</Form>
    </Paradigm>
    <Paradigm pdgId="1126948" Lemma="пасля таго, як" Tag="CSX">
        <Form Tag="">пасля таго, як</Form>
    </Paradigm>
    <Paradigm pdgId="1126949" Lemma="раз" Tag="CSX">
        <Form Tag="">раз</Form>
    </Paradigm>
    <Paradigm pdgId="1126951" Lemma="тады, як" Tag="CSX">
        <Form Tag="">тады, як</Form>
    </Paradigm>
    <Paradigm pdgId="1126953" Lemma="таму, што" Tag="CSX">
        <Form Tag="">таму, што</Form>
    </Paradigm>
    <Paradigm pdgId="1126954" Lemma="то" Tag="CSX">
        <Form Tag="">то</Form>
    </Paradigm>
    <Paradigm pdgId="1126955" Lemma="толькі" Tag="CSX">
        <Form Tag="">толькі</Form>
    </Paradigm>
    <Paradigm pdgId="1127147" Lemma="толькі" Tag="CSX">
        <Form Tag="">толькі</Form>
    </Paradigm>
    <Paradigm pdgId="1126956" Lemma="тым часам, як" Tag="CSX">
        <Form Tag="">тым часам, як</Form>
    </Paradigm>
    <Paradigm pdgId="1126957" Lemma="у той час, як" Tag="CSX">
        <Form Tag="">у той час, як</Form>
    </Paradigm>
    <Paradigm pdgId="1126958" Lemma="хай" Tag="CSX">
        <Form Tag="">хай</Form>
    </Paradigm>
    <Paradigm pdgId="1126960" Lemma="хіба" Tag="CSX">
        <Form Tag="">хіба</Form>
    </Paradigm>
    <Paradigm pdgId="1126961" Lemma="хоць" Tag="CSX">
        <Form Tag="">хоць</Form>
    </Paradigm>
    <Paradigm pdgId="1126962" Lemma="хоць бы" Tag="CSX">
        <Form Tag="">хоць бы</Form>
    </Paradigm>
    <Paradigm pdgId="1126966" Lemma="чым" Tag="CSX">
        <Form Tag="">чым</Form>
    </Paradigm>
    <Paradigm pdgId="1146206" Lemma="чымся" Tag="CSX">
        <Form Tag="">чымся</Form>
    </Paradigm>
    <Paradigm pdgId="1126967" Lemma="што" Tag="CSX">
        <Form Tag="">што</Form>
    </Paradigm>
    <Paradigm pdgId="1126964" Lemma="як" Tag="CSX">
        <Form Tag="">як</Form>
    </Paradigm>
    <Paradigm pdgId="1126968" Lemma="як" Tag="CSX">
        <Form Tag="">як</Form>
    </Paradigm>
    <Paradigm pdgId="1127150" Lemma="як" Tag="CSX">
        <Form Tag="">як</Form>
    </Paradigm>
    <Paradigm pdgId="1126969" Lemma="як бы" Tag="CSX">
        <Form Tag="">як бы</Form>
    </Paradigm>
    <Paradigm pdgId="1127141" Lemma="як быццам" Tag="CSX">
        <Form Tag="">як быццам</Form>
    </Paradigm>
    <Paradigm pdgId="1126970" Lemma="як толькі" Tag="CSX">
        <Form Tag="">як толькі</Form>
    </Paradigm>
    <Paradigm pdgId="1126971" Lemma="яшчэ" Tag="CSX">
        <Form Tag="">яшчэ</Form>
    </Paradigm>
</Wordlist>
