<?xml version="1.0" encoding="UTF-8" standalone="yes"?>
<Wordlist>
    <Paradigm pdgId="1000005" Lemma="а" Tag="E">
        <Form Tag="">а</Form>
    </Paradigm>
    <Paradigm pdgId="1000006" Lemma="або" Tag="E">
        <Form Tag="">або</Form>
    </Paradigm>
    <Paradigm pdgId="1000007" Lemma="абы" Tag="E">
        <Form Tag="">абы</Form>
    </Paradigm>
    <Paradigm pdgId="1000008" Lemma="абы толькі" Tag="E">
        <Form Tag="">абы толькі</Form>
    </Paradigm>
    <Paradigm pdgId="1000009" Lemma="ага" Tag="E">
        <Form Tag="">ага</Form>
    </Paradigm>
    <Paradigm pdgId="1000010" Lemma="адно" Tag="E">
        <Form Tag="">адно</Form>
    </Paradigm>
    <Paradigm pdgId="1000011" Lemma="аж" Tag="E">
        <Form Tag="">аж</Form>
    </Paradigm>
    <Paradigm pdgId="1000012" Lemma="ажно" Tag="E">
        <Form Tag="">ажно</Form>
    </Paradigm>
    <Paradigm pdgId="1000013" Lemma="акурат" Tag="E">
        <Form Tag="">акурат</Form>
    </Paradigm>
    <Paradigm pdgId="1000014" Lemma="але" Tag="E">
        <Form Tag="">але</Form>
    </Paradigm>
    <Paradigm pdgId="1000015" Lemma="амаль" Tag="E">
        <Form Tag="">амаль</Form>
    </Paradigm>
    <Paradigm pdgId="1000016" Lemma="ані" Tag="E">
        <Form Tag="">ані</Form>
    </Paradigm>
    <Paradigm pdgId="1000017" Lemma="ану" Tag="E">
        <Form Tag="">ану</Form>
    </Paradigm>
    <Paradigm pdgId="1000018" Lemma="б" Tag="E">
        <Form Tag="">б</Form>
    </Paradigm>
    <Paradigm pdgId="1000019" Lemma="бадай" Tag="E">
        <Form Tag="">бадай</Form>
    </Paradigm>
    <Paradigm pdgId="1127112" Lemma="бадай" Tag="E">
        <Form Tag="">бадай</Form>
    </Paradigm>
    <Paradigm pdgId="1000020" Lemma="бадай што" Tag="E">
        <Form Tag="">бадай што</Form>
    </Paradigm>
    <Paradigm pdgId="1000021" Lemma="бач" Tag="E">
        <Form Tag="">бач</Form>
    </Paradigm>
    <Paradigm pdgId="1000022" Lemma="бо" Tag="E">
        <Form Tag="">бо</Form>
    </Paradigm>
    <Paradigm pdgId="1000023" Lemma="бы" Tag="E">
        <Form Tag="">бы</Form>
    </Paradigm>
    <Paradigm pdgId="1000024" Lemma="быццам" Tag="E">
        <Form Tag="">быццам</Form>
    </Paradigm>
    <Paradigm pdgId="1000025" Lemma="быццам бы" Tag="E">
        <Form Tag="">быццам бы</Form>
    </Paradigm>
    <Paradigm pdgId="1127951" Lemma="ведама" Tag="E">
        <Form Tag="">ведама</Form>
    </Paradigm>
    <Paradigm pdgId="1000026" Lemma="во" Tag="E">
        <Form Tag="">во</Form>
    </Paradigm>
    <Paradigm pdgId="1000027" Lemma="вось" Tag="E">
        <Form Tag="">вось</Form>
    </Paradigm>
    <Paradigm pdgId="1127114" Lemma="вось" Tag="E">
        <Form Tag="">вось</Form>
    </Paradigm>
    <Paradigm pdgId="1000028" Lemma="вось ужо" Tag="E">
        <Form Tag="">вось ужо</Form>
    </Paradigm>
    <Paradigm pdgId="1000029" Lemma="вунь" Tag="E">
        <Form Tag="">вунь</Form>
    </Paradigm>
    <Paradigm pdgId="1000031" Lemma="выключна" Tag="E">
        <Form Tag="">выключна</Form>
    </Paradigm>
    <Paradigm pdgId="1000032" Lemma="вядома" Tag="E">
        <Form Tag="">вядома</Form>
    </Paradigm>
    <Paradigm pdgId="1000033" Lemma="гэта" Tag="E">
        <Form Tag="">гэта</Form>
    </Paradigm>
    <Paradigm pdgId="1146239" Lemma="гэтаксама" Tag="E">
        <Form Tag="">гэтаксама</Form>
    </Paradigm>
    <Paradigm pdgId="1000034" Lemma="давай" Tag="E">
        <Form Tag="">давай</Form>
    </Paradigm>
    <Paradigm pdgId="1000035" Lemma="дай" Tag="E">
        <Form Tag="">дай</Form>
    </Paradigm>
    <Paradigm pdgId="1127952" Lemma="дарма" Tag="E">
        <Form Tag="">дарма</Form>
    </Paradigm>
    <Paradigm pdgId="1000036" Lemma="дзе" Tag="E">
        <Form Tag="">дзе</Form>
    </Paradigm>
    <Paradigm pdgId="1000037" Lemma="дзякуй" Tag="E">
        <Form Tag="">дзякуй</Form>
    </Paradigm>
    <Paradigm pdgId="1000038" Lemma="ды" Tag="E">
        <Form Tag="">ды</Form>
    </Paradigm>
    <Paradigm pdgId="1000039" Lemma="дык" Tag="E">
        <Form Tag="">дык</Form>
    </Paradigm>
    <Paradigm pdgId="1000040" Lemma="дык вось" Tag="E">
        <Form Tag="">дык вось</Form>
    </Paradigm>
    <Paradigm pdgId="1000041" Lemma="ж" Tag="E">
        <Form Tag="">ж</Form>
    </Paradigm>
    <Paradigm pdgId="1000042" Lemma="жа" Tag="E">
        <Form Tag="">жа</Form>
    </Paradigm>
    <Paradigm pdgId="1000001" Lemma="і" Tag="E">
        <Form Tag="">і</Form>
        <Form Tag="">й</Form>
    </Paradigm>
    <Paradigm pdgId="1127115" Lemma="і" Tag="E">
        <Form Tag="">і</Form>
        <Form Tag="">й</Form>
    </Paradigm>
    <Paradigm pdgId="1000002" Lemma="іменна" Tag="E">
        <Form Tag="">іменна</Form>
    </Paradigm>
    <Paradigm pdgId="1000003" Lemma="інакш" Tag="E">
        <Form Tag="">інакш</Form>
    </Paradigm>
    <Paradigm pdgId="1000004" Lemma="іначай" Tag="E">
        <Form Tag="">іначай</Form>
    </Paradigm>
    <Paradigm pdgId="1000043" Lemma="каб" Tag="E">
        <Form Tag="">каб</Form>
    </Paradigm>
    <Paradigm pdgId="1000044" Lemma="калі" Tag="E">
        <Form Tag="">калі</Form>
    </Paradigm>
    <Paradigm pdgId="1127953" Lemma="канечне" Tag="E">
        <Form Tag="">канечне</Form>
    </Paradigm>
    <Paradigm pdgId="1127954" Lemma="канешне" Tag="E">
        <Form Tag="">канешне</Form>
    </Paradigm>
    <Paradigm pdgId="1000045" Lemma="куды" Tag="E">
        <Form Tag="">куды</Form>
    </Paradigm>
    <Paradigm pdgId="1000046" Lemma="куды там" Tag="E">
        <Form Tag="">куды там</Form>
    </Paradigm>
    <Paradigm pdgId="1000047" Lemma="менавіта" Tag="E">
        <Form Tag="">менавіта</Form>
    </Paradigm>
    <Paradigm pdgId="1127955" Lemma="мерсі" Tag="E">
        <Form Tag="">мерсі</Form>
    </Paradigm>
    <Paradigm pdgId="1000048" Lemma="можна" Tag="E">
        <Form Tag="">можна</Form>
    </Paradigm>
    <Paradigm pdgId="1000052" Lemma="на" Tag="E">
        <Form Tag="">на</Form>
    </Paradigm>
    <Paradigm pdgId="1127956" Lemma="наадварот" Tag="E">
        <Form Tag="">наадварот</Form>
    </Paradigm>
    <Paradigm pdgId="1000055" Lemma="нават" Tag="E">
        <Form Tag="">нават</Form>
    </Paradigm>
    <Paradigm pdgId="1000056" Lemma="нават і" Tag="E">
        <Form Tag="">нават і</Form>
    </Paradigm>
    <Paradigm pdgId="1000053" Lemma="наўрад" Tag="E">
        <Form Tag="">наўрад</Form>
    </Paradigm>
    <Paradigm pdgId="1000054" Lemma="наўрад ці" Tag="E">
        <Form Tag="">наўрад ці</Form>
    </Paradigm>
    <Paradigm pdgId="1000057" Lemma="нашто ўжо" Tag="E">
        <Form Tag="">нашто ўжо</Form>
    </Paradigm>
    <Paradigm pdgId="1000058" Lemma="не" Tag="E">
        <Form Tag="">не</Form>
    </Paradigm>
    <Paradigm pdgId="1127957" Lemma="нечага" Tag="E">
        <Form Tag="">нечага</Form>
    </Paradigm>
    <Paradigm pdgId="1000049" Lemma="ні" Tag="E">
        <Form Tag="">ні</Form>
    </Paradigm>
    <Paradigm pdgId="1127113" Lemma="ні" Tag="E">
        <Form Tag="">ні</Form>
    </Paradigm>
    <Paradigm pdgId="1000050" Lemma="нібы" Tag="E">
        <Form Tag="">нібы</Form>
    </Paradigm>
    <Paradigm pdgId="1000051" Lemma="нібыта" Tag="E">
        <Form Tag="">нібыта</Form>
    </Paradigm>
    <Paradigm pdgId="1000059" Lemma="ну" Tag="E">
        <Form Tag="">ну</Form>
    </Paradigm>
    <Paradigm pdgId="1127958" Lemma="ну-ну" Tag="E">
        <Form Tag="">ну-ну</Form>
    </Paradigm>
    <Paradigm pdgId="1000060" Lemma="ня" Tag="E">
        <Form Tag="">ня</Form>
    </Paradigm>
    <Paradigm pdgId="1000061" Lemma="няўжо" Tag="E">
        <Form Tag="">няўжо</Form>
    </Paradigm>
    <Paradigm pdgId="1000062" Lemma="няхай" Tag="E">
        <Form Tag="">няхай</Form>
    </Paradigm>
    <Paradigm pdgId="1000063" Lemma="ось" Tag="E">
        <Form Tag="">ось</Form>
    </Paradigm>
    <Paradigm pdgId="1000064" Lemma="от" Tag="E">
        <Form Tag="">от</Form>
    </Paradigm>
    <Paradigm pdgId="1127959" Lemma="папросту" Tag="E">
        <Form Tag="">папросту</Form>
    </Paradigm>
    <Paradigm pdgId="1000065" Lemma="проста" Tag="E">
        <Form Tag="">проста</Form>
    </Paradigm>
    <Paradigm pdgId="1127960" Lemma="проста-такі" Tag="E">
        <Form Tag="">проста-такі</Form>
    </Paradigm>
    <Paradigm pdgId="1000066" Lemma="прыблізна" Tag="E">
        <Form Tag="">прыблізна</Form>
    </Paradigm>
    <Paradigm pdgId="1000067" Lemma="сабе" Tag="E">
        <Form Tag="">сабе</Form>
    </Paradigm>
    <Paradigm pdgId="1000068" Lemma="сапраўды" Tag="E">
        <Form Tag="">сапраўды</Form>
    </Paradigm>
    <Paradigm pdgId="1000069" Lemma="так" Tag="E">
        <Form Tag="">так</Form>
    </Paradigm>
    <Paradigm pdgId="1127111" Lemma="так" Tag="E">
        <Form Tag="">так</Form>
    </Paradigm>
    <Paradigm pdgId="1127961" Lemma="такі" Tag="E">
        <Form Tag="">такі</Form>
    </Paradigm>
    <Paradigm pdgId="1000070" Lemma="таксама" Tag="E">
        <Form Tag="">таксама</Form>
    </Paradigm>
    <Paradigm pdgId="1000071" Lemma="там" Tag="E">
        <Form Tag="">там</Form>
    </Paradigm>
    <Paradigm pdgId="1000072" Lemma="толькі" Tag="E">
        <Form Tag="">толькі</Form>
    </Paradigm>
    <Paradigm pdgId="1000073" Lemma="трэба" Tag="E">
        <Form Tag="">трэба</Form>
    </Paradigm>
    <Paradigm pdgId="1000074" Lemma="тут" Tag="E">
        <Form Tag="">тут</Form>
    </Paradigm>
    <Paradigm pdgId="1000075" Lemma="угу" Tag="E">
        <Form Tag="">угу</Form>
    </Paradigm>
    <Paradigm pdgId="1000076" Lemma="ужо" Tag="E">
        <Form Tag="">ужо</Form>
        <Form Tag="">ўжо</Form>
    </Paradigm>
    <Paradigm pdgId="1000077" Lemma="унь" Tag="E">
        <Form Tag="">унь</Form>
    </Paradigm>
    <Paradigm pdgId="1000078" Lemma="усё" Tag="E">
        <Form Tag="">усё</Form>
        <Form Tag="">ўсё</Form>
    </Paradigm>
    <Paradigm pdgId="1127962" Lemma="усё-такі" Tag="E">
        <Form Tag="">усё-такі</Form>
    </Paradigm>
    <Paradigm pdgId="1000080" Lemma="хай" Tag="E">
        <Form Tag="">хай</Form>
    </Paradigm>
    <Paradigm pdgId="1000081" Lemma="хаця" Tag="E">
        <Form Tag="">хаця</Form>
    </Paradigm>
    <Paradigm pdgId="1000079" Lemma="хіба" Tag="E">
        <Form Tag="">хіба</Form>
    </Paradigm>
    <Paradigm pdgId="1000082" Lemma="хоць" Tag="E">
        <Form Tag="">хоць</Form>
    </Paradigm>
    <Paradigm pdgId="1000083" Lemma="ці" Tag="E">
        <Form Tag="">ці</Form>
    </Paradigm>
    <Paradigm pdgId="1000084" Lemma="чыста" Tag="E">
        <Form Tag="">чыста</Form>
    </Paradigm>
    <Paradigm pdgId="1000085" Lemma="што за" Tag="E">
        <Form Tag="">што за</Form>
    </Paradigm>
    <Paradigm pdgId="1127117" Lemma="што за" Tag="E">
        <Form Tag="">што за</Form>
    </Paradigm>
    <Paradigm pdgId="1000000" Lemma="як" Tag="E">
        <Form Tag="">як</Form>
    </Paradigm>
    <Paradigm pdgId="1127116" Lemma="як" Tag="E">
        <Form Tag="">як</Form>
    </Paradigm>
    <Paradigm pdgId="1000086" Lemma="як быццам" Tag="E">
        <Form Tag="">як быццам</Form>
    </Paradigm>
    <Paradigm pdgId="1000087" Lemma="якраз" Tag="E">
        <Form Tag="">якраз</Form>
    </Paradigm>
    <Paradigm pdgId="1000088" Lemma="яшчэ" Tag="E">
        <Form Tag="">яшчэ</Form>
    </Paradigm>
</Wordlist>
