<?xml version="1.0" encoding="UTF-8" standalone="yes"?>
<Wordlist>
    <Paradigm pdgId="1104206" Lemma="а" Tag="I">
        <Form Tag="">а</Form>
    </Paradigm>
    <Paradigm pdgId="1104207" Lemma="аб" Tag="I">
        <Form Tag="">аб</Form>
        <Form Tag="">аба</Form>
    </Paradigm>
    <Paradigm pdgId="1104208" Lemma="абапал" Tag="I">
        <Form Tag="">абапал</Form>
    </Paradigm>
    <Paradigm pdgId="1104209" Lemma="ад" Tag="I">
        <Form Tag="">ад</Form>
        <Form Tag="">ада</Form>
    </Paradigm>
    <Paradigm pdgId="1160071" Lemma="ад імя" Tag="I">
        <Form Tag="">ад імя</Form>
    </Paradigm>
    <Paradigm pdgId="1159959" Lemma="адначасна з" Tag="I">
        <Form Tag="">адначасна з</Form>
    </Paradigm>
    <Paradigm pdgId="1159937" Lemma="адначасова з" Tag="I">
        <Form Tag="">адначасова з</Form>
    </Paradigm>
    <Paradigm pdgId="1104210" Lemma="адносна" Tag="I">
        <Form Tag="">адносна</Form>
    </Paradigm>
    <Paradigm pdgId="1104211" Lemma="адпаведна" Tag="I">
        <Form Tag="">адпаведна</Form>
    </Paradigm>
    <Paradigm pdgId="1159936" Lemma="адпаведна з" Tag="I">
        <Form Tag="">адпаведна з</Form>
    </Paradigm>
    <Paradigm pdgId="1160105" Lemma="акрай" Tag="I">
        <Form Tag="">акрай</Form>
    </Paradigm>
    <Paradigm pdgId="1104212" Lemma="акрамя" Tag="I">
        <Form Tag="">акрамя</Form>
    </Paradigm>
    <Paradigm pdgId="1104213" Lemma="акром" Tag="I">
        <Form Tag="">акром</Form>
    </Paradigm>
    <Paradigm pdgId="1160123" Lemma="апасля" Tag="I">
        <Form Tag="">апасля</Form>
    </Paradigm>
    <Paradigm pdgId="1104214" Lemma="апрача" Tag="I">
        <Form Tag="">апрача</Form>
    </Paradigm>
    <Paradigm pdgId="1104215" Lemma="апроч" Tag="I">
        <Form Tag="">апроч</Form>
    </Paradigm>
    <Paradigm pdgId="1160128" Lemma="апрыч" Tag="I">
        <Form Tag="">апрыч</Form>
    </Paradigm>
    <Paradigm pdgId="1159890" Lemma="асобна ад" Tag="I">
        <Form Tag="">асобна ад</Form>
    </Paradigm>
    <Paradigm pdgId="1104216" Lemma="без" Tag="I">
        <Form Tag="">без</Form>
    </Paradigm>
    <Paradigm pdgId="1104217" Lemma="бліз" Tag="I">
        <Form Tag="">бліз</Form>
    </Paradigm>
    <Paradigm pdgId="1104218" Lemma="блізка" Tag="I">
        <Form Tag="">блізка</Form>
    </Paradigm>
    <Paradigm pdgId="1159906" Lemma="блізка ад" Tag="I">
        <Form Tag="">блізка ад</Form>
        <Form Tag="">бліжэй ад</Form>
    </Paradigm>
    <Paradigm pdgId="1159988" Lemma="блізка ад" Tag="I">
        <Form Tag="">блізка ад</Form>
    </Paradigm>
    <Paradigm pdgId="1159905" Lemma="блізка да" Tag="I">
        <Form Tag="">блізка да</Form>
        <Form Tag="">бліжэй да</Form>
    </Paradigm>
    <Paradigm pdgId="1160085" Lemma="блізка да" Tag="I">
        <Form Tag="">блізка да</Form>
    </Paradigm>
    <Paradigm pdgId="1159903" Lemma="блізка к" Tag="I">
        <Form Tag="">блізка к</Form>
        <Form Tag="">бліжэй к</Form>
    </Paradigm>
    <Paradigm pdgId="1160131" Lemma="блізка к" Tag="I">
        <Form Tag="">блізка к</Form>
    </Paradigm>
    <Paradigm pdgId="1159914" Lemma="блізка каля" Tag="I">
        <Form Tag="">блізка каля</Form>
        <Form Tag="">бліжэй каля</Form>
    </Paradigm>
    <Paradigm pdgId="1159972" Lemma="блізка каля" Tag="I">
        <Form Tag="">блізка каля</Form>
    </Paradigm>
    <Paradigm pdgId="1159913" Lemma="блізка ля" Tag="I">
        <Form Tag="">блізка ля</Form>
        <Form Tag="">бліжэй ля</Form>
    </Paradigm>
    <Paradigm pdgId="1160002" Lemma="блізка ля" Tag="I">
        <Form Tag="">блізка ля</Form>
    </Paradigm>
    <Paradigm pdgId="1159911" Lemma="блізка над" Tag="I">
        <Form Tag="">блізка над</Form>
        <Form Tag="">бліжэй над</Form>
    </Paradigm>
    <Paradigm pdgId="1160029" Lemma="блізка над" Tag="I">
        <Form Tag="">блізка над</Form>
    </Paradigm>
    <Paradigm pdgId="1159910" Lemma="блізка пры" Tag="I">
        <Form Tag="">блізка пры</Form>
        <Form Tag="">бліжэй пры</Form>
    </Paradigm>
    <Paradigm pdgId="1160051" Lemma="блізка пры" Tag="I">
        <Form Tag="">блізка пры</Form>
    </Paradigm>
    <Paradigm pdgId="1160016" Lemma="блізу" Tag="I">
        <Form Tag="">блізу</Form>
    </Paradigm>
    <Paradigm pdgId="1138991" Lemma="ва" Tag="I">
        <Form Tag="">ва</Form>
    </Paradigm>
    <Paradigm pdgId="1104219" Lemma="вакол" Tag="I">
        <Form Tag="">вакол</Form>
    </Paradigm>
    <Paradigm pdgId="1160037" Lemma="вакола" Tag="I">
        <Form Tag="">вакола</Form>
    </Paradigm>
    <Paradigm pdgId="1159969" Lemma="водаль" Tag="I">
        <Form Tag="">водаль</Form>
    </Paradigm>
    <Paradigm pdgId="1160109" Lemma="водаль ад" Tag="I">
        <Form Tag="">водаль ад</Form>
    </Paradigm>
    <Paradigm pdgId="1104220" Lemma="воддаль" Tag="I">
        <Form Tag="">воддаль</Form>
    </Paradigm>
    <Paradigm pdgId="1160015" Lemma="воддаль ад" Tag="I">
        <Form Tag="">воддаль ад</Form>
    </Paradigm>
    <Paradigm pdgId="1159970" Lemma="водлуг" Tag="I">
        <Form Tag="">водлуг</Form>
    </Paradigm>
    <Paradigm pdgId="1138992" Lemma="вокал" Tag="I">
        <Form Tag="">вокал</Form>
    </Paradigm>
    <Paradigm pdgId="1160135" Lemma="вокала" Tag="I">
        <Form Tag="">вокала</Form>
    </Paradigm>
    <Paradigm pdgId="1104221" Lemma="выклікаючы" Tag="I">
        <Form Tag="">выклікаючы</Form>
    </Paradigm>
    <Paradigm pdgId="1160049" Lemma="выключаючы" Tag="I">
        <Form Tag="">выключаючы</Form>
    </Paradigm>
    <Paradigm pdgId="1160084" Lemma="высока над" Tag="I">
        <Form Tag="">высока над</Form>
    </Paradigm>
    <Paradigm pdgId="1159926" Lemma="высока па-над" Tag="I">
        <Form Tag="">высока па-над</Form>
    </Paradigm>
    <Paradigm pdgId="1160040" Lemma="высока ў" Tag="I">
        <Form Tag="">высока ў</Form>
    </Paradigm>
    <Paradigm pdgId="1104222" Lemma="вышэй" Tag="I">
        <Form Tag="">вышэй</Form>
    </Paradigm>
    <Paradigm pdgId="1104223" Lemma="гледзячы па" Tag="I">
        <Form Tag="">гледзячы па</Form>
    </Paradigm>
    <Paradigm pdgId="1160014" Lemma="гэтаму назад" Tag="I">
        <Form Tag="">гэтаму назад</Form>
    </Paradigm>
    <Paradigm pdgId="1104224" Lemma="да" Tag="I">
        <Form Tag="">да</Form>
    </Paradigm>
    <Paradigm pdgId="1159909" Lemma="далёка ад" Tag="I">
        <Form Tag="">далёка ад</Form>
        <Form Tag="">далей ад</Form>
    </Paradigm>
    <Paradigm pdgId="1159916" Lemma="далёка ад" Tag="I">
        <Form Tag="">далёка ад</Form>
    </Paradigm>
    <Paradigm pdgId="1159908" Lemma="далёка да" Tag="I">
        <Form Tag="">далёка да</Form>
        <Form Tag="">далей да</Form>
    </Paradigm>
    <Paradigm pdgId="1160000" Lemma="далёка да" Tag="I">
        <Form Tag="">далёка да</Form>
    </Paradigm>
    <Paradigm pdgId="1159912" Lemma="далёка за" Tag="I">
        <Form Tag="">далёка за</Form>
        <Form Tag="">далей за</Form>
    </Paradigm>
    <Paradigm pdgId="1160017" Lemma="далёка за" Tag="I">
        <Form Tag="">далёка за</Form>
    </Paradigm>
    <Paradigm pdgId="1159904" Lemma="далёка на" Tag="I">
        <Form Tag="">далёка на</Form>
        <Form Tag="">далей на</Form>
    </Paradigm>
    <Paradigm pdgId="1160060" Lemma="далёка на" Tag="I">
        <Form Tag="">далёка на</Form>
    </Paradigm>
    <Paradigm pdgId="1159907" Lemma="далёка у" Tag="I">
        <Form Tag="">далёка у</Form>
        <Form Tag="">далей у</Form>
    </Paradigm>
    <Paradigm pdgId="1160047" Lemma="далёка у" Tag="I">
        <Form Tag="">далёка у</Form>
    </Paradigm>
    <Paradigm pdgId="1104226" Lemma="дзеля" Tag="I">
        <Form Tag="">дзеля</Form>
    </Paradigm>
    <Paradigm pdgId="1104227" Lemma="дзякуючы" Tag="I">
        <Form Tag="">дзякуючы</Form>
    </Paradigm>
    <Paradigm pdgId="1104228" Lemma="для" Tag="I">
        <Form Tag="">для</Form>
    </Paradigm>
    <Paradigm pdgId="1104229" Lemma="з" Tag="I">
        <Form Tag="">з</Form>
        <Form Tag="">са</Form>
        <Form Tag="">со</Form>
    </Paradigm>
    <Paradigm pdgId="1104242" Lemma="за" Tag="I">
        <Form Tag="">за</Form>
    </Paradigm>
    <Paradigm pdgId="1160019" Lemma="за адсутнасцю" Tag="I">
        <Form Tag="">за адсутнасцю</Form>
    </Paradigm>
    <Paradigm pdgId="1159892" Lemma="за выключэннем" Tag="I">
        <Form Tag="">за выключэннем</Form>
    </Paradigm>
    <Paradigm pdgId="1104243" Lemma="за кошт" Tag="I">
        <Form Tag="">за кошт</Form>
    </Paradigm>
    <Paradigm pdgId="1104244" Lemma="замест" Tag="I">
        <Form Tag="">замест</Form>
    </Paradigm>
    <Paradigm pdgId="1160111" Lemma="заместа" Tag="I">
        <Form Tag="">заместа</Form>
    </Paradigm>
    <Paradigm pdgId="1160072" Lemma="заміж" Tag="I">
        <Form Tag="">заміж</Form>
    </Paradigm>
    <Paradigm pdgId="1160106" Lemma="збок" Tag="I">
        <Form Tag="">збок</Form>
    </Paradigm>
    <Paradigm pdgId="1104245" Lemma="збоку" Tag="I">
        <Form Tag="">збоку</Form>
    </Paradigm>
    <Paradigm pdgId="1104230" Lemma="з боку" Tag="I">
        <Form Tag="">з боку</Form>
    </Paradigm>
    <Paradigm pdgId="1159891" Lemma="збоку ад" Tag="I">
        <Form Tag="">збоку ад</Form>
    </Paradigm>
    <Paradigm pdgId="1159967" Lemma="з боку ад" Tag="I">
        <Form Tag="">з боку ад</Form>
    </Paradigm>
    <Paradigm pdgId="1104246" Lemma="зверху" Tag="I">
        <Form Tag="">зверху</Form>
    </Paradigm>
    <Paradigm pdgId="1104247" Lemma="звыш" Tag="I">
        <Form Tag="">звыш</Form>
    </Paradigm>
    <Paradigm pdgId="1160114" Lemma="з гадоў" Tag="I">
        <Form Tag="">з гадоў</Form>
    </Paradigm>
    <Paradigm pdgId="1104248" Lemma="згодна" Tag="I">
        <Form Tag="">згодна</Form>
    </Paradigm>
    <Paradigm pdgId="1159896" Lemma="згодна з" Tag="I">
        <Form Tag="">згодна з</Form>
    </Paradigm>
    <Paradigm pdgId="1104231" Lemma="з дапамогай" Tag="I">
        <Form Tag="">з дапамогай</Form>
    </Paradigm>
    <Paradigm pdgId="1104237" Lemma="з-за" Tag="I">
        <Form Tag="">з-за</Form>
    </Paradigm>
    <Paradigm pdgId="1104249" Lemma="ззаду" Tag="I">
        <Form Tag="">ззаду</Form>
    </Paradigm>
    <Paradigm pdgId="1159957" Lemma="з краю" Tag="I">
        <Form Tag="">з краю</Form>
    </Paradigm>
    <Paradigm pdgId="1104250" Lemma="злева" Tag="I">
        <Form Tag="">злева</Form>
    </Paradigm>
    <Paradigm pdgId="1104232" Lemma="з ліку" Tag="I">
        <Form Tag="">з ліку</Form>
    </Paradigm>
    <Paradigm pdgId="1104233" Lemma="з мэтай" Tag="I">
        <Form Tag="">з мэтай</Form>
    </Paradigm>
    <Paradigm pdgId="1159983" Lemma="з нагоды" Tag="I">
        <Form Tag="">з нагоды</Form>
    </Paradigm>
    <Paradigm pdgId="1104238" Lemma="з-над" Tag="I">
        <Form Tag="">з-над</Form>
    </Paradigm>
    <Paradigm pdgId="1160075" Lemma="знізу" Tag="I">
        <Form Tag="">знізу</Form>
    </Paradigm>
    <Paradigm pdgId="1104241" Lemma="з-пад" Tag="I">
        <Form Tag="">з-пад</Form>
    </Paradigm>
    <Paradigm pdgId="1138993" Lemma="з-пада" Tag="I">
        <Form Tag="">з-пада</Form>
    </Paradigm>
    <Paradigm pdgId="1104239" Lemma="з-па-за" Tag="I">
        <Form Tag="">з-па-за</Form>
    </Paradigm>
    <Paradigm pdgId="1104240" Lemma="з-па-над" Tag="I">
        <Form Tag="">з-па-над</Form>
    </Paradigm>
    <Paradigm pdgId="1160102" Lemma="з-прад" Tag="I">
        <Form Tag="">з-прад</Form>
    </Paradigm>
    <Paradigm pdgId="1104234" Lemma="з прычыны" Tag="I">
        <Form Tag="">з прычыны</Form>
    </Paradigm>
    <Paradigm pdgId="1104235" Lemma="з цягам" Tag="I">
        <Form Tag="">з цягам</Form>
    </Paradigm>
    <Paradigm pdgId="1160028" Lemma="з часоў" Tag="I">
        <Form Tag="">з часоў</Form>
    </Paradigm>
    <Paradigm pdgId="1104236" Lemma="з часу" Tag="I">
        <Form Tag="">з часу</Form>
    </Paradigm>
    <Paradigm pdgId="1104251" Lemma="к" Tag="I">
        <Form Tag="">к</Form>
        <Form Tag="">ка</Form>
    </Paradigm>
    <Paradigm pdgId="1104252" Lemma="каля" Tag="I">
        <Form Tag="">каля</Form>
        <Form Tag="">ля</Form>
    </Paradigm>
    <Paradigm pdgId="1104253" Lemma="канчаючы" Tag="I">
        <Form Tag="">канчаючы</Form>
    </Paradigm>
    <Paradigm pdgId="1159975" Lemma="край" Tag="I">
        <Form Tag="">край</Form>
    </Paradigm>
    <Paradigm pdgId="1159994" Lemma="кром" Tag="I">
        <Form Tag="">кром</Form>
    </Paradigm>
    <Paradigm pdgId="1160066" Lemma="круг" Tag="I">
        <Form Tag="">круг</Form>
    </Paradigm>
    <Paradigm pdgId="1160076" Lemma="круга" Tag="I">
        <Form Tag="">круга</Form>
    </Paradigm>
    <Paradigm pdgId="1159996" Lemma="кругом" Tag="I">
        <Form Tag="">кругом</Form>
    </Paradigm>
    <Paradigm pdgId="1104254" Lemma="кшталтам" Tag="I">
        <Form Tag="">кшталтам</Form>
    </Paradigm>
    <Paradigm pdgId="1138994" Lemma="ля" Tag="I">
        <Form Tag="">ля</Form>
    </Paradigm>
    <Paradigm pdgId="1104255" Lemma="між" Tag="I">
        <Form Tag="">між</Form>
    </Paradigm>
    <Paradigm pdgId="1104256" Lemma="міма" Tag="I">
        <Form Tag="">міма</Form>
    </Paradigm>
    <Paradigm pdgId="1104257" Lemma="на" Tag="I">
        <Form Tag="">на</Form>
    </Paradigm>
    <Paradigm pdgId="1104263" Lemma="наабапал" Tag="I">
        <Form Tag="">наабапал</Form>
    </Paradigm>
    <Paradigm pdgId="1159928" Lemma="на адрас" Tag="I">
        <Form Tag="">на адрас</Form>
    </Paradigm>
    <Paradigm pdgId="1104258" Lemma="на аснове" Tag="I">
        <Form Tag="">на аснове</Form>
    </Paradigm>
    <Paradigm pdgId="1160127" Lemma="на базе" Tag="I">
        <Form Tag="">на базе</Form>
    </Paradigm>
    <Paradigm pdgId="1160124" Lemma="на баку" Tag="I">
        <Form Tag="">на баку</Form>
    </Paradigm>
    <Paradigm pdgId="1160044" Lemma="на бок" Tag="I">
        <Form Tag="">на бок</Form>
    </Paradigm>
    <Paradigm pdgId="1138995" Lemma="навакол" Tag="I">
        <Form Tag="">навакол</Form>
    </Paradigm>
    <Paradigm pdgId="1104264" Lemma="наверсе" Tag="I">
        <Form Tag="">наверсе</Form>
    </Paradigm>
    <Paradigm pdgId="1104265" Lemma="наверх" Tag="I">
        <Form Tag="">наверх</Form>
    </Paradigm>
    <Paradigm pdgId="1159993" Lemma="наводаль" Tag="I">
        <Form Tag="">наводаль</Form>
    </Paradigm>
    <Paradigm pdgId="1159978" Lemma="наводдалек" Tag="I">
        <Form Tag="">наводдалек</Form>
    </Paradigm>
    <Paradigm pdgId="1159998" Lemma="наводдалек ад" Tag="I">
        <Form Tag="">наводдалек ад</Form>
    </Paradigm>
    <Paradigm pdgId="1104266" Lemma="наводдаль" Tag="I">
        <Form Tag="">наводдаль</Form>
    </Paradigm>
    <Paradigm pdgId="1159934" Lemma="наводдаль ад" Tag="I">
        <Form Tag="">наводдаль ад</Form>
    </Paradigm>
    <Paradigm pdgId="1160050" Lemma="наводшыб ад" Tag="I">
        <Form Tag="">наводшыб ад</Form>
    </Paradigm>
    <Paradigm pdgId="1159917" Lemma="наводшыбе" Tag="I">
        <Form Tag="">наводшыбе</Form>
    </Paradigm>
    <Paradigm pdgId="1160126" Lemma="наводшыбе ад" Tag="I">
        <Form Tag="">наводшыбе ад</Form>
    </Paradigm>
    <Paradigm pdgId="1104267" Lemma="навокал" Tag="I">
        <Form Tag="">навокал</Form>
    </Paradigm>
    <Paradigm pdgId="1159922" Lemma="навокала" Tag="I">
        <Form Tag="">навокала</Form>
    </Paradigm>
    <Paradigm pdgId="1104268" Lemma="над" Tag="I">
        <Form Tag="">над</Form>
        <Form Tag="">нада</Form>
    </Paradigm>
    <Paradigm pdgId="1159974" Lemma="назад" Tag="I">
        <Form Tag="">назад</Form>
    </Paradigm>
    <Paradigm pdgId="1160003" Lemma="назло" Tag="I">
        <Form Tag="">назло</Form>
    </Paradigm>
    <Paradigm pdgId="1160064" Lemma="на змен" Tag="I">
        <Form Tag="">на змен</Form>
    </Paradigm>
    <Paradigm pdgId="1160096" Lemma="на змену" Tag="I">
        <Form Tag="">на змену</Form>
    </Paradigm>
    <Paradigm pdgId="1104269" Lemma="наконт" Tag="I">
        <Form Tag="">наконт</Form>
    </Paradigm>
    <Paradigm pdgId="1160086" Lemma="наконта" Tag="I">
        <Form Tag="">наконта</Form>
    </Paradigm>
    <Paradigm pdgId="1160081" Lemma="накруг" Tag="I">
        <Form Tag="">накруг</Form>
    </Paradigm>
    <Paradigm pdgId="1104270" Lemma="накшталт" Tag="I">
        <Form Tag="">накшталт</Form>
    </Paradigm>
    <Paradigm pdgId="1159965" Lemma="налева ад" Tag="I">
        <Form Tag="">налева ад</Form>
    </Paradigm>
    <Paradigm pdgId="1104259" Lemma="на манер" Tag="I">
        <Form Tag="">на манер</Form>
    </Paradigm>
    <Paradigm pdgId="1160099" Lemma="намест" Tag="I">
        <Form Tag="">намест</Form>
    </Paradigm>
    <Paradigm pdgId="1160026" Lemma="на паверсе" Tag="I">
        <Form Tag="">на паверсе</Form>
    </Paradigm>
    <Paradigm pdgId="1160130" Lemma="напаказ" Tag="I">
        <Form Tag="">напаказ</Form>
    </Paradigm>
    <Paradigm pdgId="1159968" Lemma="на паказ" Tag="I">
        <Form Tag="">на паказ</Form>
    </Paradigm>
    <Paradigm pdgId="1159938" Lemma="напалам з" Tag="I">
        <Form Tag="">напалам з</Form>
    </Paradigm>
    <Paradigm pdgId="1160113" Lemma="напал з" Tag="I">
        <Form Tag="">напал з</Form>
    </Paradigm>
    <Paradigm pdgId="1159991" Lemma="напаў з" Tag="I">
        <Form Tag="">напаў з</Form>
    </Paradigm>
    <Paradigm pdgId="1160036" Lemma="напачатку" Tag="I">
        <Form Tag="">напачатку</Form>
    </Paradigm>
    <Paradigm pdgId="1104271" Lemma="наперад" Tag="I">
        <Form Tag="">наперад</Form>
    </Paradigm>
    <Paradigm pdgId="1160138" Lemma="на пераддзенні" Tag="I">
        <Form Tag="">на пераддзенні</Form>
    </Paradigm>
    <Paradigm pdgId="1104272" Lemma="наперадзе" Tag="I">
        <Form Tag="">наперадзе</Form>
    </Paradigm>
    <Paradigm pdgId="1159971" Lemma="наперадзе ад" Tag="I">
        <Form Tag="">наперадзе ад</Form>
    </Paradigm>
    <Paradigm pdgId="1159894" Lemma="наперакор" Tag="I">
        <Form Tag="">наперакор</Form>
    </Paradigm>
    <Paradigm pdgId="1160118" Lemma="наперарэз" Tag="I">
        <Form Tag="">наперарэз</Form>
    </Paradigm>
    <Paradigm pdgId="1160054" Lemma="наперасек" Tag="I">
        <Form Tag="">наперасек</Form>
    </Paradigm>
    <Paradigm pdgId="1159956" Lemma="напоперак" Tag="I">
        <Form Tag="">напоперак</Form>
    </Paradigm>
    <Paradigm pdgId="1160089" Lemma="напрадвесні" Tag="I">
        <Form Tag="">напрадвесні</Form>
    </Paradigm>
    <Paradigm pdgId="1160027" Lemma="напрасткі ад" Tag="I">
        <Form Tag="">напрасткі ад</Form>
    </Paradigm>
    <Paradigm pdgId="1104260" Lemma="на працягу" Tag="I">
        <Form Tag="">на працягу</Form>
    </Paradigm>
    <Paradigm pdgId="1160121" Lemma="напроці" Tag="I">
        <Form Tag="">напроці</Form>
    </Paradigm>
    <Paradigm pdgId="1160006" Lemma="напроціў" Tag="I">
        <Form Tag="">напроціў</Form>
    </Paradigm>
    <Paradigm pdgId="1138996" Lemma="напярэдадні" Tag="I">
        <Form Tag="">напярэдадні</Form>
    </Paradigm>
    <Paradigm pdgId="1138997" Lemma="напярэймы" Tag="I">
        <Form Tag="">напярэймы</Form>
    </Paradigm>
    <Paradigm pdgId="1160031" Lemma="напярэсцігі" Tag="I">
        <Form Tag="">напярэсцігі</Form>
    </Paradigm>
    <Paradigm pdgId="1160080" Lemma="напярэсціжкі" Tag="I">
        <Form Tag="">напярэсціжкі</Form>
    </Paradigm>
    <Paradigm pdgId="1160088" Lemma="нараўне з" Tag="I">
        <Form Tag="">нараўне з</Form>
    </Paradigm>
    <Paradigm pdgId="1159940" Lemma="нараўні з" Tag="I">
        <Form Tag="">нараўні з</Form>
    </Paradigm>
    <Paradigm pdgId="1160094" Lemma="нароўні з" Tag="I">
        <Form Tag="">нароўні з</Form>
    </Paradigm>
    <Paradigm pdgId="1159984" Lemma="настрэчу" Tag="I">
        <Form Tag="">настрэчу</Form>
    </Paradigm>
    <Paradigm pdgId="1146178" Lemma="насуперак" Tag="I">
        <Form Tag="">насуперак</Form>
    </Paradigm>
    <Paradigm pdgId="1160032" Lemma="насупор" Tag="I">
        <Form Tag="">насупор</Form>
    </Paradigm>
    <Paradigm pdgId="1104273" Lemma="насупраць" Tag="I">
        <Form Tag="">насупраць</Form>
    </Paradigm>
    <Paradigm pdgId="1138998" Lemma="насупроць" Tag="I">
        <Form Tag="">насупроць</Form>
    </Paradigm>
    <Paradigm pdgId="1160100" Lemma="насупярэч" Tag="I">
        <Form Tag="">насупярэч</Form>
    </Paradigm>
    <Paradigm pdgId="1104274" Lemma="насустрач" Tag="I">
        <Form Tag="">насустрач</Form>
    </Paradigm>
    <Paradigm pdgId="1160048" Lemma="насустрач да" Tag="I">
        <Form Tag="">насустрач да</Form>
    </Paradigm>
    <Paradigm pdgId="1159947" Lemma="насустрач к" Tag="I">
        <Form Tag="">насустрач к</Form>
    </Paradigm>
    <Paradigm pdgId="1160103" Lemma="насустрэч" Tag="I">
        <Form Tag="">насустрэч</Form>
    </Paradigm>
    <Paradigm pdgId="1160136" Lemma="насустрэч да" Tag="I">
        <Form Tag="">насустрэч да</Form>
    </Paradigm>
    <Paradigm pdgId="1160097" Lemma="насустрэч к" Tag="I">
        <Form Tag="">насустрэч к</Form>
    </Paradigm>
    <Paradigm pdgId="1138999" Lemma="насустрэчу" Tag="I">
        <Form Tag="">насустрэчу</Form>
    </Paradigm>
    <Paradigm pdgId="1160025" Lemma="насустрэчу да" Tag="I">
        <Form Tag="">насустрэчу да</Form>
    </Paradigm>
    <Paradigm pdgId="1159981" Lemma="насустрэчу к" Tag="I">
        <Form Tag="">насустрэчу к</Form>
    </Paradigm>
    <Paradigm pdgId="1139000" Lemma="наўзбоч" Tag="I">
        <Form Tag="">наўзбоч</Form>
    </Paradigm>
    <Paradigm pdgId="1139001" Lemma="наўздагон" Tag="I">
        <Form Tag="">наўздагон</Form>
    </Paradigm>
    <Paradigm pdgId="1159939" Lemma="наўздагонак" Tag="I">
        <Form Tag="">наўздагонак</Form>
    </Paradigm>
    <Paradigm pdgId="1160074" Lemma="наўздагонак за" Tag="I">
        <Form Tag="">наўздагонак за</Form>
    </Paradigm>
    <Paradigm pdgId="1159932" Lemma="наўздагон за" Tag="I">
        <Form Tag="">наўздагон за</Form>
    </Paradigm>
    <Paradigm pdgId="1160117" Lemma="наўздагонкі" Tag="I">
        <Form Tag="">наўздагонкі</Form>
    </Paradigm>
    <Paradigm pdgId="1159931" Lemma="наўздагонкі за" Tag="I">
        <Form Tag="">наўздагонкі за</Form>
    </Paradigm>
    <Paradigm pdgId="1139002" Lemma="наўздзіў" Tag="I">
        <Form Tag="">наўздзіў</Form>
    </Paradigm>
    <Paradigm pdgId="1160038" Lemma="наўкасы" Tag="I">
        <Form Tag="">наўкасы</Form>
    </Paradigm>
    <Paradigm pdgId="1160070" Lemma="наўкасы ад" Tag="I">
        <Form Tag="">наўкасы ад</Form>
    </Paradigm>
    <Paradigm pdgId="1139003" Lemma="наўкол" Tag="I">
        <Form Tag="">наўкол</Form>
    </Paradigm>
    <Paradigm pdgId="1139004" Lemma="наўкола" Tag="I">
        <Form Tag="">наўкола</Form>
    </Paradigm>
    <Paradigm pdgId="1139005" Lemma="наўкос" Tag="I">
        <Form Tag="">наўкос</Form>
    </Paradigm>
    <Paradigm pdgId="1160134" Lemma="наўкос ад" Tag="I">
        <Form Tag="">наўкос ад</Form>
    </Paradigm>
    <Paradigm pdgId="1159980" Lemma="наўкруг" Tag="I">
        <Form Tag="">наўкруг</Form>
    </Paradigm>
    <Paradigm pdgId="1159941" Lemma="наўкруга" Tag="I">
        <Form Tag="">наўкруга</Form>
    </Paradigm>
    <Paradigm pdgId="1160043" Lemma="наўпроць" Tag="I">
        <Form Tag="">наўпроць</Form>
    </Paradigm>
    <Paradigm pdgId="1159927" Lemma="наўскасы" Tag="I">
        <Form Tag="">наўскасы</Form>
    </Paradigm>
    <Paradigm pdgId="1160125" Lemma="наўскасы ад" Tag="I">
        <Form Tag="">наўскасы ад</Form>
    </Paradigm>
    <Paradigm pdgId="1139006" Lemma="наўскасяк" Tag="I">
        <Form Tag="">наўскасяк</Form>
    </Paradigm>
    <Paradigm pdgId="1159921" Lemma="наўскасяк ад" Tag="I">
        <Form Tag="">наўскасяк ад</Form>
    </Paradigm>
    <Paradigm pdgId="1139007" Lemma="наўскос" Tag="I">
        <Form Tag="">наўскос</Form>
    </Paradigm>
    <Paradigm pdgId="1159976" Lemma="наўскос ад" Tag="I">
        <Form Tag="">наўскос ад</Form>
    </Paradigm>
    <Paradigm pdgId="1139008" Lemma="наўсцяж" Tag="I">
        <Form Tag="">наўсцяж</Form>
    </Paradigm>
    <Paradigm pdgId="1104261" Lemma="на чале" Tag="I">
        <Form Tag="">на чале</Form>
    </Paradigm>
    <Paradigm pdgId="1104262" Lemma="на чале з" Tag="I">
        <Form Tag="">на чале з</Form>
    </Paradigm>
    <Paradigm pdgId="1159960" Lemma="на шляху" Tag="I">
        <Form Tag="">на шляху</Form>
    </Paradigm>
    <Paradigm pdgId="1160052" Lemma="неадлучна ад" Tag="I">
        <Form Tag="">неадлучна ад</Form>
    </Paradigm>
    <Paradigm pdgId="1159973" Lemma="неадпаведна" Tag="I">
        <Form Tag="">неадпаведна</Form>
    </Paradigm>
    <Paradigm pdgId="1160122" Lemma="не гледзячы на" Tag="I">
        <Form Tag="">не гледзячы на</Form>
    </Paradigm>
    <Paradigm pdgId="1159964" Lemma="недалёка" Tag="I">
        <Form Tag="">недалёка</Form>
    </Paradigm>
    <Paradigm pdgId="1159961" Lemma="недалёка ад" Tag="I">
        <Form Tag="">недалёка ад</Form>
    </Paradigm>
    <Paradigm pdgId="1160091" Lemma="недалеч ад" Tag="I">
        <Form Tag="">недалеч ад</Form>
    </Paradigm>
    <Paradigm pdgId="1160079" Lemma="недалёчка ад" Tag="I">
        <Form Tag="">недалёчка ад</Form>
    </Paradigm>
    <Paradigm pdgId="1160022" Lemma="незалежна ад" Tag="I">
        <Form Tag="">незалежна ад</Form>
    </Paradigm>
    <Paradigm pdgId="1160098" Lemma="не лічачы" Tag="I">
        <Form Tag="">не лічачы</Form>
    </Paradigm>
    <Paradigm pdgId="1139009" Lemma="непадалёк" Tag="I">
        <Form Tag="">непадалёк</Form>
    </Paradigm>
    <Paradigm pdgId="1160007" Lemma="непадалёк ад" Tag="I">
        <Form Tag="">непадалёк ад</Form>
    </Paradigm>
    <Paradigm pdgId="1104275" Lemma="непадалёку" Tag="I">
        <Form Tag="">непадалёку</Form>
    </Paradigm>
    <Paradigm pdgId="1160110" Lemma="непадалёку ад" Tag="I">
        <Form Tag="">непадалёку ад</Form>
    </Paradigm>
    <Paradigm pdgId="1160115" Lemma="непадалёчку ад" Tag="I">
        <Form Tag="">непадалёчку ад</Form>
    </Paradigm>
    <Paradigm pdgId="1139010" Lemma="ніжэй" Tag="I">
        <Form Tag="">ніжэй</Form>
    </Paradigm>
    <Paradigm pdgId="1104276" Lemma="нягледзячы на" Tag="I">
        <Form Tag="">нягледзячы на</Form>
    </Paradigm>
    <Paradigm pdgId="1160034" Lemma="обак" Tag="I">
        <Form Tag="">обак</Form>
    </Paradigm>
    <Paradigm pdgId="1104277" Lemma="па" Tag="I">
        <Form Tag="">па</Form>
        <Form Tag="">по</Form>
    </Paradigm>
    <Paradigm pdgId="1104284" Lemma="паабапал" Tag="I">
        <Form Tag="">паабапал</Form>
    </Paradigm>
    <Paradigm pdgId="1139011" Lemma="паблізу" Tag="I">
        <Form Tag="">паблізу</Form>
    </Paradigm>
    <Paradigm pdgId="1139012" Lemma="паверх" Tag="I">
        <Form Tag="">паверх</Form>
    </Paradigm>
    <Paradigm pdgId="1139013" Lemma="паводдаль" Tag="I">
        <Form Tag="">паводдаль</Form>
    </Paradigm>
    <Paradigm pdgId="1160053" Lemma="паводдаль ад" Tag="I">
        <Form Tag="">паводдаль ад</Form>
    </Paradigm>
    <Paradigm pdgId="1104285" Lemma="паводле" Tag="I">
        <Form Tag="">паводле</Form>
    </Paradigm>
    <Paradigm pdgId="1160090" Lemma="паводлуг" Tag="I">
        <Form Tag="">паводлуг</Form>
    </Paradigm>
    <Paradigm pdgId="1159935" Lemma="павэдлуг" Tag="I">
        <Form Tag="">павэдлуг</Form>
    </Paradigm>
    <Paradigm pdgId="1104286" Lemma="пад" Tag="I">
        <Form Tag="">пад</Form>
        <Form Tag="">пада</Form>
    </Paradigm>
    <Paradigm pdgId="1160108" Lemma="пада" Tag="I">
        <Form Tag="">пада</Form>
    </Paradigm>
    <Paradigm pdgId="1160004" Lemma="падалей ад" Tag="I">
        <Form Tag="">падалей ад</Form>
    </Paradigm>
    <Paradigm pdgId="1159948" Lemma="падалечай ад" Tag="I">
        <Form Tag="">падалечай ад</Form>
    </Paradigm>
    <Paradigm pdgId="1160023" Lemma="падчас" Tag="I">
        <Form Tag="">падчас</Form>
    </Paradigm>
    <Paradigm pdgId="1160057" Lemma="пад час" Tag="I">
        <Form Tag="">пад час</Form>
    </Paradigm>
    <Paradigm pdgId="1104280" Lemma="па-за" Tag="I">
        <Form Tag="">па-за</Form>
    </Paradigm>
    <Paradigm pdgId="1160069" Lemma="па лініі" Tag="I">
        <Form Tag="">па лініі</Form>
    </Paradigm>
    <Paradigm pdgId="1160104" Lemma="па меры" Tag="I">
        <Form Tag="">па меры</Form>
    </Paradigm>
    <Paradigm pdgId="1104287" Lemma="паміж" Tag="I">
        <Form Tag="">паміж</Form>
    </Paradigm>
    <Paradigm pdgId="1104288" Lemma="паміма" Tag="I">
        <Form Tag="">паміма</Form>
    </Paradigm>
    <Paradigm pdgId="1104281" Lemma="па-над" Tag="I">
        <Form Tag="">па-над</Form>
    </Paradigm>
    <Paradigm pdgId="1160082" Lemma="па-пад" Tag="I">
        <Form Tag="">па-пад</Form>
    </Paradigm>
    <Paradigm pdgId="1160087" Lemma="папалам з" Tag="I">
        <Form Tag="">папалам з</Form>
    </Paradigm>
    <Paradigm pdgId="1104289" Lemma="паперад" Tag="I">
        <Form Tag="">паперад</Form>
    </Paradigm>
    <Paradigm pdgId="1104290" Lemma="паперадзе" Tag="I">
        <Form Tag="">паперадзе</Form>
    </Paradigm>
    <Paradigm pdgId="1159949" Lemma="па поваду" Tag="I">
        <Form Tag="">па поваду</Form>
    </Paradigm>
    <Paradigm pdgId="1160039" Lemma="па пытанню" Tag="I">
        <Form Tag="">па пытанню</Form>
    </Paradigm>
    <Paradigm pdgId="1160035" Lemma="папярод" Tag="I">
        <Form Tag="">папярод</Form>
    </Paradigm>
    <Paradigm pdgId="1139014" Lemma="папярок" Tag="I">
        <Form Tag="">папярок</Form>
    </Paradigm>
    <Paradigm pdgId="1104291" Lemma="паралельна" Tag="I">
        <Form Tag="">паралельна</Form>
    </Paradigm>
    <Paradigm pdgId="1160129" Lemma="паралельна з" Tag="I">
        <Form Tag="">паралельна з</Form>
    </Paradigm>
    <Paradigm pdgId="1160012" Lemma="параўнальна з" Tag="I">
        <Form Tag="">параўнальна з</Form>
    </Paradigm>
    <Paradigm pdgId="1159999" Lemma="параўнаўча з" Tag="I">
        <Form Tag="">параўнаўча з</Form>
    </Paradigm>
    <Paradigm pdgId="1104292" Lemma="пасля" Tag="I">
        <Form Tag="">пасля</Form>
    </Paradigm>
    <Paradigm pdgId="1104293" Lemma="пасярод" Tag="I">
        <Form Tag="">пасярод</Form>
    </Paradigm>
    <Paradigm pdgId="1160010" Lemma="пасяродку" Tag="I">
        <Form Tag="">пасяродку</Form>
    </Paradigm>
    <Paradigm pdgId="1104294" Lemma="пасярэдзіне" Tag="I">
        <Form Tag="">пасярэдзіне</Form>
    </Paradigm>
    <Paradigm pdgId="1104282" Lemma="паўз" Tag="I">
        <Form Tag="">паўз</Form>
    </Paradigm>
    <Paradigm pdgId="1159919" Lemma="паўзбок" Tag="I">
        <Form Tag="">паўзбок</Form>
    </Paradigm>
    <Paradigm pdgId="1104283" Lemma="паўзверх" Tag="I">
        <Form Tag="">паўзверх</Form>
    </Paradigm>
    <Paradigm pdgId="1159943" Lemma="паўзвыш" Tag="I">
        <Form Tag="">паўзвыш</Form>
    </Paradigm>
    <Paradigm pdgId="1160009" Lemma="паўздоўж" Tag="I">
        <Form Tag="">паўздоўж</Form>
    </Paradigm>
    <Paradigm pdgId="1160018" Lemma="паўскрая" Tag="I">
        <Form Tag="">паўскрая</Form>
    </Paradigm>
    <Paradigm pdgId="1104295" Lemma="пачынаючы ад" Tag="I">
        <Form Tag="">пачынаючы ад</Form>
    </Paradigm>
    <Paradigm pdgId="1104296" Lemma="пачынаючы з" Tag="I">
        <Form Tag="">пачынаючы з</Form>
    </Paradigm>
    <Paradigm pdgId="1104278" Lemma="па шляху" Tag="I">
        <Form Tag="">па шляху</Form>
    </Paradigm>
    <Paradigm pdgId="1104279" Lemma="па шляху да" Tag="I">
        <Form Tag="">па шляху да</Form>
    </Paradigm>
    <Paradigm pdgId="1104297" Lemma="перад" Tag="I">
        <Form Tag="">перад</Form>
        <Form Tag="">перада</Form>
        <Form Tag="">прад</Form>
        <Form Tag="">прада</Form>
    </Paradigm>
    <Paradigm pdgId="1160139" Lemma="перада" Tag="I">
        <Form Tag="">перада</Form>
    </Paradigm>
    <Paradigm pdgId="1159952" Lemma="перак" Tag="I">
        <Form Tag="">перак</Form>
    </Paradigm>
    <Paradigm pdgId="1104298" Lemma="побач" Tag="I">
        <Form Tag="">побач</Form>
    </Paradigm>
    <Paradigm pdgId="1159897" Lemma="побач з" Tag="I">
        <Form Tag="">побач з</Form>
    </Paradigm>
    <Paradigm pdgId="1160042" Lemma="побачкі з" Tag="I">
        <Form Tag="">побачкі з</Form>
    </Paradigm>
    <Paradigm pdgId="1104299" Lemma="побліз" Tag="I">
        <Form Tag="">побліз</Form>
    </Paradigm>
    <Paradigm pdgId="1160033" Lemma="поблізу" Tag="I">
        <Form Tag="">поблізу</Form>
    </Paradigm>
    <Paradigm pdgId="1160112" Lemma="поверх" Tag="I">
        <Form Tag="">поверх</Form>
    </Paradigm>
    <Paradigm pdgId="1159924" Lemma="поверху" Tag="I">
        <Form Tag="">поверху</Form>
    </Paradigm>
    <Paradigm pdgId="1159946" Lemma="подлуг" Tag="I">
        <Form Tag="">подлуг</Form>
    </Paradigm>
    <Paradigm pdgId="1160058" Lemma="подчас" Tag="I">
        <Form Tag="">подчас</Form>
    </Paradigm>
    <Paradigm pdgId="1159925" Lemma="поміж" Tag="I">
        <Form Tag="">поміж</Form>
    </Paradigm>
    <Paradigm pdgId="1160095" Lemma="поперак" Tag="I">
        <Form Tag="">поперак</Form>
    </Paradigm>
    <Paradigm pdgId="1104300" Lemma="поплеч" Tag="I">
        <Form Tag="">поплеч</Form>
    </Paradigm>
    <Paradigm pdgId="1159898" Lemma="поплеч з" Tag="I">
        <Form Tag="">поплеч з</Form>
    </Paradigm>
    <Paradigm pdgId="1159979" Lemma="поплечкі з" Tag="I">
        <Form Tag="">поплечкі з</Form>
    </Paradigm>
    <Paradigm pdgId="1104301" Lemma="поруч" Tag="I">
        <Form Tag="">поруч</Form>
    </Paradigm>
    <Paradigm pdgId="1159899" Lemma="поруч за" Tag="I">
        <Form Tag="">поруч з</Form>
    </Paradigm>
    <Paradigm pdgId="1160008" Lemma="поўзверх" Tag="I">
        <Form Tag="">поўзверх</Form>
    </Paradigm>
    <Paradigm pdgId="1104302" Lemma="пра" Tag="I">
        <Form Tag="">пра</Form>
    </Paradigm>
    <Paradigm pdgId="1160055" Lemma="прад" Tag="I">
        <Form Tag="">прад</Form>
    </Paradigm>
    <Paradigm pdgId="1160092" Lemma="прада" Tag="I">
        <Form Tag="">прада</Form>
    </Paradigm>
    <Paradigm pdgId="1104303" Lemma="праз" Tag="I">
        <Form Tag="">праз</Form>
    </Paradigm>
    <Paradigm pdgId="1160045" Lemma="праміж" Tag="I">
        <Form Tag="">праміж</Form>
    </Paradigm>
    <Paradigm pdgId="1104304" Lemma="прапарцыянальна" Tag="I">
        <Form Tag="">прапарцыянальна</Form>
    </Paradigm>
    <Paradigm pdgId="1160101" Lemma="проці" Tag="I">
        <Form Tag="">проці</Form>
    </Paradigm>
    <Paradigm pdgId="1159985" Lemma="проціў" Tag="I">
        <Form Tag="">проціў</Form>
    </Paradigm>
    <Paradigm pdgId="1160067" Lemma="проць" Tag="I">
        <Form Tag="">проць</Form>
    </Paradigm>
    <Paradigm pdgId="1160062" Lemma="проч" Tag="I">
        <Form Tag="">проч</Form>
    </Paradigm>
    <Paradigm pdgId="1104305" Lemma="пры" Tag="I">
        <Form Tag="">пры</Form>
    </Paradigm>
    <Paradigm pdgId="1159986" Lemma="пры адсутнасці" Tag="I">
        <Form Tag="">пры адсутнасці</Form>
    </Paradigm>
    <Paradigm pdgId="1104306" Lemma="пры дапамозе" Tag="I">
        <Form Tag="">пры дапамозе</Form>
    </Paradigm>
    <Paradigm pdgId="1160133" Lemma="разам з" Tag="I">
        <Form Tag="">разам з</Form>
    </Paradigm>
    <Paradigm pdgId="1104307" Lemma="раўналежна" Tag="I">
        <Form Tag="">раўналежна</Form>
    </Paradigm>
    <Paradigm pdgId="1159944" Lemma="раўналежна з" Tag="I">
        <Form Tag="">раўналежна з</Form>
    </Paradigm>
    <Paradigm pdgId="1159987" Lemma="роўна" Tag="I">
        <Form Tag="">роўна</Form>
    </Paradigm>
    <Paradigm pdgId="1160056" Lemma="скрай" Tag="I">
        <Form Tag="">скрай</Form>
    </Paradigm>
    <Paradigm pdgId="1104308" Lemma="скраю" Tag="I">
        <Form Tag="">скраю</Form>
    </Paradigm>
    <Paradigm pdgId="1104309" Lemma="скрозь" Tag="I">
        <Form Tag="">скрозь</Form>
    </Paradigm>
    <Paradigm pdgId="1159900" Lemma="следам за" Tag="I">
        <Form Tag="">следам з</Form>
    </Paradigm>
    <Paradigm pdgId="1104310" Lemma="спадыспаду" Tag="I">
        <Form Tag="">спадыспаду</Form>
    </Paradigm>
    <Paradigm pdgId="1160046" Lemma="спаміж" Tag="I">
        <Form Tag="">спаміж</Form>
    </Paradigm>
    <Paradigm pdgId="1104311" Lemma="спераду" Tag="I">
        <Form Tag="">спераду</Form>
    </Paradigm>
    <Paradigm pdgId="1160065" Lemma="спомеж" Tag="I">
        <Form Tag="">спомеж</Form>
    </Paradigm>
    <Paradigm pdgId="1160107" Lemma="срэдзь" Tag="I">
        <Form Tag="">срэдзь</Form>
    </Paradigm>
    <Paradigm pdgId="1159920" Lemma="сумесна з" Tag="I">
        <Form Tag="">сумесна з</Form>
    </Paradigm>
    <Paradigm pdgId="1104312" Lemma="супраць" Tag="I">
        <Form Tag="">супраць</Form>
    </Paradigm>
    <Paradigm pdgId="1159962" Lemma="супроці" Tag="I">
        <Form Tag="">супроці</Form>
    </Paradigm>
    <Paradigm pdgId="1159945" Lemma="супроціў" Tag="I">
        <Form Tag="">супроціў</Form>
    </Paradigm>
    <Paradigm pdgId="1139015" Lemma="супроць" Tag="I">
        <Form Tag="">супроць</Form>
    </Paradigm>
    <Paradigm pdgId="1104313" Lemma="сярод" Tag="I">
        <Form Tag="">сярод</Form>
    </Paradigm>
    <Paradigm pdgId="1160005" Lemma="таму" Tag="I">
        <Form Tag="">таму</Form>
    </Paradigm>
    <Paradigm pdgId="1159951" Lemma="таму назад" Tag="I">
        <Form Tag="">таму назад</Form>
    </Paradigm>
    <Paradigm pdgId="1104314" Lemma="у" Tag="I">
        <Form Tag="">у</Form>
        <Form Tag="">ў</Form>
        <Form Tag="">ва</Form>
        <Form Tag="">ува</Form>
    </Paradigm>
    <Paradigm pdgId="1159955" Lemma="у аб'ёме" Tag="I">
        <Form Tag="">у аб'ёме</Form>
        <Form Tag="">ў аб'ёме</Form>
    </Paradigm>
    <Paradigm pdgId="1104316" Lemma="у адказ на" Tag="I">
        <Form Tag="">у адказ на</Form>
        <Form Tag="">ў адказ на</Form>
    </Paradigm>
    <Paradigm pdgId="1104317" Lemma="у адносінах" Tag="I">
        <Form Tag="">у адносінах</Form>
        <Form Tag="">ў адносінах</Form>
    </Paradigm>
    <Paradigm pdgId="1104318" Lemma="у адносінах да" Tag="I">
        <Form Tag="">у адносінах да</Form>
        <Form Tag="">ў адносінах да</Form>
    </Paradigm>
    <Paradigm pdgId="1159901" Lemma="у адпаведнасці з" Tag="I">
        <Form Tag="">у адпаведнасці з</Form>
        <Form Tag="">ў адпаведнасці з</Form>
    </Paradigm>
    <Paradigm pdgId="1104320" Lemma="у адрас" Tag="I">
        <Form Tag="">у адрас</Form>
        <Form Tag="">ў адрас</Form>
    </Paradigm>
    <Paradigm pdgId="1104321" Lemma="у адрозненне ад" Tag="I">
        <Form Tag="">у адрозненне ад</Form>
        <Form Tag="">ў адрозненне ад</Form>
    </Paradigm>
    <Paradigm pdgId="1160120" Lemma="у адсутнасці" Tag="I">
        <Form Tag="">у адсутнасці</Form>
        <Form Tag="">ў адсутнасці</Form>
    </Paradigm>
    <Paradigm pdgId="1160063" Lemma="у асобе" Tag="I">
        <Form Tag="">у асобе</Form>
        <Form Tag="">ў асобе</Form>
    </Paradigm>
    <Paradigm pdgId="1160068" Lemma="у баку ад" Tag="I">
        <Form Tag="">у баку ад</Form>
        <Form Tag="">ў баку ад</Form>
    </Paradigm>
    <Paradigm pdgId="1159977" Lemma="у барацьбе за" Tag="I">
        <Form Tag="">у барацьбе за</Form>
        <Form Tag="">ў барацьбе за</Form>
    </Paradigm>
    <Paradigm pdgId="1160083" Lemma="у бок" Tag="I">
        <Form Tag="">у бок</Form>
        <Form Tag="">ў бок</Form>
    </Paradigm>
    <Paradigm pdgId="1139016" Lemma="ува" Tag="I">
        <Form Tag="">ува</Form>
        <Form Tag="">ўва</Form>
    </Paradigm>
    <Paradigm pdgId="1159918" Lemma="у ва" Tag="I">
        <Form Tag="">у ва</Form>
        <Form Tag="">ў ва</Form>
    </Paradigm>
    <Paradigm pdgId="1139017" Lemma="уводдалі" Tag="I">
        <Form Tag="">уводдалі</Form>
        <Form Tag="">ўводдалі</Form>
    </Paradigm>
    <Paradigm pdgId="1159953" Lemma="уводдалі ад" Tag="I">
        <Form Tag="">уводдалі ад</Form>
        <Form Tag="">ўводдалі ад</Form>
    </Paradigm>
    <Paradigm pdgId="1160093" Lemma="у выглядзе" Tag="I">
        <Form Tag="">у выглядзе</Form>
        <Form Tag="">ў выглядзе</Form>
    </Paradigm>
    <Paradigm pdgId="1104322" Lemma="у выніку" Tag="I">
        <Form Tag="">у выніку</Form>
        <Form Tag="">ў выніку</Form>
    </Paradigm>
    <Paradigm pdgId="1159997" Lemma="у выпадку" Tag="I">
        <Form Tag="">у выпадку</Form>
        <Form Tag="">ў выпадку</Form>
    </Paradigm>
    <Paradigm pdgId="1160041" Lemma="углыб" Tag="I">
        <Form Tag="">углыб</Form>
        <Form Tag="">ўглыб</Form>
    </Paradigm>
    <Paradigm pdgId="1159954" Lemma="у глыб" Tag="I">
        <Form Tag="">у глыб</Form>
        <Form Tag="">ў глыб</Form>
    </Paradigm>
    <Paradigm pdgId="1160030" Lemma="углыб ад" Tag="I">
        <Form Tag="">углыб ад</Form>
        <Form Tag="">ўглыб ад</Form>
    </Paradigm>
    <Paradigm pdgId="1104323" Lemma="у гонар" Tag="I">
        <Form Tag="">у гонар</Form>
        <Form Tag="">ў гонар</Form>
    </Paradigm>
    <Paradigm pdgId="1159895" Lemma="удагон" Tag="I">
        <Form Tag="">удагон</Form>
        <Form Tag="">ўдагон</Form>
    </Paradigm>
    <Paradigm pdgId="1160061" Lemma="удагон за" Tag="I">
        <Form Tag="">удагон за</Form>
        <Form Tag="">ўдагон за</Form>
    </Paradigm>
    <Paradigm pdgId="1159989" Lemma="удагонку" Tag="I">
        <Form Tag="">удагонку</Form>
        <Form Tag="">ўдагонку</Form>
    </Paradigm>
    <Paradigm pdgId="1159958" Lemma="удагонку за" Tag="I">
        <Form Tag="">удагонку за</Form>
        <Form Tag="">ўдагонку за</Form>
    </Paradigm>
    <Paradigm pdgId="1159995" Lemma="удоль" Tag="I">
        <Form Tag="">удоль</Form>
        <Form Tag="">ўдоль</Form>
    </Paradigm>
    <Paradigm pdgId="1139018" Lemma="удоўж" Tag="I">
        <Form Tag="">удоўж</Form>
        <Form Tag="">ўдоўж</Form>
    </Paradigm>
    <Paradigm pdgId="1159990" Lemma="у залежнасці ад" Tag="I">
        <Form Tag="">у залежнасці ад</Form>
        <Form Tag="">ў залежнасці ад</Form>
    </Paradigm>
    <Paradigm pdgId="1104337" Lemma="узамен" Tag="I">
        <Form Tag="">узамен</Form>
        <Form Tag="">ўзамен</Form>
    </Paradigm>
    <Paradigm pdgId="1139019" Lemma="узбоч" Tag="I">
        <Form Tag="">узбоч</Form>
        <Form Tag="">ўзбоч</Form>
    </Paradigm>
    <Paradigm pdgId="1160078" Lemma="узбоч ад" Tag="I">
        <Form Tag="">узбоч ад</Form>
        <Form Tag="">ўзбоч ад</Form>
    </Paradigm>
    <Paradigm pdgId="1160020" Lemma="узверх" Tag="I">
        <Form Tag="">узверх</Form>
        <Form Tag="">ўзверх</Form>
    </Paradigm>
    <Paradigm pdgId="1139020" Lemma="уздагон" Tag="I">
        <Form Tag="">уздагон</Form>
        <Form Tag="">ўздагон</Form>
    </Paradigm>
    <Paradigm pdgId="1104338" Lemma="уздоўж" Tag="I">
        <Form Tag="">уздоўж</Form>
        <Form Tag="">ўздоўж</Form>
    </Paradigm>
    <Paradigm pdgId="1160077" Lemma="уздоўж па" Tag="I">
        <Form Tag="">уздоўж па</Form>
        <Form Tag="">ўздоўж па</Form>
    </Paradigm>
    <Paradigm pdgId="1159942" Lemma="у знак" Tag="I">
        <Form Tag="">у знак</Form>
        <Form Tag="">ў знак</Form>
    </Paradigm>
    <Paradigm pdgId="1104315" Lemma="у імя" Tag="I">
        <Form Tag="">у імя</Form>
        <Form Tag="">ў імя</Form>
    </Paradigm>
    <Paradigm pdgId="1159963" Lemma="у інтарэсах" Tag="I">
        <Form Tag="">у інтарэсах</Form>
        <Form Tag="">ў інтарэсах</Form>
    </Paradigm>
    <Paradigm pdgId="1159950" Lemma="у карысць" Tag="I">
        <Form Tag="">у карысць</Form>
        <Form Tag="">ў карысць</Form>
    </Paradigm>
    <Paradigm pdgId="1159992" Lemma="у кірунку" Tag="I">
        <Form Tag="">у кірунку</Form>
        <Form Tag="">ў кірунку</Form>
    </Paradigm>
    <Paradigm pdgId="1159893" Lemma="у кірунку да" Tag="I">
        <Form Tag="">у кірунку да</Form>
        <Form Tag="">ў кірунку да</Form>
    </Paradigm>
    <Paradigm pdgId="1104339" Lemma="уключаючы" Tag="I">
        <Form Tag="">уключаючы</Form>
        <Form Tag="">ўключаючы</Form>
    </Paradigm>
    <Paradigm pdgId="1160137" Lemma="укруг" Tag="I">
        <Form Tag="">укруг</Form>
        <Form Tag="">ўкруг</Form>
    </Paradigm>
    <Paradigm pdgId="1159933" Lemma="у лік" Tag="I">
        <Form Tag="">у лік</Form>
        <Form Tag="">ў лік</Form>
    </Paradigm>
    <Paradigm pdgId="1104325" Lemma="у ліку" Tag="I">
        <Form Tag="">у ліку</Form>
        <Form Tag="">ў ліку</Form>
    </Paradigm>
    <Paradigm pdgId="1160024" Lemma="уместа" Tag="I">
        <Form Tag="">уместа</Form>
        <Form Tag="">ўместа</Form>
    </Paradigm>
    <Paradigm pdgId="1104326" Lemma="у мэтах" Tag="I">
        <Form Tag="">у мэтах</Form>
        <Form Tag="">ў мэтах</Form>
    </Paradigm>
    <Paradigm pdgId="1159982" Lemma="у напрамку" Tag="I">
        <Form Tag="">у напрамку</Form>
        <Form Tag="">ў напрамку</Form>
    </Paradigm>
    <Paradigm pdgId="1160116" Lemma="у напрамку да" Tag="I">
        <Form Tag="">у напрамку да</Form>
        <Form Tag="">ў напрамку да</Form>
    </Paradigm>
    <Paradigm pdgId="1139021" Lemma="унутр" Tag="I">
        <Form Tag="">унутр</Form>
        <Form Tag="">ўнутр</Form>
    </Paradigm>
    <Paradigm pdgId="1160021" Lemma="унутры" Tag="I">
        <Form Tag="">унутры</Form>
        <Form Tag="">ўнутры</Form>
    </Paradigm>
    <Paradigm pdgId="1160001" Lemma="упапярок" Tag="I">
        <Form Tag="">упапярок</Form>
        <Form Tag="">ўпапярок</Form>
    </Paradigm>
    <Paradigm pdgId="1104327" Lemma="у параўнанні з" Tag="I">
        <Form Tag="">у параўнанні з</Form>
        <Form Tag="">ў параўнанні з</Form>
    </Paradigm>
    <Paradigm pdgId="1104340" Lemma="уперад" Tag="I">
        <Form Tag="">уперад</Form>
        <Form Tag="">ўперад</Form>
    </Paradigm>
    <Paradigm pdgId="1160119" Lemma="уперад за" Tag="I">
        <Form Tag="">уперад за</Form>
        <Form Tag="">ўперад за</Form>
    </Paradigm>
    <Paradigm pdgId="1104341" Lemma="уперадзе" Tag="I">
        <Form Tag="">уперадзе</Form>
        <Form Tag="">ўперадзе</Form>
    </Paradigm>
    <Paradigm pdgId="1104342" Lemma="упоперак" Tag="I">
        <Form Tag="">упоперак</Form>
        <Form Tag="">ўпоперак</Form>
    </Paradigm>
    <Paradigm pdgId="1160073" Lemma="у процівагу" Tag="I">
        <Form Tag="">у процівагу</Form>
        <Form Tag="">ў процівагу</Form>
    </Paradigm>
    <Paradigm pdgId="1160013" Lemma="упярод" Tag="I">
        <Form Tag="">упярод</Form>
        <Form Tag="">ўпярод</Form>
    </Paradigm>
    <Paradigm pdgId="1160011" Lemma="у рамках" Tag="I">
        <Form Tag="">у рамках</Form>
        <Form Tag="">ў рамках</Form>
    </Paradigm>
    <Paradigm pdgId="1104329" Lemma="у саюзе з" Tag="I">
        <Form Tag="">у саюзе з</Form>
        <Form Tag="">ў саюзе з</Form>
    </Paradigm>
    <Paradigm pdgId="1104328" Lemma="у сілу" Tag="I">
        <Form Tag="">у сілу</Form>
        <Form Tag="">ў сілу</Form>
    </Paradigm>
    <Paradigm pdgId="1160059" Lemma="ускрай" Tag="I">
        <Form Tag="">ускрай</Form>
        <Form Tag="">ўскрай</Form>
    </Paradigm>
    <Paradigm pdgId="1160132" Lemma="у славу" Tag="I">
        <Form Tag="">у славу</Form>
        <Form Tag="">ў славу</Form>
    </Paradigm>
    <Paradigm pdgId="1104343" Lemma="услед" Tag="I">
        <Form Tag="">услед</Form>
        <Form Tag="">ўслед</Form>
    </Paradigm>
    <Paradigm pdgId="1159930" Lemma="услед за" Tag="I">
        <Form Tag="">услед за</Form>
        <Form Tag="">ўслед за</Form>
    </Paradigm>
    <Paradigm pdgId="1104330" Lemma="у справе" Tag="I">
        <Form Tag="">у справе</Form>
        <Form Tag="">ў справе</Form>
    </Paradigm>
    <Paradigm pdgId="1104331" Lemma="у сувязі з" Tag="I">
        <Form Tag="">у сувязі з</Form>
        <Form Tag="">ў сувязі з</Form>
    </Paradigm>
    <Paradigm pdgId="1159923" Lemma="у супрацьлегласць" Tag="I">
        <Form Tag="">у супрацьлегласць</Form>
        <Form Tag="">ў супрацьлегласць</Form>
    </Paradigm>
    <Paradigm pdgId="1104344" Lemma="усцяж" Tag="I">
        <Form Tag="">усцяж</Form>
        <Form Tag="">ўсцяж</Form>
    </Paradigm>
    <Paradigm pdgId="1104332" Lemma="у сэнсе" Tag="I">
        <Form Tag="">у сэнсе</Form>
        <Form Tag="">ў сэнсе</Form>
    </Paradigm>
    <Paradigm pdgId="1159929" Lemma="усярэдзіне" Tag="I">
        <Form Tag="">усярэдзіне</Form>
        <Form Tag="">ўсярэдзіне</Form>
    </Paradigm>
    <Paradigm pdgId="1159915" Lemma="усярэдзіну" Tag="I">
        <Form Tag="">усярэдзіну</Form>
        <Form Tag="">ўсярэдзіну</Form>
    </Paradigm>
    <Paradigm pdgId="1104333" Lemma="у час" Tag="I">
        <Form Tag="">у час</Form>
        <Form Tag="">ў час</Form>
    </Paradigm>
    <Paradigm pdgId="1104334" Lemma="у часе" Tag="I">
        <Form Tag="">у часе</Form>
        <Form Tag="">ў часе</Form>
    </Paradigm>
    <Paradigm pdgId="1104335" Lemma="у часы" Tag="I">
        <Form Tag="">у часы</Form>
        <Form Tag="">ў часы</Form>
    </Paradigm>
    <Paradigm pdgId="1159966" Lemma="у чэсць" Tag="I">
        <Form Tag="">у чэсць</Form>
        <Form Tag="">ў чэсць</Form>
    </Paradigm>
    <Paradigm pdgId="1104345" Lemma="цераз" Tag="I">
        <Form Tag="">цераз</Form>
    </Paradigm>
    <Paradigm pdgId="1146176" Lemma="цягам" Tag="I">
        <Form Tag="">цягам</Form>
    </Paradigm>
    <Paradigm pdgId="1104346" Lemma="шляхам" Tag="I">
        <Form Tag="">шляхам</Form>
    </Paradigm>
</Wordlist>
