<?xml version="1.0" encoding="UTF-8" standalone="yes"?>
<Wordlist>
    <Paradigm pdgId="1163360" Lemma="-" Tag="KM1">
        <Form Tag="">-</Form>
    </Paradigm>
    <Paradigm pdgId="1163361" Lemma="—" Tag="KM2">
        <Form Tag="">—</Form>
    </Paradigm>
    <Paradigm pdgId="1163359" Lemma="," Tag="KK">
        <Form Tag="">,</Form>
    </Paradigm>
    <Paradigm pdgId="1163353" Lemma=":" Tag="K2">
        <Form Tag="">:</Form>
    </Paradigm>
    <Paradigm pdgId="1163358" Lemma="!" Tag="KE">
        <Form Tag="">!</Form>
    </Paradigm>
    <Paradigm pdgId="1163355" Lemma="?" Tag="KA">
        <Form Tag="">?</Form>
    </Paradigm>
    <Paradigm pdgId="1163366" Lemma="." Tag="KR">
        <Form Tag="">.</Form>
    </Paradigm>
    <Paradigm pdgId="1163364" Lemma="«" Tag="KQO">
        <Form Tag="">«</Form>
    </Paradigm>
    <Paradigm pdgId="1163362" Lemma="»" Tag="KQC">
        <Form Tag="">»</Form>
    </Paradigm>
    <Paradigm pdgId="1163357" Lemma="(" Tag="KDO">
        <Form Tag="">(</Form>
    </Paradigm>
    <Paradigm pdgId="1163356" Lemma=")" Tag="KDC">
        <Form Tag="">)</Form>
    </Paradigm>
    <Paradigm pdgId="1163363" Lemma="“" Tag="KQL">
        <Form Tag="">“</Form>
    </Paradigm>
    <Paradigm pdgId="1163365" Lemma="”" Tag="KQR">
        <Form Tag="">”</Form>
    </Paradigm>
    <Paradigm pdgId="1163354" Lemma="…" Tag="K3">
        <Form Tag="">…</Form>
    </Paradigm>
</Wordlist>
