<?xml version="1.0" encoding="UTF-8" standalone="yes"?>
<Wordlist>
    <Paradigm pdgId="1105280" Lemma="абла´зіць" Tag="VDMN2">
        <Form Tag="0">абла´зіць</Form>
        <Form Tag="R1S">аблажу</Form>
        <Form Tag="R2S">аблазіш</Form>
        <Form Tag="R3S">абла´зіць</Form>
        <Form Tag="R1P">аблазім</Form>
        <Form Tag="R2P">аблазіце</Form>
        <Form Tag="R3P">абла´зяць</Form>
        <Form Tag="PXSM">абла´зіў</Form>
        <Form Tag="PXSF">абла´зіла</Form>
        <Form Tag="PXSN">абла´зіла</Form>
        <Form Tag="PXPX">абла´зілі</Form>
        <Form Tag="I2S">аблазь</Form>
        <Form Tag="I2P">аблазьце</Form>
        <Form Tag="RG">аблазячы</Form>
    </Paradigm>
</Wordlist>
