<?xml version="1.0" encoding="UTF-8" standalone="yes"?>
<Wordlist>
    <Paradigm pdgId="1104916" Lemma="абвінава´чваць" Tag="VDMN1">
        <Form Tag="0">абвінава´чваць</Form>
        <Form Tag="R1S">абвінава´чваю</Form>
        <Form Tag="R2S">абвінава´чваеш</Form>
        <Form Tag="R3S">абвінава´чвае</Form>
        <Form Tag="R1P">абвінава´чваем</Form>
        <Form Tag="R2P">абвінава´чваеце</Form>
        <Form Tag="R3P">абвінава´чваюць</Form>
        <Form Tag="PXSM">абвінава´чваў</Form>
        <Form Tag="PXSF">абвінава´чвала</Form>
        <Form Tag="PXSN">абвінава´чвала</Form>
        <Form Tag="PXPX">абвінава´чвалі</Form>
        <Form Tag="I2S">абвінава´чвай</Form>
        <Form Tag="I2P">абвінава´чвайце</Form>
        <Form Tag="RG">абвінава´чваючы</Form>
    </Paradigm>
    <Paradigm pdgId="1105256" Lemma="абліпа´ць" Tag="VDMN1">
        <Form Tag="0">абліпа´ць</Form>
        <Form Tag="R1S">абліпаю</Form>
        <Form Tag="R2S">абліпаеш</Form>
        <Form Tag="R3S">абліпа´е</Form>
        <Form Tag="R1P">абліпаем</Form>
        <Form Tag="R2P">абліпаеце</Form>
        <Form Tag="R3P">абліпа´юць</Form>
        <Form Tag="PXSM">абліпа´ў</Form>
        <Form Tag="PXSF">абліпа´ла</Form>
        <Form Tag="PXSN">абліпа´ла</Form>
        <Form Tag="PXPX">абліпа´лі</Form>
        <Form Tag="I2S">абліпай</Form>
        <Form Tag="I2P">абліпайце</Form>
        <Form Tag="RG">абліпаючы</Form>
    </Paradigm>
    <Paradigm pdgId="1105828" Lemma="абяца´ць" Tag="VDMN1">
        <Form Tag="0">абяца´ць</Form>
        <Form Tag="R1S">абяца´ю</Form>
        <Form Tag="R2S">абяца´еш</Form>
        <Form Tag="R3S">абяца´е</Form>
        <Form Tag="R1P">абяца´ем</Form>
        <Form Tag="R2P">абяца´еце</Form>
        <Form Tag="R3P">абяца´юць</Form>
        <Form Tag="PXSM">абяца´ў</Form>
        <Form Tag="PXSF">абяца´ла</Form>
        <Form Tag="PXSN">абяца´ла</Form>
        <Form Tag="PXPX">абяца´лі</Form>
        <Form Tag="I2S">абяца´й</Form>
        <Form Tag="I2P">абяца´йце</Form>
        <Form Tag="RG">абяца´ючы</Form>
    </Paradigm>
    <Paradigm pdgId="1104636" Lemma="імправізава´ць" Tag="VDMN1">
        <Form Tag="0">імправізава´ць</Form>
        <Form Tag="R1S">імправізу´ю</Form>
        <Form Tag="R2S">імправізу´еш</Form>
        <Form Tag="R3S">імправізу´е</Form>
        <Form Tag="R1P">імправізу´ем</Form>
        <Form Tag="R2P">імправізу´еце</Form>
        <Form Tag="R3P">імправізу´юць</Form>
        <Form Tag="PXSM">імправізава´ў</Form>
        <Form Tag="PXSF">імправізава´ла</Form>
        <Form Tag="PXSN">імправізава´ла</Form>
        <Form Tag="PXPX">імправізава´лі</Form>
        <Form Tag="I2S">імправізу´й</Form>
        <Form Tag="I2P">імправізу´йце</Form>
        <Form Tag="RG">імправізу´ючы</Form>
    </Paradigm>
    <Paradigm pdgId="1104710" Lemma="інтрыгава´ць" Tag="VDMN1">
        <Form Tag="0">інтрыгава´ць</Form>
        <Form Tag="R1S">інтрыгу´ю</Form>
        <Form Tag="R2S">інтрыгу´еш</Form>
        <Form Tag="R3S">інтрыгу´е</Form>
        <Form Tag="R1P">інтрыгу´ем</Form>
        <Form Tag="R2P">інтрыгу´еце</Form>
        <Form Tag="R3P">інтрыгу´юць</Form>
        <Form Tag="PXSM">інтрыгава´ў</Form>
        <Form Tag="PXSF">інтрыгава´ла</Form>
        <Form Tag="PXSN">інтрыгава´ла</Form>
        <Form Tag="PXPX">інтрыгава´лі</Form>
        <Form Tag="I2S">інтрыгу´й</Form>
        <Form Tag="I2P">інтрыгу´йце</Form>
        <Form Tag="RG">інтрыгу´ючы</Form>
    </Paradigm>
</Wordlist>
