<?xml version="1.0" encoding="UTF-8" standalone="yes"?>
<Wordlist>
    <Paradigm pdgId="1163398" Lemma="імправізава´ць" Tag="VDPN1">
        <Form Tag="0">імправізава´ць</Form>
        <Form Tag="F1S">імправізу´ю</Form>
        <Form Tag="F2S">імправізу´еш</Form>
        <Form Tag="F3S">імправізу´е</Form>
        <Form Tag="F1P">імправізу´ем</Form>
        <Form Tag="F2P">імправізу´еце</Form>
        <Form Tag="F3P">імправізу´юць</Form>
        <Form Tag="PXSM">імправізава´ў</Form>
        <Form Tag="PXSF">імправізава´ла</Form>
        <Form Tag="PXSN">імправізава´ла</Form>
        <Form Tag="PXPX">імправізава´лі</Form>
        <Form Tag="I2S">імправізу´й</Form>
        <Form Tag="I2P">імправізу´йце</Form>
        <Form Tag="PG">імправізава´ўшы</Form>
    </Paradigm>
</Wordlist>
