<?xml version="1.0" encoding="UTF-8" standalone="yes"?>
<Wordlist>
    <Paradigm pdgId="1104625" Lemma="імглі´ць" Tag="VIMN2">
        <Form Tag="0">імглі´ць</Form>
        <Form Tag="R1S">імглю</Form>
        <Form Tag="R2S">імгліш</Form>
        <Form Tag="R3S">імглі´ць</Form>
        <Form Tag="R1P">імглім</Form>
        <Form Tag="R2P">імгліце</Form>
        <Form Tag="R3P">імгляць</Form>
        <Form Tag="PXSM">імглі´ў</Form>
        <Form Tag="PXSF">імглі´ла</Form>
        <Form Tag="PXSN">імглі´ла</Form>
        <Form Tag="PXPX">імглілі</Form>
        <Form Tag="I2S">імглі</Form>
        <Form Tag="I2P">імгліце</Form>
        <Form Tag="RG">імглячы</Form>
    </Paradigm>
    <Paradigm pdgId="1104751" Lemma="іскры´ць" Tag="VIMN2">
        <Form Tag="0">іскры´ць</Form>
        <Form Tag="R1S">іскру</Form>
        <Form Tag="R2S">іскрыш</Form>
        <Form Tag="R3S">іскры´ць</Form>
        <Form Tag="R1P">іскрым</Form>
        <Form Tag="R2P">іскрыце</Form>
        <Form Tag="R3P">іскра´ць</Form>
        <Form Tag="PXSM">іскры´ў</Form>
        <Form Tag="PXSF">іскры´ла</Form>
        <Form Tag="PXSN">іскры´ла</Form>
        <Form Tag="PXPX">іскры´лі</Form>
        <Form Tag="I2S">іскры</Form>
        <Form Tag="I2P">іскрыце</Form>
        <Form Tag="RG">іскрачы</Form>
    </Paradigm>
</Wordlist>
