<?xml version="1.0" encoding="UTF-8" standalone="yes"?>
<Wordlist>
    <Paradigm pdgId="1104793" Lemma="аб'і´ньваць" Tag="VIMN1">
        <Form Tag="0">аб'і´ньваць</Form>
        <Form Tag="R1S">аб'і´ньваю</Form>
        <Form Tag="R2S">аб'і´ньваеш</Form>
        <Form Tag="R3S">аб'і´ньвае</Form>
        <Form Tag="R1P">аб'і´ньваем</Form>
        <Form Tag="R2P">аб'і´ньваеце</Form>
        <Form Tag="R3P">аб'і´ньваюць</Form>
        <Form Tag="PXSM">аб'і´ньваў</Form>
        <Form Tag="PXSF">аб'і´ньвала</Form>
        <Form Tag="PXSN">аб'і´ньвала</Form>
        <Form Tag="PXPX">аб'і´ньвалі</Form>
        <Form Tag="I2S">аб'і´ньвай</Form>
        <Form Tag="I2P">аб'і´ньвайце</Form>
        <Form Tag="RG">аб'і´ньваючы</Form>
    </Paradigm>
    <Paradigm pdgId="1104873" Lemma="абаправа´ць" Tag="VIMN1">
        <Form Tag="0">абаправа´ць</Form>
        <Form Tag="R1S">абаправа´ю</Form>
        <Form Tag="R2S">абаправа´еш</Form>
        <Form Tag="R3S">абаправа´е</Form>
        <Form Tag="R1P">абаправа´ем</Form>
        <Form Tag="R2P">абаправа´еце</Form>
        <Form Tag="R3P">абаправа´юць</Form>
        <Form Tag="PXSM">абаправа´ў</Form>
        <Form Tag="PXSF">абаправа´ла</Form>
        <Form Tag="PXSN">абаправа´ла</Form>
        <Form Tag="PXPX">абаправа´лі</Form>
        <Form Tag="I2S">абаправа´й</Form>
        <Form Tag="I2P">абаправа´йце</Form>
        <Form Tag="RG">абаправа´ючы</Form>
    </Paradigm>
    <Paradigm pdgId="1104919" Lemma="абвіса´ць" Tag="VIMN1">
        <Form Tag="0">абвіса´ць</Form>
        <Form Tag="R1S">абвіса´ю</Form>
        <Form Tag="R2S">абвіса´еш</Form>
        <Form Tag="R3S">абвіса´е</Form>
        <Form Tag="R1P">абвіса´ем</Form>
        <Form Tag="R2P">абвіса´еце</Form>
        <Form Tag="R3P">абвіса´юць</Form>
        <Form Tag="PXSM">абвіса´ў</Form>
        <Form Tag="PXSF">абвіса´ла</Form>
        <Form Tag="PXSN">абвіса´ла</Form>
        <Form Tag="PXPX">абвіса´лі</Form>
        <Form Tag="I2S">абвіса´й</Form>
        <Form Tag="I2P">абвіса´йце</Form>
        <Form Tag="RG">абвіса´ючы</Form>
    </Paradigm>
    <Paradigm pdgId="1104972" Lemma="абвыка´ць" Tag="VIMN1">
        <Form Tag="0">абвыка´ць</Form>
        <Form Tag="R1S">абвыка´ю</Form>
        <Form Tag="R2S">абвыка´еш</Form>
        <Form Tag="R3S">абвыка´е</Form>
        <Form Tag="R1P">абвыка´ем</Form>
        <Form Tag="R2P">абвыка´еце</Form>
        <Form Tag="R3P">абвыка´юць</Form>
        <Form Tag="PXSM">абвыка´ў</Form>
        <Form Tag="PXSF">абвыка´ла</Form>
        <Form Tag="PXSN">абвыка´ла</Form>
        <Form Tag="PXPX">абвыка´лі</Form>
        <Form Tag="I2S">абвыка´й</Form>
        <Form Tag="I2P">абвыка´йце</Form>
        <Form Tag="RG">абвыка´ючы</Form>
    </Paradigm>
    <Paradigm pdgId="1105012" Lemma="абгараць" Tag="VIMN1">
        <Form Tag="0">абгараць</Form>
        <Form Tag="R1S">абгараю</Form>
        <Form Tag="R2S">абгараеш</Form>
        <Form Tag="R3S">абгарае</Form>
        <Form Tag="R1P">абгараем</Form>
        <Form Tag="R2P">абгараеце</Form>
        <Form Tag="R3P">абгараюць</Form>
        <Form Tag="PXSM">абгараў</Form>
        <Form Tag="PXSF">абгарала</Form>
        <Form Tag="PXSN">абгарала</Form>
        <Form Tag="PXPX">абгаралі</Form>
        <Form Tag="I2S">абгарай</Form>
        <Form Tag="I2P">абгарайце</Form>
        <Form Tag="RG">абгараючы</Form>
    </Paradigm>
    <Paradigm pdgId="1105028" Lemma="абгніва´ць" Tag="VIMN1">
        <Form Tag="0">абгніва´ць</Form>
        <Form Tag="R1S">абгніваю</Form>
        <Form Tag="R2S">абгніваеш</Form>
        <Form Tag="R3S">абгніва´е</Form>
        <Form Tag="R1P">абгніваем</Form>
        <Form Tag="R2P">абгніваеце</Form>
        <Form Tag="R3P">абгніва´юць</Form>
        <Form Tag="PXSM">абгніва´ў</Form>
        <Form Tag="PXSF">абгніва´ла</Form>
        <Form Tag="PXSN">абгніва´ла</Form>
        <Form Tag="PXPX">абгніва´лі</Form>
        <Form Tag="I2S">абгнівай</Form>
        <Form Tag="I2P">абгнівайце</Form>
        <Form Tag="RG">абгніваючы</Form>
    </Paradigm>
    <Paradigm pdgId="1105099" Lemma="абе´даць" Tag="VIMN1">
        <Form Tag="0">абе´даць</Form>
        <Form Tag="R1S">абе´даю</Form>
        <Form Tag="R2S">абе´даеш</Form>
        <Form Tag="R3S">абе´дае</Form>
        <Form Tag="R1P">абе´даем</Form>
        <Form Tag="R2P">абе´даеце</Form>
        <Form Tag="R3P">абе´даюць</Form>
        <Form Tag="PXSM">абе´даў</Form>
        <Form Tag="PXSF">абе´дала</Form>
        <Form Tag="PXSN">абе´дала</Form>
        <Form Tag="PXPX">абе´далі</Form>
        <Form Tag="I2S">абе´дай</Form>
        <Form Tag="I2P">абе´дайце</Form>
        <Form Tag="RG">абе´даючы</Form>
    </Paradigm>
    <Paradigm pdgId="1105230" Lemma="абкрышваць" Tag="VIMN1">
        <Form Tag="0">абкрышваць</Form>
        <Form Tag="R1S">абкрышваю</Form>
        <Form Tag="R2S">абкрышваеш</Form>
        <Form Tag="R3S">абкрышвае</Form>
        <Form Tag="R1P">абкрышваем</Form>
        <Form Tag="R2P">абкрышваеце</Form>
        <Form Tag="R3P">абкрышваюць</Form>
        <Form Tag="PXSM">абкрышваў</Form>
        <Form Tag="PXSF">абкрышвала</Form>
        <Form Tag="PXSN">абкрышвала</Form>
        <Form Tag="PXPX">абкрышвалі</Form>
        <Form Tag="I2S">абкрышвай</Form>
        <Form Tag="I2P">абкрышвайце</Form>
        <Form Tag="RG">абкрышваючы</Form>
    </Paradigm>
    <Paradigm pdgId="1105385" Lemma="абмака´ць" Tag="VIMN1">
        <Form Tag="0">абмака´ць</Form>
        <Form Tag="R1S">абмака´ю</Form>
        <Form Tag="R2S">абмака´еш</Form>
        <Form Tag="R3S">абмака´е</Form>
        <Form Tag="R1P">абмака´ем</Form>
        <Form Tag="R2P">абмака´еце</Form>
        <Form Tag="R3P">абмака´юць</Form>
        <Form Tag="PXSM">абмака´ў</Form>
        <Form Tag="PXSF">абмака´ла</Form>
        <Form Tag="PXSN">абмака´ла</Form>
        <Form Tag="PXPX">абмака´лі</Form>
        <Form Tag="I2S">абмака´й</Form>
        <Form Tag="I2P">абмака´йце</Form>
        <Form Tag="RG">абмака´ючы</Form>
    </Paradigm>
    <Paradigm pdgId="1105375" Lemma="абміра´ць" Tag="VIMN1">
        <Form Tag="0">абміра´ць</Form>
        <Form Tag="R1S">абміра´ю</Form>
        <Form Tag="R2S">абміра´еш</Form>
        <Form Tag="R3S">абміра´е</Form>
        <Form Tag="R1P">абміра´ем</Form>
        <Form Tag="R2P">абміра´еце</Form>
        <Form Tag="R3P">абміра´юць</Form>
        <Form Tag="PXSM">абміра´ў</Form>
        <Form Tag="PXSF">абміра´ла</Form>
        <Form Tag="PXSN">абміра´ла</Form>
        <Form Tag="PXPX">абміра´лі</Form>
        <Form Tag="I2S">абміра´й</Form>
        <Form Tag="I2P">абміра´йце</Form>
        <Form Tag="RG">абміра´ючы</Form>
    </Paradigm>
    <Paradigm pdgId="1105526" Lemma="абраста´ць" Tag="VIMN1">
        <Form Tag="0">абраста´ць</Form>
        <Form Tag="R1S">абраста´ю</Form>
        <Form Tag="R2S">абраста´еш</Form>
        <Form Tag="R3S">абраста´е</Form>
        <Form Tag="R1P">абраста´ем</Form>
        <Form Tag="R2P">абраста´еце</Form>
        <Form Tag="R3P">абраста´юць</Form>
        <Form Tag="PXSM">абраста´ў</Form>
        <Form Tag="PXSF">абраста´ла</Form>
        <Form Tag="PXSN">абраста´ла</Form>
        <Form Tag="PXPX">абраста´лі</Form>
        <Form Tag="I2S">абраста´й</Form>
        <Form Tag="I2P">абраста´йце</Form>
        <Form Tag="RG">абраста´ючы</Form>
    </Paradigm>
    <Paradigm pdgId="1105654" Lemma="абтава´ць" Tag="VIMN1">
        <Form Tag="0">абтава´ць</Form>
        <Form Tag="R1S">абтаю</Form>
        <Form Tag="R2S">абтаеш</Form>
        <Form Tag="R3S">абтае´</Form>
        <Form Tag="R1P">абтаём</Form>
        <Form Tag="R2P">абтаяце</Form>
        <Form Tag="R3P">абтаю´ць</Form>
        <Form Tag="PXSM">абтава´ў</Form>
        <Form Tag="PXSF">абтава´ла</Form>
        <Form Tag="PXSN">абтава´ла</Form>
        <Form Tag="PXPX">абтава´лі</Form>
        <Form Tag="I2S">абтавай</Form>
        <Form Tag="I2P">абтавайце</Form>
        <Form Tag="RG">абтаючы</Form>
    </Paradigm>
    <Paradigm pdgId="1104762" Lemma="ё´лкнуць" Tag="VIMN1">
        <Form Tag="0">ё´лкнуць</Form>
        <Form Tag="R1S">ёлкну</Form>
        <Form Tag="R2S">ёлкнеш</Form>
        <Form Tag="R3S">ё´лкне</Form>
        <Form Tag="R1P">ёлкнем</Form>
        <Form Tag="R2P">ёлкнеце</Form>
        <Form Tag="R3P">ё´лкнуць</Form>
        <Form Tag="PXSM">ёлкнуў</Form>
        <Form Tag="PXSF">ёлкнула</Form>
        <Form Tag="PXSN">ёлкнула</Form>
        <Form Tag="PXPX">ёлкнулі</Form>
        <Form Tag="I2S">ёлкні</Form>
        <Form Tag="I2P">ёлкніце</Form>
        <Form Tag="RG">ёлкнучы</Form>
    </Paradigm>
    <Paradigm pdgId="1104611" Lemma="і´каць" Tag="VIMN1">
        <Form Tag="0">і´каць</Form>
        <Form Tag="R1S">і´каю</Form>
        <Form Tag="R2S">і´каеш</Form>
        <Form Tag="R3S">і´кае</Form>
        <Form Tag="R1P">і´каем</Form>
        <Form Tag="R2P">і´каеце</Form>
        <Form Tag="R3P">і´каюць</Form>
        <Form Tag="PXSM">і´каў</Form>
        <Form Tag="PXSF">і´кала</Form>
        <Form Tag="PXSN">і´кала</Form>
        <Form Tag="PXPX">і´калі</Form>
        <Form Tag="I2S">і´кай</Form>
        <Form Tag="I2P">і´кайце</Form>
        <Form Tag="RG">і´каючы</Form>
    </Paradigm>
    <Paradigm pdgId="1104613" Lemma="ілга´ць" Tag="VIMN1">
        <Form Tag="0">ілга´ць</Form>
        <Form Tag="R1S">ілгу´</Form>
        <Form Tag="R2S">ілжэ´ш</Form>
        <Form Tag="R3S">ілжэ´</Form>
        <Form Tag="R1P">ілжо´м</Form>
        <Form Tag="R2P">ілжаце´</Form>
        <Form Tag="R3P">ілгу´ць</Form>
        <Form Tag="PXSM">ілга´ў</Form>
        <Form Tag="PXSF">ілга´ла</Form>
        <Form Tag="PXSN">ілга´ла</Form>
        <Form Tag="PXPX">ілга´лі</Form>
        <Form Tag="I2S">ілжы´</Form>
        <Form Tag="I2P">ілжы´це</Form>
        <Form Tag="RG">ілгучы´</Form>
    </Paradigm>
    <Paradigm pdgId="1104627" Lemma="імжэ´ць" Tag="VIMN1">
        <Form Tag="0">імжэ´ць</Form>
        <Form Tag="R1S"></Form>
        <Form Tag="R2S"></Form>
        <Form Tag="R3S">імжы´ць</Form>
        <Form Tag="R3S">імжэ´е</Form>
        <Form Tag="R1P"></Form>
        <Form Tag="R2P"></Form>
        <Form Tag="R3P"></Form>
        <Form Tag="PXSM">імжэ´ў</Form>
        <Form Tag="PXSF">імжэ´ла</Form>
        <Form Tag="PXSN">імжэ´ла</Form>
        <Form Tag="PXPX">імжэ´лі</Form>
        <Form Tag="I2S">імжы´</Form>
        <Form Tag="I2P">імжы´це</Form>
        <Form Tag="RG"></Form>
    </Paradigm>
    <Paradigm pdgId="1104621" Lemma="іміграва´ць" Tag="VIMN1">
        <Form Tag="0">іміграва´ць</Form>
        <Form Tag="R1S">імігру´ю</Form>
        <Form Tag="R2S">імігру´еш</Form>
        <Form Tag="R3S">імігру´е</Form>
        <Form Tag="R1P">імігру´ем</Form>
        <Form Tag="R2P">імігру´еце</Form>
        <Form Tag="R3P">імігру´юць</Form>
        <Form Tag="PXSM">іміграва´ў</Form>
        <Form Tag="PXSF">іміграва´ла</Form>
        <Form Tag="PXSN">іміграва´ла</Form>
        <Form Tag="PXPX">іміграва´лі</Form>
        <Form Tag="I2S">імігру´й</Form>
        <Form Tag="I2P">імігру´йце</Form>
        <Form Tag="RG">імігру´ючы</Form>
    </Paradigm>
    <Paradigm pdgId="1104629" Lemma="імкну´ць" Tag="VIMN1">
        <Form Tag="0">імкну´ць</Form>
        <Form Tag="R1S">імкну´</Form>
        <Form Tag="R2S">імкне´ш</Form>
        <Form Tag="R3S">імкне´</Form>
        <Form Tag="R1P">імкнё´м</Form>
        <Form Tag="R2P">імкняце´</Form>
        <Form Tag="R3P">імкну´ць</Form>
        <Form Tag="PXSM">імкну´ў</Form>
        <Form Tag="PXSF">імкну´ла</Form>
        <Form Tag="PXSN">імкну´ла</Form>
        <Form Tag="PXPX">імкну´лі</Form>
        <Form Tag="I2S">імкні´</Form>
        <Form Tag="I2P">імкні´це</Form>
        <Form Tag="RG">імкнучы´</Form>
    </Paradigm>
    <Paradigm pdgId="1104630" Lemma="імпанава´ць" Tag="VIMN1">
        <Form Tag="0">імпанава´ць</Form>
        <Form Tag="R1S">імпану´ю</Form>
        <Form Tag="R2S">імпану´еш</Form>
        <Form Tag="R3S">імпану´е</Form>
        <Form Tag="R1P">імпану´ем</Form>
        <Form Tag="R2P">імпану´еце</Form>
        <Form Tag="R3P">імпану´юць</Form>
        <Form Tag="PXSM">імпанава´ў</Form>
        <Form Tag="PXSF">імпанава´ла</Form>
        <Form Tag="PXSN">імпанава´ла</Form>
        <Form Tag="PXPX">імпанава´лі</Form>
        <Form Tag="I2S">імпану´й</Form>
        <Form Tag="I2P">імпану´йце</Form>
        <Form Tag="RG">імпану´ючы</Form>
    </Paradigm>
    <Paradigm pdgId="1104711" Lemma="інты´мнічаць" Tag="VIMN1">
        <Form Tag="0">інты´мнічаць</Form>
        <Form Tag="R1S">інты´мнічаю</Form>
        <Form Tag="R2S">інты´мнічаеш</Form>
        <Form Tag="R3S">інты´мнічае</Form>
        <Form Tag="R1P">інты´мнічаем</Form>
        <Form Tag="R2P">інты´мнічаеце</Form>
        <Form Tag="R3P">інты´мнічаюць</Form>
        <Form Tag="PXSM">інты´мнічаў</Form>
        <Form Tag="PXSF">інты´мнічала</Form>
        <Form Tag="PXSN">інты´мнічала</Form>
        <Form Tag="PXPX">інты´мнічалі</Form>
        <Form Tag="I2S">інты´мнічай</Form>
        <Form Tag="I2P">інты´мнічайце</Form>
        <Form Tag="RG">інты´мнічаючы</Form>
    </Paradigm>
    <Paradigm pdgId="1104726" Lemma="інтэрпаляваць" Tag="VIMN1">
        <Form Tag="0">інтэрпаляваць</Form>
        <Form Tag="R1S">інтэрпалюю</Form>
        <Form Tag="R2S">інтэрпалюеш</Form>
        <Form Tag="R3S">інтэрпалюе</Form>
        <Form Tag="R1P">інтэрпалюем</Form>
        <Form Tag="R2P">інтэрпалюеце</Form>
        <Form Tag="R3P">інтэрпалююць</Form>
        <Form Tag="PXSM">інтэрпаляваў</Form>
        <Form Tag="PXSF">інтэрпалявалі</Form>
        <Form Tag="PXSN">інтэрпалявала</Form>
        <Form Tag="PXPX">інтэрпалявалі</Form>
        <Form Tag="I2S">інтэрпалюй</Form>
        <Form Tag="I2P">інтэрпалюйце</Form>
        <Form Tag="RG">інтэрпалюючы</Form>
    </Paradigm>
    <Paradigm pdgId="1104736" Lemma="іранізава´ць" Tag="VIMN1">
        <Form Tag="0">іранізава´ць</Form>
        <Form Tag="R1S">іранізу´ю</Form>
        <Form Tag="R2S">іранізу´еш</Form>
        <Form Tag="R3S">іранізу´е</Form>
        <Form Tag="R1P">іранізу´ем</Form>
        <Form Tag="R2P">іранізу´еце</Form>
        <Form Tag="R3P">іранізу´юць</Form>
        <Form Tag="PXSM">іранізава´ў</Form>
        <Form Tag="PXSF">іранізава´ла</Form>
        <Form Tag="PXSN">іранізава´ла</Form>
        <Form Tag="PXPX">іранізава´лі</Form>
        <Form Tag="I2S">іранізу´й</Form>
        <Form Tag="I2P">іранізу´йце</Form>
        <Form Tag="RG">іранізу´ючы</Form>
    </Paradigm>
    <Paradigm pdgId="1104742" Lemma="ірдзе´ць" Tag="VIMN1">
        <Form Tag="0">ірдзе´ць</Form>
        <Form Tag="R1S">ірдзею</Form>
        <Form Tag="R2S">ірдзееш</Form>
        <Form Tag="R3S">ірдзе´е</Form>
        <Form Tag="R1P">ірдзеем</Form>
        <Form Tag="R2P">ірдзееце</Form>
        <Form Tag="R3P">ірдзе´юць</Form>
        <Form Tag="PXSM">ірдзе´ў</Form>
        <Form Tag="PXSF">ірдзе´ла</Form>
        <Form Tag="PXSN">ірдзе´ла</Form>
        <Form Tag="PXPX">ірдзе´лі</Form>
        <Form Tag="I2S">ірдзей</Form>
        <Form Tag="I2P">ірдзейце</Form>
        <Form Tag="RG">ірдзе´ючы</Form>
    </Paradigm>
    <Paradigm pdgId="1104747" Lemma="іржаве´ць" Tag="VIMN1">
        <Form Tag="0">іржаве´ць</Form>
        <Form Tag="R1S">іржавею</Form>
        <Form Tag="R2S">іржавееш</Form>
        <Form Tag="R3S">іржаве´е</Form>
        <Form Tag="R1P">іржавеем</Form>
        <Form Tag="R2P">іржавееце</Form>
        <Form Tag="R3P">іржаве´юць</Form>
        <Form Tag="PXSM">іржаве´ў</Form>
        <Form Tag="PXSF">іржаве´ла</Form>
        <Form Tag="PXSN">іржаве´ла</Form>
        <Form Tag="PXPX">іржаве´лі</Form>
        <Form Tag="I2S">іржавей</Form>
        <Form Tag="I2P">іржавейце</Form>
        <Form Tag="RG">іржавеючы</Form>
    </Paradigm>
    <Paradigm pdgId="1104744" Lemma="іржа´ць" Tag="VIMN1">
        <Form Tag="0">іржа´ць</Form>
        <Form Tag="R1S">іржу´</Form>
        <Form Tag="R2S">іржэ´ш</Form>
        <Form Tag="R3S">іржэ´</Form>
        <Form Tag="R1P">іржо´м</Form>
        <Form Tag="R2P">іржаце´</Form>
        <Form Tag="R3P">іржу´ць</Form>
        <Form Tag="PXSM">іржа´ў</Form>
        <Form Tag="PXSF">іржа´ла</Form>
        <Form Tag="PXSN">іржа´ла</Form>
        <Form Tag="PXPX">іржа´лі</Form>
        <Form Tag="I2S">іржы´</Form>
        <Form Tag="I2P">іржы´це</Form>
        <Form Tag="RG">іржучы´</Form>
    </Paradigm>
    <Paradigm pdgId="1104753" Lemma="існава´ць" Tag="VIMN1">
        <Form Tag="0">існава´ць</Form>
        <Form Tag="R1S">існую´</Form>
        <Form Tag="R2S">існуе´ш</Form>
        <Form Tag="R3S">існуе´</Form>
        <Form Tag="R1P">існуё´м</Form>
        <Form Tag="R2P">існуяце´</Form>
        <Form Tag="R3P">існую´ць</Form>
        <Form Tag="PXSM">існава´ў</Form>
        <Form Tag="PXSF">існава´ла</Form>
        <Form Tag="PXSN">існава´ла</Form>
        <Form Tag="PXPX">існава´лі</Form>
        <Form Tag="I2S">існу´й</Form>
        <Form Tag="I2P">існу´йце</Form>
        <Form Tag="RG">існуючы´</Form>
        <Form Tag="RG">існу´ючы</Form>
    </Paradigm>
    <Paradigm pdgId="1104603" Lemma="ісці´" Tag="VIMN1">
        <Form Tag="0">ісці´</Form>
        <Form Tag="R1S">іду´</Form>
        <Form Tag="R2S">ідзе´ш</Form>
        <Form Tag="R3S">ідзе´</Form>
        <Form Tag="R1P">ідзё´м</Form>
        <Form Tag="R2P">ідзяце´</Form>
        <Form Tag="R3P">іду´ць</Form>
        <Form Tag="PXSM">ішо´ў</Form>
        <Form Tag="PXSF">ішла´</Form>
        <Form Tag="PXSN">ішло´</Form>
        <Form Tag="PXPX">ішлі´</Form>
        <Form Tag="I2S">ідзі´</Form>
        <Form Tag="I2P">ідзі´це</Form>
        <Form Tag="RG">ідучы´</Form>
    </Paradigm>
</Wordlist>
