<?xml version="1.0" encoding="UTF-8" standalone="yes"?>
<Wordlist>
    <Paradigm pdgId="1105543" Lemma="абры´даць" Tag="VIPN1">
        <Form Tag="0">абры´даць</Form>
        <Form Tag="F1S">абры´даю</Form>
        <Form Tag="F2S">абры´даеш</Form>
        <Form Tag="F3S">абры´дае</Form>
        <Form Tag="F1P">абры´даем</Form>
        <Form Tag="F2P">абры´даеце</Form>
        <Form Tag="F3P">абры´даюць</Form>
        <Form Tag="PXSM">абры´даў</Form>
        <Form Tag="PXSF">абры´дала</Form>
        <Form Tag="PXSN">абры´дала</Form>
        <Form Tag="PXPX">абры´далі</Form>
        <Form Tag="I2S">абры´дай</Form>
        <Form Tag="I2P">абры´дайце</Form>
        <Form Tag="PG">абры´даўшы</Form>
    </Paradigm>
</Wordlist>
