<?xml version="1.0" encoding="UTF-8" standalone="yes"?>
<Wordlist>
    <Paradigm pdgId="1104960" Lemma="абво´дзіць" Tag="VTMN2">
        <Form Tag="0">абво´дзіць</Form>
        <Form Tag="R1S">абво´джу</Form>
        <Form Tag="R2S">абво´дзіш</Form>
        <Form Tag="R3S">абво´дзіць</Form>
        <Form Tag="R1P">абво´дзім</Form>
        <Form Tag="R2P">абво´дзіце</Form>
        <Form Tag="R3P">абво´дзяць</Form>
        <Form Tag="PXSM">абво´дзіў</Form>
        <Form Tag="PXSF">абво´дзіла</Form>
        <Form Tag="PXSN">абво´дзіла</Form>
        <Form Tag="PXPX">абво´дзілі</Form>
        <Form Tag="I2S">абво´дзь</Form>
        <Form Tag="I2P">абво´дзьце</Form>
        <Form Tag="RG">абво´дзячы</Form>
    </Paradigm>
    <Paradigm pdgId="1104962" Lemma="абво´зіць" Tag="VTMN2">
        <Form Tag="0">абво´зіць</Form>
        <Form Tag="R1S">абво´жу</Form>
        <Form Tag="R2S">абво´зіш</Form>
        <Form Tag="R3S">абво´зіць</Form>
        <Form Tag="R1P">абво´зім</Form>
        <Form Tag="R2P">абво´зіце</Form>
        <Form Tag="R3P">абво´зяць</Form>
        <Form Tag="PXSM">абво´зіў</Form>
        <Form Tag="PXSF">абво´зіла</Form>
        <Form Tag="PXSN">абво´зіла</Form>
        <Form Tag="PXPX">абво´зілі</Form>
        <Form Tag="I2S">абво´зь</Form>
        <Form Tag="I2P">абво´зьце</Form>
        <Form Tag="RG">абво´зячы</Form>
    </Paradigm>
    <Paradigm pdgId="1105484" Lemma="абно´сіць" Tag="VTMN2">
        <Form Tag="0">абно´сіць</Form>
        <Form Tag="R1S">абно´шу</Form>
        <Form Tag="R2S">абно´сіш</Form>
        <Form Tag="R3S">абно´сіць</Form>
        <Form Tag="R1P">абно´сім</Form>
        <Form Tag="R2P">абно´сіце</Form>
        <Form Tag="R3P">абно´сяць</Form>
        <Form Tag="PXSM">абно´сіў</Form>
        <Form Tag="PXSF">абно´сіла</Form>
        <Form Tag="PXSN">абно´сіла</Form>
        <Form Tag="PXPX">абно´сілі</Form>
        <Form Tag="I2S">абно´сь</Form>
        <Form Tag="I2P">абно´сьце</Form>
        <Form Tag="RG">абно´сячы</Form>
    </Paradigm>
    <Paradigm pdgId="1105780" Lemma="абыхо´дзіць" Tag="VTMN2">
        <Form Tag="0">абыхо´дзіць</Form>
        <Form Tag="R1S">абыхо´джу</Form>
        <Form Tag="R2S">абыхо´дзіш</Form>
        <Form Tag="R3S">абыхо´дзіць</Form>
        <Form Tag="R1P">абыхо´дзім</Form>
        <Form Tag="R2P">абыхо´дзіце</Form>
        <Form Tag="R3P">абыхо´дзяць</Form>
        <Form Tag="PXSM">абыхо´дзіў</Form>
        <Form Tag="PXSF">абыхо´дзіла</Form>
        <Form Tag="PXSN">абыхо´дзіла</Form>
        <Form Tag="PXPX">абыхо´дзілі</Form>
        <Form Tag="I2S">абыхо´дзь</Form>
        <Form Tag="I2P">абыхо´дзьце</Form>
        <Form Tag="RG">абыхо´дзячы</Form>
    </Paradigm>
    <Paradigm pdgId="1104638" Lemma="імча´ць" Tag="VTMN2">
        <Form Tag="0">імча´ць</Form>
        <Form Tag="R1S">імчу´</Form>
        <Form Tag="R2S">імчы´ш</Form>
        <Form Tag="R3S">імчы´ць</Form>
        <Form Tag="R1P">імчы´м</Form>
        <Form Tag="R2P">імчыце´</Form>
        <Form Tag="R3P">імча´ць</Form>
        <Form Tag="PXSM">імча´ў</Form>
        <Form Tag="PXSF">імча´ла</Form>
        <Form Tag="PXSN">імча´ла</Form>
        <Form Tag="PXPX">імча´лі</Form>
        <Form Tag="I2S">імчы´</Form>
        <Form Tag="I2P">імчы´це</Form>
        <Form Tag="RG">імчучы´</Form>
    </Paradigm>
    <Paradigm pdgId="1104746" Lemma="іржа´віць" Tag="VTMN2">
        <Form Tag="0">іржа´віць</Form>
        <Form Tag="R1S">іржаўлю</Form>
        <Form Tag="R2S">іржавіш</Form>
        <Form Tag="R3S">іржа´віць</Form>
        <Form Tag="R1P">іржавім</Form>
        <Form Tag="R2P">іржавіце</Form>
        <Form Tag="R3P">іржа´вяць</Form>
        <Form Tag="PXSM">іржа´віў</Form>
        <Form Tag="PXSF">іржа´віла</Form>
        <Form Tag="PXSN">іржа´віла</Form>
        <Form Tag="PXPX">іржа´вілі</Form>
        <Form Tag="I2S">іржаў</Form>
        <Form Tag="I2P">іржаўце</Form>
        <Form Tag="RG">іржавячы</Form>
    </Paradigm>
</Wordlist>
