<?xml version="1.0" encoding="UTF-8" standalone="yes"?>
<Wordlist>
    <Paradigm pdgId="1163370" Lemma="аб'ектывава´ць" Tag="VTPN1">
        <Form Tag="0">аб'ектывава´ць</Form>
        <Form Tag="F1S">аб'ектыву´ю</Form>
        <Form Tag="F2S">аб'ектыву´еш</Form>
        <Form Tag="F3S">аб'ектыву´е</Form>
        <Form Tag="F1P">аб'ектыву´ем</Form>
        <Form Tag="F2P">аб'ектыву´еце</Form>
        <Form Tag="F3P">аб'ектыву´юць</Form>
        <Form Tag="PXSM">аб'ектывава´ў</Form>
        <Form Tag="PXSF">аб'ектывава´ла</Form>
        <Form Tag="PXSN">аб'ектывава´ла</Form>
        <Form Tag="PXPX">аб'ектывава´лі</Form>
        <Form Tag="I2S">аб'ектыву´й</Form>
        <Form Tag="I2P">аб'ектыву´йце</Form>
        <Form Tag="PG">аб'ектывава´ўшы</Form>
    </Paradigm>
    <Paradigm pdgId="1104933" Lemma="абвалава´ць" Tag="VTPN1">
        <Form Tag="0">абвалава´ць</Form>
        <Form Tag="F1S">абвалу´ю</Form>
        <Form Tag="F2S">абвалу´еш</Form>
        <Form Tag="F3S">абвалу´е</Form>
        <Form Tag="F1P">абвалу´ем</Form>
        <Form Tag="F2P">абвалу´еце</Form>
        <Form Tag="F3P">абвалу´юць</Form>
        <Form Tag="PXSM">абвалава´ў</Form>
        <Form Tag="PXSF">абвалава´ла</Form>
        <Form Tag="PXSN">абвалава´ла</Form>
        <Form Tag="PXPX">абвалава´лі</Form>
        <Form Tag="I2S">абвалу´й</Form>
        <Form Tag="I2P">абвалу´йце</Form>
        <Form Tag="PG">абвалава´ўшы</Form>
    </Paradigm>
    <Paradigm pdgId="1163396" Lemma="ігнарава´ць" Tag="VTPN1">
        <Form Tag="0">ігнарава´ць</Form>
        <Form Tag="F1S">ігнару´ю</Form>
        <Form Tag="F2S">ігнару´еш</Form>
        <Form Tag="F3S">ігнару´е</Form>
        <Form Tag="F1P">ігнару´ем</Form>
        <Form Tag="F2P">ігнару´еце</Form>
        <Form Tag="F3P">ігнару´юць</Form>
        <Form Tag="PXSM">ігнарава´ў</Form>
        <Form Tag="PXSF">ігнарава´ла</Form>
        <Form Tag="PXSN">ігнарава´ла</Form>
        <Form Tag="PXPX">ігнарава´лі</Form>
        <Form Tag="I2S">ігнару´й</Form>
        <Form Tag="I2P">ігнару´йце</Form>
        <Form Tag="PG">ігнарава´ўшы</Form>
    </Paradigm>
</Wordlist>
