<?xml version="1.0" encoding="UTF-8" standalone="yes"?>
<Wordlist>
    <Paradigm pdgId="1107942" Lemma="быць" Tag="VXMN3">
        <Form Tag="0">быць</Form>
        <Form Tag="R1S">ёсць</Form>
        <Form Tag="R1S">бу´ду</Form>
        <Form Tag="R2S">ёсць</Form>
        <Form Tag="R2S">бу´дзеш</Form>
        <Form Tag="R3S">ёсць</Form>
        <Form Tag="R3S">бу´дзе</Form>
        <Form Tag="R1P">ёсць</Form>
        <Form Tag="R1P">бу´дзем</Form>
        <Form Tag="R2P">ёсць</Form>
        <Form Tag="R2P">бу´дзеце</Form>
        <Form Tag="R3P">ёсць</Form>
        <Form Tag="R3P">бу´дуць</Form>
        <Form Tag="PXSM">быў</Form>
        <Form Tag="PXSF">была´</Form>
        <Form Tag="PXSN">было´</Form>
        <Form Tag="PXPX">былі´</Form>
        <Form Tag="I2S">будзь</Form>
        <Form Tag="I2P">бу´дзьце</Form>
        <Form Tag="RG">бу´дучы</Form>
    </Paradigm>
    <Paradigm pdgId="1110634" Lemma="е´сці" Tag="VXMN3">
        <Form Tag="0">е´сці</Form>
        <Form Tag="R1S">ем</Form>
        <Form Tag="R2S">ясі´</Form>
        <Form Tag="R3S">есць</Form>
        <Form Tag="R1P">ямо´</Form>
        <Form Tag="R1P">ядзі´м</Form>
        <Form Tag="R2P">ядзі´це</Form>
        <Form Tag="R2P">ясце´</Form>
        <Form Tag="R3P">яду´ць</Form>
        <Form Tag="PXSM">еў</Form>
        <Form Tag="PXSF">е´ла</Form>
        <Form Tag="PXSN">е´ла</Form>
        <Form Tag="PXPX">е´лі</Form>
        <Form Tag="I2S">еш</Form>
        <Form Tag="I2S">еж</Form>
        <Form Tag="I2P">е´шце</Form>
        <Form Tag="I2P">е´жце</Form>
        <Form Tag="RG">едучы´</Form>
    </Paradigm>
</Wordlist>
