<?xml version="1.0" encoding="UTF-8" standalone="yes"?>
<Wordlist>
    <Paradigm pdgId="1151597" Lemma="адхо´дзіцца" Tag="VXMR2">
        <Form Tag="0">адхо´дзіцца</Form>
        <Form Tag="R1S">адхо´джуся</Form>
        <Form Tag="R2S">адхо´дзішся</Form>
        <Form Tag="R3S">адхо´дзіцца</Form>
        <Form Tag="R1P">адхо´дзімся</Form>
        <Form Tag="R2P">адхо´дзіцеся</Form>
        <Form Tag="R3P">адхо´дзяцца</Form>
        <Form Tag="PXSM">адхо´дзіўся</Form>
        <Form Tag="PXSF">адхо´дзілася</Form>
        <Form Tag="PXSN">адхо´дзілася</Form>
        <Form Tag="PXPX">адхо´дзіліся</Form>
        <Form Tag="I2S">адхо´дзься</Form>
        <Form Tag="I2P">адхо´дзьцеся</Form>
        <Form Tag="RG">адхо´дзячыся</Form>
    </Paradigm>
    <Paradigm pdgId="1151598" Lemma="адыхо´дзіцца" Tag="VXMR2">
        <Form Tag="0">адыхо´дзіцца</Form>
        <Form Tag="R1S">адыхо´джуся</Form>
        <Form Tag="R2S">адыхо´дзішся</Form>
        <Form Tag="R3S">адыхо´дзіцца</Form>
        <Form Tag="R1P">адыхо´дзімся</Form>
        <Form Tag="R2P">адыхо´дзіцеся</Form>
        <Form Tag="R3P">адыхо´дзяцца</Form>
        <Form Tag="PXSM">адыхо´дзіўся</Form>
        <Form Tag="PXSF">адыхо´дзілася</Form>
        <Form Tag="PXSN">адыхо´дзілася</Form>
        <Form Tag="PXPX">адыхо´дзіліся</Form>
        <Form Tag="I2S">адыхо´дзься</Form>
        <Form Tag="I2P">адыхо´дзьцеся</Form>
        <Form Tag="RG">адыхо´дзячыся</Form>
    </Paradigm>
    <Paradigm pdgId="1151599" Lemma="адэкало´ніцца" Tag="VXMR2">
        <Form Tag="0">адэкало´ніцца</Form>
        <Form Tag="R1S">адэкало´нюся</Form>
        <Form Tag="R2S">адэкало´нішся</Form>
        <Form Tag="R3S">адэкало´ніцца</Form>
        <Form Tag="R1P">адэкало´німся</Form>
        <Form Tag="R2P">адэкало´ніцеся</Form>
        <Form Tag="R3P">адэкало´няцца</Form>
        <Form Tag="PXSM">адэкало´ніўся</Form>
        <Form Tag="PXSF">адэкало´нілася</Form>
        <Form Tag="PXSN">адэкало´нілася</Form>
        <Form Tag="PXPX">адэкало´ніліся</Form>
        <Form Tag="I2S">адэкало´нься</Form>
        <Form Tag="I2P">адэкало´ньцеся</Form>
        <Form Tag="RG">адэкало´нячыся</Form>
    </Paradigm>
    <Paradigm pdgId="1151600" Lemma="ба´біцца" Tag="VXMR2">
        <Form Tag="0">ба´біцца</Form>
        <Form Tag="R1S">ба´блюся</Form>
        <Form Tag="R2S">ба´бішся</Form>
        <Form Tag="R3S">ба´біцца</Form>
        <Form Tag="R1P">ба´бімся</Form>
        <Form Tag="R2P">ба´біцеся</Form>
        <Form Tag="R3P">ба´бяцца</Form>
        <Form Tag="PXSM">ба´біўся</Form>
        <Form Tag="PXSF">ба´білася</Form>
        <Form Tag="PXSN">ба´білася</Form>
        <Form Tag="PXPX">ба´біліся</Form>
        <Form Tag="I2S">ба´бся</Form>
        <Form Tag="I2P">ба´бцеся</Form>
        <Form Tag="RG">ба´бячыся</Form>
    </Paradigm>
    <Paradigm pdgId="1151601" Lemma="банкру´ціцца" Tag="VXMR2">
        <Form Tag="0">банкру´ціцца</Form>
        <Form Tag="R1S">банкру´чуся</Form>
        <Form Tag="R2S">банкру´цішся</Form>
        <Form Tag="R3S">банкру´ціцца</Form>
        <Form Tag="R1P">банкру´цімся</Form>
        <Form Tag="R2P">банкру´ціцеся</Form>
        <Form Tag="R3P">банкру´цяцца</Form>
        <Form Tag="PXSM">банкру´ціўся</Form>
        <Form Tag="PXSF">банкру´цілася</Form>
        <Form Tag="PXSN">банкру´цілася</Form>
        <Form Tag="PXPX">банкру´ціліся</Form>
        <Form Tag="I2S"></Form>
        <Form Tag="I2P"></Form>
        <Form Tag="RG">банкру´цячыся</Form>
    </Paradigm>
    <Paradigm pdgId="1151602" Lemma="барвяні´цца" Tag="VXMR2">
        <Form Tag="0">барвяні´цца</Form>
        <Form Tag="R1S">барвяню´ся</Form>
        <Form Tag="R2S">барвяні´шся</Form>
        <Form Tag="R3S">барвяні´цца</Form>
        <Form Tag="R1P">барвяні´мся</Form>
        <Form Tag="R2P">барвяні´цеся</Form>
        <Form Tag="R3P">барвяня´цца</Form>
        <Form Tag="PXSM">барвяні´ўся</Form>
        <Form Tag="PXSF">барвяні´лася</Form>
        <Form Tag="PXSN">барвяні´лася</Form>
        <Form Tag="PXPX">барвяні´ліся</Form>
        <Form Tag="I2S">барвяні´ся</Form>
        <Form Tag="I2P">барвяні´цеся</Form>
        <Form Tag="RG"></Form>
    </Paradigm>
    <Paradigm pdgId="1151604" Lemma="бе´дніцца" Tag="VXMR2">
        <Form Tag="0">бе´дніцца</Form>
        <Form Tag="R1S">бе´днюся</Form>
        <Form Tag="R2S">бе´днішся</Form>
        <Form Tag="R3S">бе´дніцца</Form>
        <Form Tag="R1P">бе´днімся</Form>
        <Form Tag="R2P">бе´дніцеся</Form>
        <Form Tag="R3P">бе´дняцца</Form>
        <Form Tag="PXSM">бе´дніўся</Form>
        <Form Tag="PXSF">бе´днілася</Form>
        <Form Tag="PXSN">бе´днілася</Form>
        <Form Tag="PXPX">бе´дніліся</Form>
        <Form Tag="I2S">бе´дніся</Form>
        <Form Tag="I2P">бе´дніцеся</Form>
        <Form Tag="RG">бе´днячыся</Form>
    </Paradigm>
    <Paradigm pdgId="1151605" Lemma="валачы´цца" Tag="VXMR2">
        <Form Tag="0">валачы´цца</Form>
        <Form Tag="R1S">валачу´ся</Form>
        <Form Tag="R2S">вало´чышся</Form>
        <Form Tag="R3S">вало´чыцца</Form>
        <Form Tag="R1P">вало´чымся</Form>
        <Form Tag="R2P">вало´чыцеся</Form>
        <Form Tag="R3P">вало´чацца</Form>
        <Form Tag="PXSM">валачы´ўся</Form>
        <Form Tag="PXSF">валачы´лася</Form>
        <Form Tag="PXSN">валачы´лася</Form>
        <Form Tag="PXPX">валачы´ліся</Form>
        <Form Tag="I2S">валачы´ся</Form>
        <Form Tag="I2P">валачы´цеся</Form>
        <Form Tag="RG">вало´чачыся</Form>
    </Paradigm>
    <Paradigm pdgId="1151607" Lemma="віні´цца" Tag="VXMR2">
        <Form Tag="0">віні´цца</Form>
        <Form Tag="R1S">віню´ся</Form>
        <Form Tag="R2S">віні´шся</Form>
        <Form Tag="R3S">віні´цца</Form>
        <Form Tag="R1P">віні´мся</Form>
        <Form Tag="R2P">вініце´ся</Form>
        <Form Tag="R3P">віня´цца</Form>
        <Form Tag="PXSM">віні´ўся</Form>
        <Form Tag="PXSF">віні´лася</Form>
        <Form Tag="PXSN">віні´лася</Form>
        <Form Tag="PXPX">віні´ліся</Form>
        <Form Tag="I2S">віні´ся</Form>
        <Form Tag="I2P">віні´цеся</Form>
        <Form Tag="RG"></Form>
    </Paradigm>
    <Paradigm pdgId="1151608" Lemma="глумі´цца" Tag="VXMR2">
        <Form Tag="0">глумі´цца</Form>
        <Form Tag="R1S">глумлю´ся</Form>
        <Form Tag="R2S">глу´мішся</Form>
        <Form Tag="R3S">глу´міцца</Form>
        <Form Tag="R1P">глу´мімся</Form>
        <Form Tag="R2P">глу´міцеся</Form>
        <Form Tag="R3P">глу´мяцца</Form>
        <Form Tag="PXSM">глумі´ўся</Form>
        <Form Tag="PXSF">глумі´лася</Form>
        <Form Tag="PXSN">глумі´лася</Form>
        <Form Tag="PXPX">глумі´ліся</Form>
        <Form Tag="I2S">глумі´ся</Form>
        <Form Tag="I2P">глумі´цеся</Form>
        <Form Tag="RG">глу´мячыся</Form>
    </Paradigm>
    <Paradigm pdgId="1151609" Lemma="гразі´цца" Tag="VXMR2">
        <Form Tag="0">гразі´цца</Form>
        <Form Tag="R1S">гражу´ся</Form>
        <Form Tag="R2S">гро´зішся</Form>
        <Form Tag="R3S">гро´зіцца</Form>
        <Form Tag="R1P">гро´зімся</Form>
        <Form Tag="R2P">гро´зіцеся</Form>
        <Form Tag="R3P">гро´зяцца</Form>
        <Form Tag="PXSM">гразі´ўся</Form>
        <Form Tag="PXSF">гразі´лася</Form>
        <Form Tag="PXSN">гразі´лася</Form>
        <Form Tag="PXPX">гразі´ліся</Form>
        <Form Tag="I2S">гразі´ся</Form>
        <Form Tag="I2P">гразі´цеся</Form>
        <Form Tag="RG">гро´зячыся</Form>
    </Paradigm>
    <Paradigm pdgId="1151610" Lemma="даві´цца" Tag="VXMR2">
        <Form Tag="0">даві´цца</Form>
        <Form Tag="R1S">даўлю´ся</Form>
        <Form Tag="R2S">да´вішся</Form>
        <Form Tag="R3S">да´віцца</Form>
        <Form Tag="R1P">да´вімся</Form>
        <Form Tag="R2P">да´віцеся</Form>
        <Form Tag="R3P">да´вяцца</Form>
        <Form Tag="PXSM">даві´ўся</Form>
        <Form Tag="PXSF">даві´лася</Form>
        <Form Tag="PXSN">даві´лася</Form>
        <Form Tag="PXPX">даві´ліся</Form>
        <Form Tag="I2S">даві´ся</Form>
        <Form Tag="I2P">даві´цеся</Form>
        <Form Tag="RG">да´вячыся</Form>
    </Paradigm>
    <Paradigm pdgId="1151611" Lemma="даліка´ціцца" Tag="VXMR2">
        <Form Tag="0">даліка´ціцца</Form>
        <Form Tag="R1S">даліка´чуся</Form>
        <Form Tag="R2S">даліка´цішся</Form>
        <Form Tag="R3S">даліка´ціцца</Form>
        <Form Tag="R1P">даліка´цімся</Form>
        <Form Tag="R2P">даліка´ціцеся</Form>
        <Form Tag="R3P">даліка´цяцца</Form>
        <Form Tag="PXSM">даліка´ціўся</Form>
        <Form Tag="PXSF">даліка´цілася</Form>
        <Form Tag="PXSN">даліка´цілася</Form>
        <Form Tag="PXPX">даліка´ціліся</Form>
        <Form Tag="I2S">даліка´цься</Form>
        <Form Tag="I2P">даліка´цьцеся</Form>
        <Form Tag="RG">даліка´цячыся</Form>
    </Paradigm>
    <Paradigm pdgId="1151612" Lemma="даражы´цца" Tag="VXMR2">
        <Form Tag="0">даражы´цца</Form>
        <Form Tag="R1S">даражу´ся</Form>
        <Form Tag="R2S">даражы´шся</Form>
        <Form Tag="R3S">даражы´цца</Form>
        <Form Tag="R1P">даражы´мся</Form>
        <Form Tag="R2P">даражыце´ся</Form>
        <Form Tag="R3P">даража´цца</Form>
        <Form Tag="PXSM">даражы´ўся</Form>
        <Form Tag="PXSF">даражы´лася</Form>
        <Form Tag="PXSN">даражы´лася</Form>
        <Form Tag="PXPX">даражы´ліся</Form>
        <Form Tag="I2S">даражы´ся</Form>
        <Form Tag="I2P">даражы´цеся</Form>
        <Form Tag="RG"></Form>
    </Paradigm>
    <Paradigm pdgId="1151614" Lemma="дзічы´цца" Tag="VXMR2">
        <Form Tag="0">дзічы´цца</Form>
        <Form Tag="R1S">дзічу´ся</Form>
        <Form Tag="R2S">дзічы´шся</Form>
        <Form Tag="R3S">дзічы´цца</Form>
        <Form Tag="R1P">дзічы´мся</Form>
        <Form Tag="R2P">дзічыце´ся</Form>
        <Form Tag="R3P">дзіча´цца</Form>
        <Form Tag="PXSM">дзічы´ўся</Form>
        <Form Tag="PXSF">дзічы´лася</Form>
        <Form Tag="PXSN">дзічы´лася</Form>
        <Form Tag="PXPX">дзічы´ліся</Form>
        <Form Tag="I2S">дзічы´ся</Form>
        <Form Tag="I2P">дзічы´цеся</Form>
        <Form Tag="RG">дзі´чачыся</Form>
    </Paradigm>
    <Paradigm pdgId="1151613" Lemma="дзяржа´цца" Tag="VXMR2">
        <Form Tag="0">дзяржа´цца</Form>
        <Form Tag="R1S">дзяржу´ся</Form>
        <Form Tag="R2S">дзяржы´шся</Form>
        <Form Tag="R3S">дзяржы´цца</Form>
        <Form Tag="R1P">дзяржы´мся</Form>
        <Form Tag="R2P">дзержыце´ся</Form>
        <Form Tag="R3P">дзяржа´цца</Form>
        <Form Tag="PXSM">дзяржа´ўся</Form>
        <Form Tag="PXSF">дзяржа´лася</Form>
        <Form Tag="PXSN">дзяржа´лася</Form>
        <Form Tag="PXPX">дзяржа´ліся</Form>
        <Form Tag="I2S">дзяржы´ся</Form>
        <Form Tag="I2P">дзяржы´цеся</Form>
        <Form Tag="RG">дзе´ржачыся</Form>
    </Paradigm>
    <Paradigm pdgId="1151615" Lemma="жы´ліцца" Tag="VXMR2">
        <Form Tag="0">жы´ліцца</Form>
        <Form Tag="R1S">жы´люся</Form>
        <Form Tag="R2S">жы´лішся</Form>
        <Form Tag="R3S">жы´ліцца</Form>
        <Form Tag="R1P">жы´лімся</Form>
        <Form Tag="R2P">жы´ліцеся</Form>
        <Form Tag="R3P">жы´ляцца</Form>
        <Form Tag="PXSM">жы´ліўся</Form>
        <Form Tag="PXSF">жы´лілася</Form>
        <Form Tag="PXSN">жы´лілася</Form>
        <Form Tag="PXPX">жы´ліліся</Form>
        <Form Tag="I2S">жы´лься</Form>
        <Form Tag="I2P">жы´льцеся</Form>
        <Form Tag="RG">жы´лячыся</Form>
    </Paradigm>
    <Paradigm pdgId="1151617" Lemma="зіхце´цца" Tag="VXMR2">
        <Form Tag="0">зіхце´цца</Form>
        <Form Tag="R1S">зіхчу´ся</Form>
        <Form Tag="R2S">зіхці´шся</Form>
        <Form Tag="R3S">зіхці´цца</Form>
        <Form Tag="R1P">зіхці´мся</Form>
        <Form Tag="R2P">зіхціце´ся</Form>
        <Form Tag="R3P">зіхця´цца</Form>
        <Form Tag="PXSM">зіхце´ўся</Form>
        <Form Tag="PXSF">зіхце´лася</Form>
        <Form Tag="PXSN">зіхце´лася</Form>
        <Form Tag="PXPX">зіхце´ліся</Form>
        <Form Tag="I2S">зіхці´ся</Form>
        <Form Tag="I2P">зіхці´цеся</Form>
        <Form Tag="RG"></Form>
    </Paradigm>
    <Paradigm pdgId="1151616" Lemma="зы´рыцца" Tag="VXMR2">
        <Form Tag="0">зы´рыцца</Form>
        <Form Tag="R1S">зы´руся</Form>
        <Form Tag="R2S">зы´рышся</Form>
        <Form Tag="R3S">зы´рыцца</Form>
        <Form Tag="R1P">зы´рымся</Form>
        <Form Tag="R2P">зы´рыцеся</Form>
        <Form Tag="R3P">зы´рацца</Form>
        <Form Tag="PXSM">зы´рыўся</Form>
        <Form Tag="PXSF">зы´рылася</Form>
        <Form Tag="PXSN">зы´рылася</Form>
        <Form Tag="PXPX">зы´рыліся</Form>
        <Form Tag="I2S">зы´рся</Form>
        <Form Tag="I2P">зы´рцеся</Form>
        <Form Tag="RG">зы´рачыся</Form>
    </Paradigm>
    <Paradigm pdgId="1151670" Lemma="іна´чыцца" Tag="VXMR2">
        <Form Tag="0">іна´чыцца</Form>
        <Form Tag="R1S">іна´чуся</Form>
        <Form Tag="R2S">іна´чышся</Form>
        <Form Tag="R3S">іна´чыцца</Form>
        <Form Tag="R1P">іна´чымся</Form>
        <Form Tag="R2P">іна´чыцеся</Form>
        <Form Tag="R3P">іна´чацца</Form>
        <Form Tag="PXSM">іна´чыўся</Form>
        <Form Tag="PXSF">іна´чылася</Form>
        <Form Tag="PXSN">іна´чылася</Form>
        <Form Tag="PXPX">іна´чыліся</Form>
        <Form Tag="I2S"></Form>
        <Form Tag="I2P"></Form>
        <Form Tag="RG">іна´чачыся</Form>
    </Paradigm>
    <Paradigm pdgId="1151618" Lemma="капашы´цца" Tag="VXMR2">
        <Form Tag="0">капашы´цца</Form>
        <Form Tag="R1S">капашу´ся</Form>
        <Form Tag="R2S">капо´шышся</Form>
        <Form Tag="R3S">капо´шыцца</Form>
        <Form Tag="R1P">капо´шымся</Form>
        <Form Tag="R2P">капо´шыцеся</Form>
        <Form Tag="R3P">капо´шацца</Form>
        <Form Tag="PXSM">капашы´ўся</Form>
        <Form Tag="PXSF">капашы´лася</Form>
        <Form Tag="PXSN">капашы´лася</Form>
        <Form Tag="PXPX">капашы´ліся</Form>
        <Form Tag="I2S">капашы´ся</Form>
        <Form Tag="I2P">капашы´цеся</Form>
        <Form Tag="RG">капо´шачыся</Form>
    </Paradigm>
    <Paradigm pdgId="1151619" Lemma="капці´цца" Tag="VXMR2">
        <Form Tag="0">капці´цца</Form>
        <Form Tag="R1S">капчу´ся</Form>
        <Form Tag="R2S">ко´пцішся</Form>
        <Form Tag="R3S">ко´пціцца</Form>
        <Form Tag="R1P">ко´пцімся</Form>
        <Form Tag="R2P">ко´пціцеся</Form>
        <Form Tag="R3P">ко´пцяцца</Form>
        <Form Tag="PXSM">капці´ўся</Form>
        <Form Tag="PXSF">капці´лася</Form>
        <Form Tag="PXSN">капці´лася</Form>
        <Form Tag="PXPX">капці´ліся</Form>
        <Form Tag="I2S">капці´ся</Form>
        <Form Tag="I2P">капці´цеся</Form>
        <Form Tag="RG">ко´пцячыся</Form>
    </Paradigm>
    <Paradigm pdgId="1151620" Lemma="капы´рсціцца" Tag="VXMR2">
        <Form Tag="0">капы´рсціцца</Form>
        <Form Tag="R1S">капы´ршчуся</Form>
        <Form Tag="R2S">капы´рсцішся</Form>
        <Form Tag="R3S">капы´рсціцца</Form>
        <Form Tag="R1P">капы´рсцімся</Form>
        <Form Tag="R2P">капы´рсціцеся</Form>
        <Form Tag="R3P">капы´рсцяцца</Form>
        <Form Tag="PXSM">капы´рсціўся</Form>
        <Form Tag="PXSF">капы´рсцілася</Form>
        <Form Tag="PXSN">капы´рсцілася</Form>
        <Form Tag="PXPX">капы´рсціліся</Form>
        <Form Tag="I2S"></Form>
        <Form Tag="I2P"></Form>
        <Form Tag="RG">капы´рсцячыся</Form>
    </Paradigm>
    <Paradigm pdgId="1151621" Lemma="касабо´чыцца" Tag="VXMR2">
        <Form Tag="0">касабо´чыцца</Form>
        <Form Tag="R1S">касабо´чуся</Form>
        <Form Tag="R2S">касабо´чышся</Form>
        <Form Tag="R3S">касабо´чыцца</Form>
        <Form Tag="R1P">касабо´чымся</Form>
        <Form Tag="R2P">касабо´чыцеся</Form>
        <Form Tag="R3P">касабо´чацца</Form>
        <Form Tag="PXSM">касабо´чыўся</Form>
        <Form Tag="PXSF">касабо´чылася</Form>
        <Form Tag="PXSN">касабо´чылася</Form>
        <Form Tag="PXPX">касабо´чыліся</Form>
        <Form Tag="I2S"></Form>
        <Form Tag="I2P"></Form>
        <Form Tag="RG">касабо´чачыся</Form>
    </Paradigm>
    <Paradigm pdgId="1151622" Lemma="касу´рыцца" Tag="VXMR2">
        <Form Tag="0">касу´рыцца</Form>
        <Form Tag="R1S">касу´руся</Form>
        <Form Tag="R2S">касу´рышся</Form>
        <Form Tag="R3S">касу´рыцца</Form>
        <Form Tag="R1P">касу´рымся</Form>
        <Form Tag="R2P">касу´рыцеся</Form>
        <Form Tag="R3P">касу´рацца</Form>
        <Form Tag="PXSM">касу´рыўся</Form>
        <Form Tag="PXSF">касу´рылася</Form>
        <Form Tag="PXSN">касу´рылася</Form>
        <Form Tag="PXPX">касу´рыліся</Form>
        <Form Tag="I2S">касу´рся</Form>
        <Form Tag="I2P">касу´рцеся</Form>
        <Form Tag="RG">касу´рачыся</Form>
    </Paradigm>
    <Paradigm pdgId="1151623" Lemma="кво´ліцца" Tag="VXMR2">
        <Form Tag="0">кво´ліцца</Form>
        <Form Tag="R1S">кво´люся</Form>
        <Form Tag="R2S">кво´лішся</Form>
        <Form Tag="R3S">кво´ліцца</Form>
        <Form Tag="R1P">кво´лімся</Form>
        <Form Tag="R2P">кво´ліцеся</Form>
        <Form Tag="R3P">кво´ляцца</Form>
        <Form Tag="PXSM">кво´ліўся</Form>
        <Form Tag="PXSF">кво´лілася</Form>
        <Form Tag="PXSN">кво´лілася</Form>
        <Form Tag="PXPX">кво´ліліся</Form>
        <Form Tag="I2S"></Form>
        <Form Tag="I2P"></Form>
        <Form Tag="RG">кво´лячыся</Form>
    </Paradigm>
    <Paradigm pdgId="1151624" Lemma="кумі´цца" Tag="VXMR2">
        <Form Tag="0">кумі´цца</Form>
        <Form Tag="R1S">кумлю´ся</Form>
        <Form Tag="R2S">кумі´шся</Form>
        <Form Tag="R3S">кумі´цца</Form>
        <Form Tag="R1P">кумі´мся</Form>
        <Form Tag="R2P">куміце´ся</Form>
        <Form Tag="R3P">кумя´цца</Form>
        <Form Tag="PXSM">кумі´ўся</Form>
        <Form Tag="PXSF">кумі´лася</Form>
        <Form Tag="PXSN">кумі´лася</Form>
        <Form Tag="PXPX">кумі´ліся</Form>
        <Form Tag="I2S"></Form>
        <Form Tag="I2P"></Form>
        <Form Tag="RG"></Form>
    </Paradigm>
    <Paradigm pdgId="1151625" Lemma="кура´жыцца" Tag="VXMR2">
        <Form Tag="0">кура´жыцца</Form>
        <Form Tag="R1S">кура´жуся</Form>
        <Form Tag="R2S">кура´жышся</Form>
        <Form Tag="R3S">кура´жыцца</Form>
        <Form Tag="R1P">кура´жымся</Form>
        <Form Tag="R2P">кура´жыцеся</Form>
        <Form Tag="R3P">кура´жацца</Form>
        <Form Tag="PXSM">кура´жыўся</Form>
        <Form Tag="PXSF">кура´жылася</Form>
        <Form Tag="PXSN">кура´жылася</Form>
        <Form Tag="PXPX">кура´жыліся</Form>
        <Form Tag="I2S">кура´жся</Form>
        <Form Tag="I2P">кура´жцеся</Form>
        <Form Tag="RG">кура´жачыся</Form>
    </Paradigm>
    <Paradigm pdgId="1151626" Lemma="лаўчы´цца" Tag="VXMR2">
        <Form Tag="0">лаўчы´цца</Form>
        <Form Tag="R1S">лаўчу´ся</Form>
        <Form Tag="R2S">лаўчы´шся</Form>
        <Form Tag="R3S">лаўчы´цца</Form>
        <Form Tag="R1P">лаўчы´мся</Form>
        <Form Tag="R2P">лаўчыце´ся</Form>
        <Form Tag="R3P">лаўча´цца</Form>
        <Form Tag="PXSM">лаўчы´ўся</Form>
        <Form Tag="PXSF">лаўчы´лася</Form>
        <Form Tag="PXSN">лаўчы´лася</Form>
        <Form Tag="PXPX">лаўчы´ліся</Form>
        <Form Tag="I2S">лаўчы´ся</Form>
        <Form Tag="I2P">лаўчы´цеся</Form>
        <Form Tag="RG"></Form>
    </Paradigm>
    <Paradigm pdgId="1151627" Lemma="маладзі´цца" Tag="VXMR2">
        <Form Tag="0">маладзі´цца</Form>
        <Form Tag="R1S">маладжу´ся</Form>
        <Form Tag="R2S">мало´дзішся</Form>
        <Form Tag="R3S">мало´дзіцца</Form>
        <Form Tag="R1P">мало´дзімся</Form>
        <Form Tag="R2P">мало´дзіцеся</Form>
        <Form Tag="R3P">мало´дзяцца</Form>
        <Form Tag="PXSM">маладзі´ўся</Form>
        <Form Tag="PXSF">маладзі´лася</Form>
        <Form Tag="PXSN">маладзі´лася</Form>
        <Form Tag="PXPX">маладзі´ліся</Form>
        <Form Tag="I2S">маладзі´ся</Form>
        <Form Tag="I2P">маладзі´цеся</Form>
        <Form Tag="RG">мало´дзячыся</Form>
    </Paradigm>
    <Paradigm pdgId="1151628" Lemma="мане´жыцца" Tag="VXMR2">
        <Form Tag="0">мане´жыцца</Form>
        <Form Tag="R1S">мане´жуся</Form>
        <Form Tag="R2S">мане´жышся</Form>
        <Form Tag="R3S">мане´жыцца</Form>
        <Form Tag="R1P">мане´жымся</Form>
        <Form Tag="R2P">мане´жыцеся</Form>
        <Form Tag="R3P">мане´жацца</Form>
        <Form Tag="PXSM">мане´жыўся</Form>
        <Form Tag="PXSF">мане´жылася</Form>
        <Form Tag="PXSN">мане´жылася</Form>
        <Form Tag="PXPX">мане´жыліся</Form>
        <Form Tag="I2S">мане´жся</Form>
        <Form Tag="I2P">мане´жцеся</Form>
        <Form Tag="RG">мане´жачыся</Form>
    </Paradigm>
    <Paradigm pdgId="1151629" Lemma="мані´цца" Tag="VXMR2">
        <Form Tag="0">мані´цца</Form>
        <Form Tag="R1S">маню´ся</Form>
        <Form Tag="R2S">ма´нішся</Form>
        <Form Tag="R3S">ма´ніцца</Form>
        <Form Tag="R1P">ма´німся</Form>
        <Form Tag="R2P">ма´ніцеся</Form>
        <Form Tag="R3P">ма´няцца</Form>
        <Form Tag="PXSM">мані´ўся</Form>
        <Form Tag="PXSF">мані´лася</Form>
        <Form Tag="PXSN">мані´лася</Form>
        <Form Tag="PXPX">мані´ліся</Form>
        <Form Tag="I2S">мані´ся</Form>
        <Form Tag="I2P">мані´цеся</Form>
        <Form Tag="RG">ма´нячыся</Form>
    </Paradigm>
    <Paradigm pdgId="1151630" Lemma="масці´цца" Tag="VXMR2">
        <Form Tag="0">масці´цца</Form>
        <Form Tag="R1S">машчу´ся</Form>
        <Form Tag="R2S">мо´сцішся</Form>
        <Form Tag="R3S">мо´сціцца</Form>
        <Form Tag="R1P">мо´сцімся</Form>
        <Form Tag="R2P">мо´сціцеся</Form>
        <Form Tag="R3P">мо´сцяцца</Form>
        <Form Tag="PXSM">масці´ўся</Form>
        <Form Tag="PXSF">масці´лася</Form>
        <Form Tag="PXSN">масці´лася</Form>
        <Form Tag="PXPX">масці´ліся</Form>
        <Form Tag="I2S">масці´ся</Form>
        <Form Tag="I2P">масці´цеся</Form>
        <Form Tag="RG">мо´сцячыся</Form>
    </Paradigm>
    <Paradigm pdgId="1151631" Lemma="ме´рыцца" Tag="VXMR2">
        <Form Tag="0">ме´рыцца</Form>
        <Form Tag="R1S">ме´руся</Form>
        <Form Tag="R2S">ме´рышся</Form>
        <Form Tag="R3S">ме´рыцца</Form>
        <Form Tag="R1P">ме´рымся</Form>
        <Form Tag="R2P">ме´рыцеся</Form>
        <Form Tag="R3P">ме´рацца</Form>
        <Form Tag="PXSM">ме´рыўся</Form>
        <Form Tag="PXSF">ме´рылася</Form>
        <Form Tag="PXSN">ме´рылася</Form>
        <Form Tag="PXPX">ме´рыліся</Form>
        <Form Tag="I2S">ме´рся</Form>
        <Form Tag="I2P">ме´рцеся</Form>
        <Form Tag="RG">ме´рачыся</Form>
    </Paradigm>
    <Paradigm pdgId="1151632" Lemma="ме´сціцца" Tag="VXMR2">
        <Form Tag="0">ме´сціцца</Form>
        <Form Tag="R1S">ме´шчуся</Form>
        <Form Tag="R2S">ме´сцішся</Form>
        <Form Tag="R3S">ме´сціцца</Form>
        <Form Tag="R1P">ме´сцімся</Form>
        <Form Tag="R2P">ме´сціцеся</Form>
        <Form Tag="R3P">ме´сцяцца</Form>
        <Form Tag="PXSM">ме´сціўся</Form>
        <Form Tag="PXSF">ме´сцілася</Form>
        <Form Tag="PXSN">ме´сцілася</Form>
        <Form Tag="PXPX">ме´сціліся</Form>
        <Form Tag="I2S">ме´сціся</Form>
        <Form Tag="I2P">ме´сціцеся</Form>
        <Form Tag="RG">ме´сцячыся</Form>
    </Paradigm>
    <Paradigm pdgId="1151633" Lemma="мру´жыцца" Tag="VXMR2">
        <Form Tag="0">мру´жыцца</Form>
        <Form Tag="R1S">мру´жуся</Form>
        <Form Tag="R2S">мру´жышся</Form>
        <Form Tag="R3S">мру´жыцца</Form>
        <Form Tag="R1P">мру´жымся</Form>
        <Form Tag="R2P">мру´жыцеся</Form>
        <Form Tag="R3P">мру´жацца</Form>
        <Form Tag="PXSM">мру´жыўся</Form>
        <Form Tag="PXSF">мру´жылася</Form>
        <Form Tag="PXSN">мру´жылася</Form>
        <Form Tag="PXPX">мру´жыліся</Form>
        <Form Tag="I2S"></Form>
        <Form Tag="I2P"></Form>
        <Form Tag="RG">мру´жачыся</Form>
    </Paradigm>
    <Paradigm pdgId="1151634" Lemma="мы´ліцца" Tag="VXMR2">
        <Form Tag="0">мы´ліцца</Form>
        <Form Tag="R1S">мы´люся</Form>
        <Form Tag="R2S">мы´лішся</Form>
        <Form Tag="R3S">мы´ліцца</Form>
        <Form Tag="R1P">мы´лімся</Form>
        <Form Tag="R2P">мы´ліцеся</Form>
        <Form Tag="R3P">мы´ляцца</Form>
        <Form Tag="PXSM">мы´ліўся</Form>
        <Form Tag="PXSF">мы´лілася</Form>
        <Form Tag="PXSN">мы´лілася</Form>
        <Form Tag="PXPX">мы´ліліся</Form>
        <Form Tag="I2S">мы´лься</Form>
        <Form Tag="I2P">мы´льцеся</Form>
        <Form Tag="RG">мы´лячыся</Form>
    </Paradigm>
    <Paradigm pdgId="1151635" Lemma="няве´чыцца" Tag="VXMR2">
        <Form Tag="0">няве´чыцца</Form>
        <Form Tag="R1S">няве´чуся</Form>
        <Form Tag="R2S">няве´чышся</Form>
        <Form Tag="R3S">няве´чыцца</Form>
        <Form Tag="R1P">няве´чымся</Form>
        <Form Tag="R2P">няве´чыцеся</Form>
        <Form Tag="R3P">няве´чацца</Form>
        <Form Tag="PXSM">няве´чыўся</Form>
        <Form Tag="PXSF">няве´чылася</Form>
        <Form Tag="PXSN">няве´чылася</Form>
        <Form Tag="PXPX">няве´чыліся</Form>
        <Form Tag="I2S">няве´чся</Form>
        <Form Tag="I2P">няве´чцеся</Form>
        <Form Tag="RG">няве´чачыся</Form>
    </Paradigm>
    <Paradigm pdgId="1151636" Lemma="пама´дзіцца" Tag="VXMR2">
        <Form Tag="0">пама´дзіцца</Form>
        <Form Tag="R1S">пама´джуся</Form>
        <Form Tag="R2S">пама´дзішся</Form>
        <Form Tag="R3S">пама´дзіцца</Form>
        <Form Tag="R1P">пама´дзімся</Form>
        <Form Tag="R2P">пама´дзіцеся</Form>
        <Form Tag="R3P">пама´дзяцца</Form>
        <Form Tag="PXSM">пама´дзіўся</Form>
        <Form Tag="PXSF">пама´дзілася</Form>
        <Form Tag="PXSN">пама´дзілася</Form>
        <Form Tag="PXPX">пама´дзіліся</Form>
        <Form Tag="I2S">пама´дзься</Form>
        <Form Tag="I2P">пама´дзьцеся</Form>
        <Form Tag="RG">пама´дзячыся</Form>
    </Paradigm>
    <Paradigm pdgId="1151637" Lemma="плі´шчыцца" Tag="VXMR2">
        <Form Tag="0">плі´шчыцца</Form>
        <Form Tag="R1S">плі´шчуся</Form>
        <Form Tag="R2S">плі´шчышся</Form>
        <Form Tag="R3S">плі´шчыцца</Form>
        <Form Tag="R1P">плі´шчымся</Form>
        <Form Tag="R2P">плі´шчыцеся</Form>
        <Form Tag="R3P">плі´шчацца</Form>
        <Form Tag="PXSM">плі´шчыўся</Form>
        <Form Tag="PXSF">плі´шчылася</Form>
        <Form Tag="PXSN">плі´шчылася</Form>
        <Form Tag="PXPX">плі´шчыліся</Form>
        <Form Tag="I2S">плі´шчыся</Form>
        <Form Tag="I2P">плі´шчыцеся</Form>
        <Form Tag="RG">плі´шчучыся</Form>
    </Paradigm>
    <Paradigm pdgId="1151638" Lemma="прано´сіцца" Tag="VXMR2">
        <Form Tag="0">прано´сіцца</Form>
        <Form Tag="R1S">прано´шуся</Form>
        <Form Tag="R2S">прано´сішся</Form>
        <Form Tag="R3S">прано´сіцца</Form>
        <Form Tag="R1P">прано´сімся</Form>
        <Form Tag="R2P">прано´сіцеся</Form>
        <Form Tag="R3P">прано´сяцца</Form>
        <Form Tag="PXSM">прано´сіўся</Form>
        <Form Tag="PXSF">прано´сілася</Form>
        <Form Tag="PXSN">прано´сілася</Form>
        <Form Tag="PXPX">прано´сіліся</Form>
        <Form Tag="I2S">прано´сься</Form>
        <Form Tag="I2P">прано´сьцеся</Form>
        <Form Tag="RG">прано´сячыся</Form>
    </Paradigm>
    <Paradigm pdgId="1151639" Lemma="праці´віцца" Tag="VXMR2">
        <Form Tag="0">праці´віцца</Form>
        <Form Tag="R1S">праці´ўлюся</Form>
        <Form Tag="R2S">праці´вішся</Form>
        <Form Tag="R3S">праці´віцца</Form>
        <Form Tag="R1P">праці´вімся</Form>
        <Form Tag="R2P">праці´віцеся</Form>
        <Form Tag="R3P">праці´вяцца</Form>
        <Form Tag="PXSM">праці´віўся</Form>
        <Form Tag="PXSF">праці´вілася</Form>
        <Form Tag="PXSN">праці´вілася</Form>
        <Form Tag="PXPX">праці´віліся</Form>
        <Form Tag="I2S">праці´ўся</Form>
        <Form Tag="I2P">праці´ўцеся</Form>
        <Form Tag="RG">праці´вячыся</Form>
    </Paradigm>
    <Paradigm pdgId="1151640" Lemma="пры´ндзіцца" Tag="VXMR2">
        <Form Tag="0">пры´ндзіцца</Form>
        <Form Tag="R1S">пры´нджуся</Form>
        <Form Tag="R2S">пры´ндзішся</Form>
        <Form Tag="R3S">пры´ндзіцца</Form>
        <Form Tag="R1P">пры´ндзімся</Form>
        <Form Tag="R2P">пры´ндзіцеся</Form>
        <Form Tag="R3P">пры´ндзяцца</Form>
        <Form Tag="PXSM">пры´ндзіўся</Form>
        <Form Tag="PXSF">пры´ндзілася</Form>
        <Form Tag="PXSN">пры´ндзілася</Form>
        <Form Tag="PXPX">пры´ндзіліся</Form>
        <Form Tag="I2S">пры´ндзіся</Form>
        <Form Tag="I2P">пры´ндзіцеся</Form>
        <Form Tag="RG">пры´ндзячыся</Form>
    </Paradigm>
    <Paradigm pdgId="1151641" Lemma="пыні´цца" Tag="VXMR2">
        <Form Tag="0">пыні´цца</Form>
        <Form Tag="R1S">пыню´ся</Form>
        <Form Tag="R2S">пы´нішся</Form>
        <Form Tag="R3S">пы´ніцца</Form>
        <Form Tag="R1P">пы´німся</Form>
        <Form Tag="R2P">пы´ніцеся</Form>
        <Form Tag="R3P">пы´няцца</Form>
        <Form Tag="PXSM">пыні´ўся</Form>
        <Form Tag="PXSF">пыні´лася</Form>
        <Form Tag="PXSN">пыні´лася</Form>
        <Form Tag="PXPX">пыні´ліся</Form>
        <Form Tag="I2S">пыні´ся</Form>
        <Form Tag="I2P">пыні´цеся</Form>
        <Form Tag="RG">пы´нячыся</Form>
    </Paradigm>
    <Paradigm pdgId="1151642" Lemma="рамі´зіцца" Tag="VXMR2">
        <Form Tag="0">рамі´зіцца</Form>
        <Form Tag="R1S">рамі´жуся</Form>
        <Form Tag="R2S">рамі´зішся</Form>
        <Form Tag="R3S">рамі´зіцца</Form>
        <Form Tag="R1P">рамі´зімся</Form>
        <Form Tag="R2P">рамі´зіцеся</Form>
        <Form Tag="R3P">рамі´зяцца</Form>
        <Form Tag="PXSM">рамі´зіўся</Form>
        <Form Tag="PXSF">рамі´зілася</Form>
        <Form Tag="PXSN">рамі´зілася</Form>
        <Form Tag="PXPX">рамі´зіліся</Form>
        <Form Tag="I2S">рамі´зься</Form>
        <Form Tag="I2P">рамі´зьцеся</Form>
        <Form Tag="RG">рамі´зячыся</Form>
    </Paradigm>
    <Paradigm pdgId="1151643" Lemma="расі´цца" Tag="VXMR2">
        <Form Tag="0">расі´цца</Form>
        <Form Tag="R1S">рашу´ся</Form>
        <Form Tag="R2S">ро´сішся</Form>
        <Form Tag="R3S">ро´сіцца</Form>
        <Form Tag="R1P">ро´сімся</Form>
        <Form Tag="R2P">ро´сіцеся</Form>
        <Form Tag="R3P">ро´сяцца</Form>
        <Form Tag="PXSM">расі´ўся</Form>
        <Form Tag="PXSF">расі´лася</Form>
        <Form Tag="PXSN">расі´лася</Form>
        <Form Tag="PXPX">расі´ліся</Form>
        <Form Tag="I2S">расі´ся</Form>
        <Form Tag="I2P">расі´цеся</Form>
        <Form Tag="RG">ро´сячыся</Form>
    </Paradigm>
    <Paradigm pdgId="1151645" Lemma="ро´зніцца" Tag="VXMR2">
        <Form Tag="0">ро´зніцца</Form>
        <Form Tag="R1S">ро´знюся</Form>
        <Form Tag="R2S">ро´знішся</Form>
        <Form Tag="R3S">ро´зніцца</Form>
        <Form Tag="R1P">ро´знімся</Form>
        <Form Tag="R2P">ро´зніцеся</Form>
        <Form Tag="R3P">ро´зняцца</Form>
        <Form Tag="PXSM">ро´зніўся</Form>
        <Form Tag="PXSF">ро´знілася</Form>
        <Form Tag="PXSN">ро´знілася</Form>
        <Form Tag="PXPX">ро´зніліся</Form>
        <Form Tag="I2S">ро´зніся</Form>
        <Form Tag="I2P">ро´зніцеся</Form>
        <Form Tag="RG">ро´знячыся</Form>
    </Paradigm>
    <Paradigm pdgId="1151646" Lemma="ружо´віцца" Tag="VXMR2">
        <Form Tag="0">ружо´віцца</Form>
        <Form Tag="R1S">ружо´ўлюся</Form>
        <Form Tag="R2S">ружо´вішся</Form>
        <Form Tag="R3S">ружо´віцца</Form>
        <Form Tag="R1P">ружо´вімся</Form>
        <Form Tag="R2P">ружо´віцеся</Form>
        <Form Tag="R3P">ружо´вяцца</Form>
        <Form Tag="PXSM">ружо´віўся</Form>
        <Form Tag="PXSF">ружо´вілася</Form>
        <Form Tag="PXSN">ружо´вілася</Form>
        <Form Tag="PXPX">ружо´віліся</Form>
        <Form Tag="I2S"></Form>
        <Form Tag="I2P"></Form>
        <Form Tag="RG">ружо´вячыся</Form>
    </Paradigm>
    <Paradigm pdgId="1151647" Lemma="румя´ніцца" Tag="VXMR2">
        <Form Tag="0">румя´ніцца</Form>
        <Form Tag="R1S">румя´нюся</Form>
        <Form Tag="R2S">румя´нішся</Form>
        <Form Tag="R3S">румя´ніцца</Form>
        <Form Tag="R1P">румя´німся</Form>
        <Form Tag="R2P">румя´ніцеся</Form>
        <Form Tag="R3P">румя´няцца</Form>
        <Form Tag="PXSM">румя´ніўся</Form>
        <Form Tag="PXSF">румя´нілася</Form>
        <Form Tag="PXSN">румя´нілася</Form>
        <Form Tag="PXPX">румя´ніліся</Form>
        <Form Tag="I2S">румя´нься</Form>
        <Form Tag="I2P">румя´ньцеся</Form>
        <Form Tag="RG">румя´нячыся</Form>
    </Paradigm>
    <Paradigm pdgId="1151648" Lemma="саба´чыцца" Tag="VXMR2">
        <Form Tag="0">саба´чыцца</Form>
        <Form Tag="R1S">саба´чуся</Form>
        <Form Tag="R2S">саба´чышся</Form>
        <Form Tag="R3S">саба´чыцца</Form>
        <Form Tag="R1P">саба´чымся</Form>
        <Form Tag="R2P">саба´чыцеся</Form>
        <Form Tag="R3P">саба´чацца</Form>
        <Form Tag="PXSM">саба´чыўся</Form>
        <Form Tag="PXSF">саба´чылася</Form>
        <Form Tag="PXSN">саба´чылася</Form>
        <Form Tag="PXPX">саба´чыліся</Form>
        <Form Tag="I2S">саба´чся</Form>
        <Form Tag="I2P">саба´чцеся</Form>
        <Form Tag="RG">саба´чачыся</Form>
    </Paradigm>
    <Paradigm pdgId="1151658" Lemma="сі´ліцца" Tag="VXMR2">
        <Form Tag="0">сі´ліцца</Form>
        <Form Tag="R1S">сі´люся</Form>
        <Form Tag="R2S">сі´лішся</Form>
        <Form Tag="R3S">сі´ліцца</Form>
        <Form Tag="R1P">сі´лімся</Form>
        <Form Tag="R2P">сі´ліцеся</Form>
        <Form Tag="R3P">сі´ляцца</Form>
        <Form Tag="PXSM">сі´ліўся</Form>
        <Form Tag="PXSF">сі´лілася</Form>
        <Form Tag="PXSN">сі´лілася</Form>
        <Form Tag="PXPX">сі´ліліся</Form>
        <Form Tag="I2S">сі´лься</Form>
        <Form Tag="I2P">сі´льцеся</Form>
        <Form Tag="RG">сі´лячыся</Form>
    </Paradigm>
    <Paradigm pdgId="1151649" Lemma="сканда´ліцца" Tag="VXMR2">
        <Form Tag="0">сканда´ліцца</Form>
        <Form Tag="R1S">сканда´люся</Form>
        <Form Tag="R2S">сканда´лішся</Form>
        <Form Tag="R3S">сканда´ліцца</Form>
        <Form Tag="R1P">сканда´лімся</Form>
        <Form Tag="R2P">сканда´ліцеся</Form>
        <Form Tag="R3P">сканда´ляцца</Form>
        <Form Tag="PXSM">сканда´ліўся</Form>
        <Form Tag="PXSF">сканда´лілася</Form>
        <Form Tag="PXSN">сканда´лілася</Form>
        <Form Tag="PXPX">сканда´ліліся</Form>
        <Form Tag="I2S">сканда´лься</Form>
        <Form Tag="I2P">сканда´льцеся</Form>
        <Form Tag="RG"></Form>
    </Paradigm>
    <Paradigm pdgId="1151650" Lemma="скаро´міцца" Tag="VXMR2">
        <Form Tag="0">скаро´міцца</Form>
        <Form Tag="R1S">скаро´млюся</Form>
        <Form Tag="R2S">скаро´мішся</Form>
        <Form Tag="R3S">скаро´міцца</Form>
        <Form Tag="R1P">скаро´мімся</Form>
        <Form Tag="R2P">скаро´міцеся</Form>
        <Form Tag="R3P">скаро´мяцца</Form>
        <Form Tag="PXSM">скаро´міўся</Form>
        <Form Tag="PXSF">скаро´мілася</Form>
        <Form Tag="PXSN">скаро´мілася</Form>
        <Form Tag="PXPX">скаро´міліся</Form>
        <Form Tag="I2S">скаро´мся</Form>
        <Form Tag="I2P">скаро´мцеся</Form>
        <Form Tag="RG">скаро´мячыся</Form>
    </Paradigm>
    <Paradigm pdgId="1151651" Lemma="смуці´цца" Tag="VXMR2">
        <Form Tag="0">смуці´цца</Form>
        <Form Tag="R1S">смучу´ся</Form>
        <Form Tag="R2S">сму´цішся</Form>
        <Form Tag="R3S">сму´ціцца</Form>
        <Form Tag="R1P">сму´цімся</Form>
        <Form Tag="R2P">сму´ціцеся</Form>
        <Form Tag="R3P">сму´цяцца</Form>
        <Form Tag="PXSM">смуці´ўся</Form>
        <Form Tag="PXSF">смуці´лася</Form>
        <Form Tag="PXSN">смуці´лася</Form>
        <Form Tag="PXPX">смуці´ліся</Form>
        <Form Tag="I2S"></Form>
        <Form Tag="I2P"></Form>
        <Form Tag="RG">сму´цячыся</Form>
    </Paradigm>
    <Paradigm pdgId="1151652" Lemma="старані´цца" Tag="VXMR2">
        <Form Tag="0">старані´цца</Form>
        <Form Tag="R1S">стараню´ся</Form>
        <Form Tag="R2S">старо´нішся</Form>
        <Form Tag="R3S">старо´ніцца</Form>
        <Form Tag="R1P">старо´німся</Form>
        <Form Tag="R2P">старо´ніцеся</Form>
        <Form Tag="R3P">старо´няцца</Form>
        <Form Tag="PXSM">старані´ўся</Form>
        <Form Tag="PXSF">старані´лася</Form>
        <Form Tag="PXSN">старані´лася</Form>
        <Form Tag="PXPX">старані´ліся</Form>
        <Form Tag="I2S">старані´ся</Form>
        <Form Tag="I2P">старані´цеся</Form>
        <Form Tag="RG">старо´нячыся</Form>
    </Paradigm>
    <Paradigm pdgId="1151653" Lemma="ста´рыцца" Tag="VXMR2">
        <Form Tag="0">ста´рыцца</Form>
        <Form Tag="R1S">ста´руся</Form>
        <Form Tag="R2S">ста´рышся</Form>
        <Form Tag="R3S">ста´рыцца</Form>
        <Form Tag="R1P">ста´рымся</Form>
        <Form Tag="R2P">ста´рыцеся</Form>
        <Form Tag="R3P">ста´рацца</Form>
        <Form Tag="PXSM">ста´рыўся</Form>
        <Form Tag="PXSF">ста´рылася</Form>
        <Form Tag="PXSN">ста´рылася</Form>
        <Form Tag="PXPX">ста´рыліся</Form>
        <Form Tag="I2S">ста´рся</Form>
        <Form Tag="I2P">ста´рцеся</Form>
        <Form Tag="RG">ста´рачыся</Form>
    </Paradigm>
    <Paradigm pdgId="1151654" Lemma="стро´іцца" Tag="VXMR2">
        <Form Tag="0">стро´іцца</Form>
        <Form Tag="R1S">стро´юся</Form>
        <Form Tag="R2S">стро´ішся</Form>
        <Form Tag="R3S">стро´іцца</Form>
        <Form Tag="R1P">стро´імся</Form>
        <Form Tag="R2P">стро´іцеся</Form>
        <Form Tag="R3P">стро´яцца</Form>
        <Form Tag="PXSM">стро´іўся</Form>
        <Form Tag="PXSF">стро´ілася</Form>
        <Form Tag="PXSN">стро´ілася</Form>
        <Form Tag="PXPX">стро´іліся</Form>
        <Form Tag="I2S">стро´йся</Form>
        <Form Tag="I2P">стро´йцеся</Form>
        <Form Tag="RG">стро´ячыся</Form>
    </Paradigm>
    <Paradigm pdgId="1151655" Lemma="су´піцца" Tag="VXMR2">
        <Form Tag="0">су´піцца</Form>
        <Form Tag="R1S">су´плюся</Form>
        <Form Tag="R2S">су´пішся</Form>
        <Form Tag="R3S">су´піцца</Form>
        <Form Tag="R1P">су´пімся</Form>
        <Form Tag="R2P">су´піцеся</Form>
        <Form Tag="R3P">су´пяцца</Form>
        <Form Tag="PXSM">су´піўся</Form>
        <Form Tag="PXSF">су´пілася</Form>
        <Form Tag="PXSN">су´пілася</Form>
        <Form Tag="PXPX">су´піліся</Form>
        <Form Tag="I2S">су´пся</Form>
        <Form Tag="I2P">су´пцеся</Form>
        <Form Tag="RG">су´пячыся</Form>
    </Paradigm>
    <Paradigm pdgId="1151656" Lemma="сурмі´цца" Tag="VXMR2">
        <Form Tag="0">сурмі´цца</Form>
        <Form Tag="R1S">сурмлю´ся</Form>
        <Form Tag="R2S">су´рмішся</Form>
        <Form Tag="R3S">су´рміцца</Form>
        <Form Tag="R1P">су´рмімся</Form>
        <Form Tag="R2P">су´рміцеся</Form>
        <Form Tag="R3P">су´рмяцца</Form>
        <Form Tag="PXSM">сурмі´ўся</Form>
        <Form Tag="PXSF">сурмі´лася</Form>
        <Form Tag="PXSN">сурмі´лася</Form>
        <Form Tag="PXPX">сурмі´ліся</Form>
        <Form Tag="I2S">сурмі´ся</Form>
        <Form Tag="I2P">сурмі´цеся</Form>
        <Form Tag="RG">су´рмячыся</Form>
    </Paradigm>
    <Paradigm pdgId="1151657" Lemma="схо´дзіцца" Tag="VXMR2">
        <Form Tag="0">схо´дзіцца</Form>
        <Form Tag="R1S">схо´джуся</Form>
        <Form Tag="R2S">схо´дзішся</Form>
        <Form Tag="R3S">схо´дзіцца</Form>
        <Form Tag="R1P">схо´дзімся</Form>
        <Form Tag="R2P">схо´дзіцеся</Form>
        <Form Tag="R3P">схо´дзяцца</Form>
        <Form Tag="PXSM">схо´дзіўся</Form>
        <Form Tag="PXSF">схо´дзілася</Form>
        <Form Tag="PXSN">схо´дзілася</Form>
        <Form Tag="PXPX">схо´дзіліся</Form>
        <Form Tag="I2S">схо´дзься</Form>
        <Form Tag="I2P">схо´дзьцеся</Form>
        <Form Tag="RG">схо´дзячыся</Form>
    </Paradigm>
    <Paradigm pdgId="1151659" Lemma="таі´цца" Tag="VXMR2">
        <Form Tag="0">таі´цца</Form>
        <Form Tag="R1S">таю´ся</Form>
        <Form Tag="R2S">то´ішся</Form>
        <Form Tag="R3S">то´іцца</Form>
        <Form Tag="R1P">то´імся</Form>
        <Form Tag="R2P">то´іцеся</Form>
        <Form Tag="R3P">то´яцца</Form>
        <Form Tag="PXSM">таі´ўся</Form>
        <Form Tag="PXSF">таі´лася</Form>
        <Form Tag="PXSN">таі´лася</Form>
        <Form Tag="PXPX">таі´ліся</Form>
        <Form Tag="I2S">таі´ся</Form>
        <Form Tag="I2P">таі´цеся</Form>
        <Form Tag="RG">то´ячыся</Form>
    </Paradigm>
    <Paradigm pdgId="1151660" Lemma="тру´сіцца" Tag="VXMR2">
        <Form Tag="0">тру´сіцца</Form>
        <Form Tag="R1S">тру´шуся</Form>
        <Form Tag="R2S">тру´сішся</Form>
        <Form Tag="R3S">тру´сіцца</Form>
        <Form Tag="R1P">тру´сімся</Form>
        <Form Tag="R2P">тру´сіцеся</Form>
        <Form Tag="R3P">тру´сяцца</Form>
        <Form Tag="PXSM">тру´сіўся</Form>
        <Form Tag="PXSF">тру´сілася</Form>
        <Form Tag="PXSN">тру´сілася</Form>
        <Form Tag="PXPX">тру´сіліся</Form>
        <Form Tag="I2S">тру´сься</Form>
        <Form Tag="I2P">тру´сьцеся</Form>
        <Form Tag="RG">тру´сячыся</Form>
    </Paradigm>
    <Paradigm pdgId="1151661" Lemma="ты´шчыцца" Tag="VXMR2">
        <Form Tag="0">ты´шчыцца</Form>
        <Form Tag="R1S">ты´шчуся</Form>
        <Form Tag="R2S">ты´шчышся</Form>
        <Form Tag="R3S">ты´шчыцца</Form>
        <Form Tag="R1P">ты´шчымся</Form>
        <Form Tag="R2P">ты´шчыцеся</Form>
        <Form Tag="R3P">ты´шчацца</Form>
        <Form Tag="PXSM">ты´шчыўся</Form>
        <Form Tag="PXSF">ты´шчылася</Form>
        <Form Tag="PXSN">ты´шчылася</Form>
        <Form Tag="PXPX">ты´шчыліся</Form>
        <Form Tag="I2S">ты´шчыся</Form>
        <Form Tag="I2P">ты´шчыцеся</Form>
        <Form Tag="RG">ты´шчачыся</Form>
    </Paradigm>
    <Paradigm pdgId="1151662" Lemma="харашы´цца" Tag="VXMR2">
        <Form Tag="0">харашы´цца</Form>
        <Form Tag="R1S">харашу´ся</Form>
        <Form Tag="R2S">харо´шышся</Form>
        <Form Tag="R3S">харо´шыцца</Form>
        <Form Tag="R1P">харо´шымся</Form>
        <Form Tag="R2P">харо´шыцеся</Form>
        <Form Tag="R3P">харо´шацца</Form>
        <Form Tag="PXSM">харашы´ўся</Form>
        <Form Tag="PXSF">харашы´лася</Form>
        <Form Tag="PXSN">харашы´лася</Form>
        <Form Tag="PXPX">харашы´ліся</Form>
        <Form Tag="I2S">харашы´ся</Form>
        <Form Tag="I2P">харашы´цеся</Form>
        <Form Tag="RG">харо´шачыся</Form>
    </Paradigm>
    <Paradigm pdgId="1151663" Lemma="храбры´цца" Tag="VXMR2">
        <Form Tag="0">храбры´цца</Form>
        <Form Tag="R1S">храбру´ся</Form>
        <Form Tag="R2S">храбры´шся</Form>
        <Form Tag="R3S">храбры´цца</Form>
        <Form Tag="R1P">храбры´мся</Form>
        <Form Tag="R2P">храбрыце´ся</Form>
        <Form Tag="R3P">храбра´цца</Form>
        <Form Tag="PXSM">храбры´ўся</Form>
        <Form Tag="PXSF">храбры´лася</Form>
        <Form Tag="PXSN">храбры´лася</Form>
        <Form Tag="PXPX">храбры´ліся</Form>
        <Form Tag="I2S">храбры´ся</Form>
        <Form Tag="I2P">храбры´цеся</Form>
        <Form Tag="RG"></Form>
    </Paradigm>
    <Paradigm pdgId="1151664" Lemma="чапі´цца" Tag="VXMR2">
        <Form Tag="0">чапі´цца</Form>
        <Form Tag="R1S">чаплю´ся</Form>
        <Form Tag="R2S">чэ´пішся</Form>
        <Form Tag="R3S">чэ´піцца</Form>
        <Form Tag="R1P">чэ´пімся</Form>
        <Form Tag="R2P">чэ´піцеся</Form>
        <Form Tag="R3P">чэ´пяцца</Form>
        <Form Tag="PXSM">чапі´ўся</Form>
        <Form Tag="PXSF">чапі´лася</Form>
        <Form Tag="PXSN">чапі´лася</Form>
        <Form Tag="PXPX">чапі´ліся</Form>
        <Form Tag="I2S">чапі´ся</Form>
        <Form Tag="I2P">чапі´цеся</Form>
        <Form Tag="RG">чэ´пячыся</Form>
    </Paradigm>
    <Paradigm pdgId="1151665" Lemma="шавялі´цца" Tag="VXMR2">
        <Form Tag="0">шавялі´цца</Form>
        <Form Tag="R1S">шавялю´ся</Form>
        <Form Tag="R2S">шаве´лішся</Form>
        <Form Tag="R3S">шаве´ліцца</Form>
        <Form Tag="R1P">шаве´лімся</Form>
        <Form Tag="R2P">шаве´ліцеся</Form>
        <Form Tag="R3P">шаве´ляцца</Form>
        <Form Tag="PXSM">шавялі´ўся</Form>
        <Form Tag="PXSF">шавялі´лася</Form>
        <Form Tag="PXSN">шавялі´лася</Form>
        <Form Tag="PXPX">шавялі´ліся</Form>
        <Form Tag="I2S">шавялі´ся</Form>
        <Form Tag="I2P">шавялі´цеся</Form>
        <Form Tag="RG">шаве´лячыся</Form>
    </Paradigm>
    <Paradigm pdgId="1151666" Lemma="шво´рыцца" Tag="VXMR2">
        <Form Tag="0">шво´рыцца</Form>
        <Form Tag="R1S">шво´руся</Form>
        <Form Tag="R2S">шво´рышся</Form>
        <Form Tag="R3S">шво´рыцца</Form>
        <Form Tag="R1P">шво´рымся</Form>
        <Form Tag="R2P">шво´рыцеся</Form>
        <Form Tag="R3P">шво´рацца</Form>
        <Form Tag="PXSM">шво´рыўся</Form>
        <Form Tag="PXSF">шво´рылася</Form>
        <Form Tag="PXSN">шво´рылася</Form>
        <Form Tag="PXPX">шво´рыліся</Form>
        <Form Tag="I2S">шво´рся</Form>
        <Form Tag="I2P">шво´рцеся</Form>
        <Form Tag="RG">шво´рачыся</Form>
    </Paradigm>
    <Paradigm pdgId="1151667" Lemma="шны´парыцца" Tag="VXMR2">
        <Form Tag="0">шны´парыцца</Form>
        <Form Tag="R1S">шны´паруся</Form>
        <Form Tag="R2S">шны´парышся</Form>
        <Form Tag="R3S">шны´парыцца</Form>
        <Form Tag="R1P">шны´парымся</Form>
        <Form Tag="R2P">шны´парыцеся</Form>
        <Form Tag="R3P">шны´парацца</Form>
        <Form Tag="PXSM">шны´парыўся</Form>
        <Form Tag="PXSF">шны´парылася</Form>
        <Form Tag="PXSN">шны´парылася</Form>
        <Form Tag="PXPX">шны´парыліся</Form>
        <Form Tag="I2S">шны´парся</Form>
        <Form Tag="I2P">шны´парцеся</Form>
        <Form Tag="RG">шны´парачыся</Form>
    </Paradigm>
    <Paradigm pdgId="1151668" Lemma="шчамі´цца" Tag="VXMR2">
        <Form Tag="0">шчамі´цца</Form>
        <Form Tag="R1S">шчамлю´ся</Form>
        <Form Tag="R2S">шчэ´мішся</Form>
        <Form Tag="R3S">шчэ´міцца</Form>
        <Form Tag="R1P">шчэ´мімся</Form>
        <Form Tag="R2P">шчэ´міцеся</Form>
        <Form Tag="R3P">шчэ´мяцца</Form>
        <Form Tag="PXSM">шчамі´ўся</Form>
        <Form Tag="PXSF">шчамі´лася</Form>
        <Form Tag="PXSN">шчамі´лася</Form>
        <Form Tag="PXPX">шчамі´ліся</Form>
        <Form Tag="I2S">шчамі´ся</Form>
        <Form Tag="I2P">шчамі´цеся</Form>
        <Form Tag="RG">шчэ´мячыся</Form>
    </Paradigm>
    <Paradigm pdgId="1151669" Lemma="яршы´цца" Tag="VXMR2">
        <Form Tag="0">яршы´цца</Form>
        <Form Tag="R1S">яршу´ся</Form>
        <Form Tag="R2S">яршы´шся</Form>
        <Form Tag="R3S">яршы´цца</Form>
        <Form Tag="R1P">яршы´мся</Form>
        <Form Tag="R2P">яршыце´ся</Form>
        <Form Tag="R3P">ярша´цца</Form>
        <Form Tag="PXSM">яршы´ўся</Form>
        <Form Tag="PXSF">яршы´лася</Form>
        <Form Tag="PXSN">яршы´лася</Form>
        <Form Tag="PXPX">яршы´ліся</Form>
        <Form Tag="I2S">яршы´ся</Form>
        <Form Tag="I2P">яршы´цеся</Form>
        <Form Tag="RG"></Form>
    </Paradigm>
</Wordlist>
