<?xml version="1.0" encoding="UTF-8" standalone="yes"?>
<Wordlist>
    <Paradigm pdgId="1109723" Lemma="даць" Tag="VXPN3">
        <Form Tag="0">даць</Form>
        <Form Tag="F1S">дам</Form>
        <Form Tag="F2S">дасі´</Form>
        <Form Tag="F3S">дасць</Form>
        <Form Tag="F1P">дамо´</Form>
        <Form Tag="F1P">дадзі´м</Form>
        <Form Tag="F2P">дасце´</Form>
        <Form Tag="F3P">даду´ць</Form>
        <Form Tag="PXSM">даў</Form>
        <Form Tag="PXSF">дала´</Form>
        <Form Tag="PXSN">дало´</Form>
        <Form Tag="PXPX">далі´</Form>
        <Form Tag="I2S">дай</Form>
        <Form Tag="I2P">да´йце</Form>
        <Form Tag="PG">да´ўшы</Form>
    </Paradigm>
</Wordlist>
