<?xml version="1.0" encoding="UTF-8" standalone="yes"?>
<Wordlist>
    <Paradigm pdgId="1127949" Lemma="варта" Tag="W">
        <Form Tag="">варта</Form>
    </Paradigm>
    <Paradigm pdgId="1159889" Lemma="відаць" Tag="W">
        <Form Tag="">відаць</Form>
    </Paradigm>
    <Paradigm pdgId="1145615" Lemma="вінен" Tag="W">
        <Form Tag="">вінен</Form>
    </Paradigm>
    <Paradigm pdgId="1160152" Lemma="можна" Tag="W">
        <Form Tag="">можна</Form>
    </Paradigm>
    <Paradigm pdgId="1127950" Lemma="ну-ну" Tag="W">
        <Form Tag="">ну-ну</Form>
    </Paradigm>
    <Paradigm pdgId="1145614" Lemma="няма" Tag="W">
        <Form Tag="">няма</Form>
    </Paradigm>
    <Paradigm pdgId="1127929" Lemma="павінен" Tag="W">
        <Form Tag="">павінен</Form>
        <Form Tag="">павінна</Form>
        <Form Tag="">павінны</Form>
    </Paradigm>
    <Paradigm pdgId="1127948" Lemma="страх" Tag="W">
        <Form Tag="">страх</Form>
    </Paradigm>
    <Paradigm pdgId="1127947" Lemma="трэба" Tag="W">
        <Form Tag="">трэба</Form>
    </Paradigm>
    <Paradigm pdgId="1138963" Lemma="шкада" Tag="W">
        <Form Tag="">шкада</Form>
    </Paradigm>
</Wordlist>
