<?xml version="1.0" encoding="UTF-8" standalone="yes"?>
<Wordlist>
    <Paradigm pdgId="1126828" Lemma="ага" Tag="Y">
        <Form Tag="">ага</Form>
    </Paradigm>
    <Paradigm pdgId="1126829" Lemma="ай" Tag="Y">
        <Form Tag="">ай</Form>
    </Paradigm>
    <Paradigm pdgId="1126830" Lemma="ай-яй-яй" Tag="Y">
        <Form Tag="">ай-яй-яй</Form>
    </Paradigm>
    <Paradigm pdgId="1139984" Lemma="акыш" Tag="Y">
        <Form Tag="">акыш</Form>
    </Paradigm>
    <Paradigm pdgId="1126831" Lemma="алё" Tag="Y">
        <Form Tag="">алё</Form>
    </Paradigm>
    <Paradigm pdgId="1139985" Lemma="алілуя" Tag="Y">
        <Form Tag="">алілуя</Form>
    </Paradigm>
    <Paradigm pdgId="1126832" Lemma="ало" Tag="Y">
        <Form Tag="">ало</Form>
    </Paradigm>
    <Paradigm pdgId="1126833" Lemma="апсік" Tag="Y">
        <Form Tag="">апсік</Form>
    </Paradigm>
    <Paradigm pdgId="1126834" Lemma="ах" Tag="Y">
        <Form Tag="">ах</Form>
    </Paradigm>
    <Paradigm pdgId="1139983" Lemma="а-я-яй" Tag="Y">
        <Form Tag="">а-я-яй</Form>
    </Paradigm>
    <Paradigm pdgId="1126836" Lemma="барані бог" Tag="Y">
        <Form Tag="">барані бог</Form>
    </Paradigm>
    <Paradigm pdgId="1126837" Lemma="барані божа" Tag="Y">
        <Form Tag="">барані божа</Form>
    </Paradigm>
    <Paradigm pdgId="1126838" Lemma="баста" Tag="Y">
        <Form Tag="">баста</Form>
    </Paradigm>
    <Paradigm pdgId="1126839" Lemma="бацюхны" Tag="Y">
        <Form Tag="">бацюхны</Form>
    </Paradigm>
    <Paradigm pdgId="1126835" Lemma="біс" Tag="Y">
        <Form Tag="">біс</Form>
    </Paradigm>
    <Paradigm pdgId="1139986" Lemma="блісь" Tag="Y">
        <Form Tag="">блісь</Form>
    </Paradigm>
    <Paradigm pdgId="1126840" Lemma="божа мой" Tag="Y">
        <Form Tag="">божа мой</Form>
    </Paradigm>
    <Paradigm pdgId="1126841" Lemma="брава" Tag="Y">
        <Form Tag="">брава</Form>
    </Paradigm>
    <Paradigm pdgId="1139987" Lemma="бразь" Tag="Y">
        <Form Tag="">бразь</Form>
    </Paradigm>
    <Paradigm pdgId="1126842" Lemma="бывай" Tag="Y">
        <Form Tag="">бывай</Form>
    </Paradigm>
    <Paradigm pdgId="1126843" Lemma="бывайце" Tag="Y">
        <Form Tag="">бывайце</Form>
    </Paradigm>
    <Paradigm pdgId="1139990" Lemma="верць" Tag="Y">
        <Form Tag="">верць</Form>
    </Paradigm>
    <Paradigm pdgId="1139988" Lemma="віват" Tag="Y">
        <Form Tag="">віват</Form>
    </Paradigm>
    <Paradigm pdgId="1139989" Lemma="віра" Tag="Y">
        <Form Tag="">віра</Form>
    </Paradigm>
    <Paradigm pdgId="1139991" Lemma="вой" Tag="Y">
        <Form Tag="">вой</Form>
    </Paradigm>
    <Paradigm pdgId="1139992" Lemma="вон" Tag="Y">
        <Form Tag="">вон</Form>
    </Paradigm>
    <Paradigm pdgId="1126844" Lemma="вот табе на" Tag="Y">
        <Form Tag="">вот табе на</Form>
    </Paradigm>
    <Paradigm pdgId="1126845" Lemma="выбачай" Tag="Y">
        <Form Tag="">выбачай</Form>
    </Paradigm>
    <Paradigm pdgId="1126846" Lemma="выбачайце" Tag="Y">
        <Form Tag="">выбачайце</Form>
    </Paradigm>
    <Paradigm pdgId="1126847" Lemma="гайда" Tag="Y">
        <Form Tag="">гайда</Form>
    </Paradigm>
    <Paradigm pdgId="1139994" Lemma="гам" Tag="Y">
        <Form Tag="">гам</Form>
    </Paradigm>
    <Paradigm pdgId="1139993" Lemma="гаў" Tag="Y">
        <Form Tag="">гаў</Form>
    </Paradigm>
    <Paradigm pdgId="1139995" Lemma="го" Tag="Y">
        <Form Tag="">го</Form>
    </Paradigm>
    <Paradigm pdgId="1126848" Lemma="годзе" Tag="Y">
        <Form Tag="">годзе</Form>
    </Paradigm>
    <Paradigm pdgId="1126849" Lemma="госпадзі" Tag="Y">
        <Form Tag="">госпадзі</Form>
    </Paradigm>
    <Paradigm pdgId="1139996" Lemma="гу-гу" Tag="Y">
        <Form Tag="">гу-гу</Form>
    </Paradigm>
    <Paradigm pdgId="1126850" Lemma="гыля" Tag="Y">
        <Form Tag="">гыля</Form>
    </Paradigm>
    <Paradigm pdgId="1139997" Lemma="гэй" Tag="Y">
        <Form Tag="">гэй</Form>
    </Paradigm>
    <Paradigm pdgId="1126851" Lemma="д'ябал яго вазьмі" Tag="Y">
        <Form Tag="">д'ябал яго вазьмі</Form>
    </Paradigm>
    <Paradigm pdgId="1126853" Lemma="дабранач" Tag="Y">
        <Form Tag="">дабранач</Form>
    </Paradigm>
    <Paradigm pdgId="1126852" Lemma="да пабачэння" Tag="Y">
        <Form Tag="">да пабачэння</Form>
    </Paradigm>
    <Paradigm pdgId="1126854" Lemma="даруйце" Tag="Y">
        <Form Tag="">даруйце</Form>
    </Paradigm>
    <Paradigm pdgId="1126855" Lemma="дзень добры" Tag="Y">
        <Form Tag="">дзень добры</Form>
    </Paradigm>
    <Paradigm pdgId="1139998" Lemma="дзінь" Tag="Y">
        <Form Tag="">дзінь</Form>
    </Paradigm>
    <Paradigm pdgId="1139999" Lemma="дзінь-дзінь" Tag="Y">
        <Form Tag="">дзінь-дзінь</Form>
    </Paradigm>
    <Paradigm pdgId="1140000" Lemma="дзын" Tag="Y">
        <Form Tag="">дзын</Form>
    </Paradigm>
    <Paradigm pdgId="1140001" Lemma="дзын-дзын" Tag="Y">
        <Form Tag="">дзын-дзын</Form>
    </Paradigm>
    <Paradigm pdgId="1126856" Lemma="дзякуй" Tag="Y">
        <Form Tag="">дзякуй</Form>
    </Paradigm>
    <Paradigm pdgId="1126857" Lemma="добры вечар" Tag="Y">
        <Form Tag="">добры вечар</Form>
    </Paradigm>
    <Paradigm pdgId="1126858" Lemma="добры дзень" Tag="Y">
        <Form Tag="">добры дзень</Form>
    </Paradigm>
    <Paradigm pdgId="1126859" Lemma="долюхна" Tag="Y">
        <Form Tag="">долюхна</Form>
    </Paradigm>
    <Paradigm pdgId="1140002" Lemma="ей-ей" Tag="Y">
        <Form Tag="">ей-ей</Form>
    </Paradigm>
    <Paradigm pdgId="1140003" Lemma="ей-жа-ей" Tag="Y">
        <Form Tag="">ей-жа-ей</Form>
    </Paradigm>
    <Paradigm pdgId="1126860" Lemma="жах" Tag="Y">
        <Form Tag="">жах</Form>
    </Paradigm>
    <Paradigm pdgId="1126861" Lemma="з глузду з'ехаць" Tag="Y">
        <Form Tag="">з глузду з'ехаць</Form>
    </Paradigm>
    <Paradigm pdgId="1126862" Lemma="здароў" Tag="Y">
        <Form Tag="">здароў</Form>
    </Paradigm>
    <Paradigm pdgId="1140004" Lemma="здорава" Tag="Y">
        <Form Tag="">здорава</Form>
    </Paradigm>
    <Paradigm pdgId="1126863" Lemma="каравул" Tag="Y">
        <Form Tag="">каравул</Form>
    </Paradigm>
    <Paradigm pdgId="1140007" Lemma="квак" Tag="Y">
        <Form Tag="">квак</Form>
    </Paradigm>
    <Paradigm pdgId="1140005" Lemma="кіс-кіс" Tag="Y">
        <Form Tag="">кіс-кіс</Form>
    </Paradigm>
    <Paradigm pdgId="1140006" Lemma="кіц-кіц" Tag="Y">
        <Form Tag="">кіц-кіц</Form>
    </Paradigm>
    <Paradigm pdgId="1126864" Lemma="кось-кось" Tag="Y">
        <Form Tag="">кось-кось</Form>
    </Paradigm>
    <Paradigm pdgId="1140008" Lemma="круць-верць" Tag="Y">
        <Form Tag="">круць-верць</Form>
    </Paradigm>
    <Paradigm pdgId="1126865" Lemma="крый бог" Tag="Y">
        <Form Tag="">крый бог</Form>
    </Paradigm>
    <Paradigm pdgId="1140011" Lemma="кукарэку" Tag="Y">
        <Form Tag="">кукарэку</Form>
    </Paradigm>
    <Paradigm pdgId="1140009" Lemma="ку-ка-рэ-ку" Tag="Y">
        <Form Tag="">ку-ка-рэ-ку</Form>
    </Paradigm>
    <Paradigm pdgId="1140012" Lemma="куку" Tag="Y">
        <Form Tag="">куку</Form>
    </Paradigm>
    <Paradigm pdgId="1140010" Lemma="ку-ку" Tag="Y">
        <Form Tag="">ку-ку</Form>
    </Paradigm>
    <Paradigm pdgId="1126866" Lemma="кусі" Tag="Y">
        <Form Tag="">кусі</Form>
    </Paradigm>
    <Paradigm pdgId="1126867" Lemma="кыш" Tag="Y">
        <Form Tag="">кыш</Form>
    </Paradigm>
    <Paradigm pdgId="1126868" Lemma="марш" Tag="Y">
        <Form Tag="">марш</Form>
    </Paradigm>
    <Paradigm pdgId="1126869" Lemma="матухны" Tag="Y">
        <Form Tag="">матухны</Form>
    </Paradigm>
    <Paradigm pdgId="1126870" Lemma="на табе" Tag="Y">
        <Form Tag="">на табе</Form>
    </Paradigm>
    <Paradigm pdgId="1126871" Lemma="не дай бог" Tag="Y">
        <Form Tag="">не дай бог</Form>
    </Paradigm>
    <Paradigm pdgId="1126872" Lemma="не дай божа" Tag="Y">
        <Form Tag="">не дай божа</Form>
    </Paradigm>
    <Paradigm pdgId="1140013" Lemma="ні-ні" Tag="Y">
        <Form Tag="">ні-ні</Form>
    </Paradigm>
    <Paradigm pdgId="1126873" Lemma="но" Tag="Y">
        <Form Tag="">но</Form>
    </Paradigm>
    <Paradigm pdgId="1126874" Lemma="ну" Tag="Y">
        <Form Tag="">ну</Form>
    </Paradigm>
    <Paradigm pdgId="1140014" Lemma="ну-ну" Tag="Y">
        <Form Tag="">ну-ну</Form>
    </Paradigm>
    <Paradigm pdgId="1126875" Lemma="о" Tag="Y">
        <Form Tag="">о</Form>
    </Paradigm>
    <Paradigm pdgId="1126877" Lemma="ого" Tag="Y">
        <Form Tag="">ого</Form>
    </Paradigm>
    <Paradigm pdgId="1126876" Lemma="о-го-го" Tag="Y">
        <Form Tag="">о-го-го</Form>
    </Paradigm>
    <Paradigm pdgId="1126878" Lemma="ой" Tag="Y">
        <Form Tag="">ой</Form>
    </Paradigm>
    <Paradigm pdgId="1126879" Lemma="от табе на" Tag="Y">
        <Form Tag="">от табе на</Form>
    </Paradigm>
    <Paradigm pdgId="1126880" Lemma="ох" Tag="Y">
        <Form Tag="">ох</Form>
    </Paradigm>
    <Paradigm pdgId="1126881" Lemma="падумаеш" Tag="Y">
        <Form Tag="">падумаеш</Form>
    </Paradigm>
    <Paradigm pdgId="1126882" Lemma="прабач" Tag="Y">
        <Form Tag="">прабач</Form>
    </Paradigm>
    <Paradigm pdgId="1126883" Lemma="прабачце" Tag="Y">
        <Form Tag="">прабачце</Form>
    </Paradigm>
    <Paradigm pdgId="1126885" Lemma="прывет" Tag="Y">
        <Form Tag="">прывет</Form>
    </Paradigm>
    <Paradigm pdgId="1126884" Lemma="прывітанне" Tag="Y">
        <Form Tag="">прывітанне</Form>
    </Paradigm>
    <Paradigm pdgId="1126886" Lemma="слава богу" Tag="Y">
        <Form Tag="">слава богу</Form>
    </Paradigm>
    <Paradigm pdgId="1140015" Lemma="СОС" Tag="Y">
        <Form Tag="">СОС</Form>
    </Paradigm>
    <Paradigm pdgId="1126887" Lemma="стоп" Tag="Y">
        <Form Tag="">стоп</Form>
    </Paradigm>
    <Paradigm pdgId="1140016" Lemma="та-та" Tag="Y">
        <Form Tag="">та-та</Form>
    </Paradigm>
    <Paradigm pdgId="1140017" Lemma="тах" Tag="Y">
        <Form Tag="">тах</Form>
    </Paradigm>
    <Paradigm pdgId="1140018" Lemma="топ-топ" Tag="Y">
        <Form Tag="">топ-топ</Form>
    </Paradigm>
    <Paradigm pdgId="1140019" Lemma="тпру" Tag="Y">
        <Form Tag="">тпру</Form>
    </Paradigm>
    <Paradigm pdgId="1140020" Lemma="трах-тарарах" Tag="Y">
        <Form Tag="">трах-тарарах</Form>
    </Paradigm>
    <Paradigm pdgId="1126888" Lemma="трэба" Tag="Y">
        <Form Tag="">трэба</Form>
    </Paradigm>
    <Paradigm pdgId="1140021" Lemma="трэсь" Tag="Y">
        <Form Tag="">трэсь</Form>
    </Paradigm>
    <Paradigm pdgId="1126889" Lemma="тфу" Tag="Y">
        <Form Tag="">тфу</Form>
    </Paradigm>
    <Paradigm pdgId="1140022" Lemma="уа" Tag="Y">
        <Form Tag="">уа</Form>
    </Paradigm>
    <Paradigm pdgId="1140023" Lemma="уга" Tag="Y">
        <Form Tag="">уга</Form>
    </Paradigm>
    <Paradigm pdgId="1126891" Lemma="ура" Tag="Y">
        <Form Tag="">ура</Form>
    </Paradigm>
    <Paradigm pdgId="1126892" Lemma="усяго добрага" Tag="Y">
        <Form Tag="">усяго добрага</Form>
    </Paradigm>
    <Paradigm pdgId="1126893" Lemma="усяго найлепшага" Tag="Y">
        <Form Tag="">усяго найлепшага</Form>
    </Paradigm>
    <Paradigm pdgId="1126894" Lemma="ух" Tag="Y">
        <Form Tag="">ух</Form>
    </Paradigm>
    <Paradigm pdgId="1126890" Lemma="у-ха-ха" Tag="Y">
        <Form Tag="">у-ха-ха</Form>
    </Paradigm>
    <Paradigm pdgId="1140024" Lemma="фізкульт-прывет" Tag="Y">
        <Form Tag="">фізкульт-прывет</Form>
    </Paradigm>
    <Paradigm pdgId="1140025" Lemma="фізкульт-ура" Tag="Y">
        <Form Tag="">фізкульт-ура</Form>
    </Paradigm>
    <Paradigm pdgId="1140026" Lemma="фу" Tag="Y">
        <Form Tag="">фу</Form>
    </Paradigm>
    <Paradigm pdgId="1140027" Lemma="фэ" Tag="Y">
        <Form Tag="">фэ</Form>
    </Paradigm>
    <Paradigm pdgId="1140029" Lemma="ха-ха" Tag="Y">
        <Form Tag="">ха-ха</Form>
    </Paradigm>
    <Paradigm pdgId="1140030" Lemma="хе-хе" Tag="Y">
        <Form Tag="">хе-хе</Form>
    </Paradigm>
    <Paradigm pdgId="1126895" Lemma="хіба" Tag="Y">
        <Form Tag="">хіба</Form>
    </Paradigm>
    <Paradigm pdgId="1140028" Lemma="хі-хі" Tag="Y">
        <Form Tag="">хі-хі</Form>
    </Paradigm>
    <Paradigm pdgId="1140031" Lemma="хоп" Tag="Y">
        <Form Tag="">хоп</Form>
    </Paradigm>
    <Paradigm pdgId="1140033" Lemma="ціп-ціп" Tag="Y">
        <Form Tag="">ціп-ціп</Form>
    </Paradigm>
    <Paradigm pdgId="1140032" Lemma="ціў-ціў" Tag="Y">
        <Form Tag="">ціў-ціў</Form>
    </Paradigm>
    <Paradigm pdgId="1126896" Lemma="ціш" Tag="Y">
        <Form Tag="">ціш</Form>
    </Paradigm>
    <Paradigm pdgId="1140034" Lemma="цок" Tag="Y">
        <Form Tag="">цок</Form>
    </Paradigm>
    <Paradigm pdgId="1140035" Lemma="цып-цып" Tag="Y">
        <Form Tag="">цып-цып</Form>
    </Paradigm>
    <Paradigm pdgId="1140036" Lemma="цыц" Tag="Y">
        <Form Tag="">цыц</Form>
    </Paradigm>
    <Paradigm pdgId="1140037" Lemma="чых" Tag="Y">
        <Form Tag="">чых</Form>
    </Paradigm>
    <Paradigm pdgId="1126897" Lemma="ша" Tag="Y">
        <Form Tag="">ша</Form>
    </Paradigm>
    <Paradigm pdgId="1126898" Lemma="што за ліха" Tag="Y">
        <Form Tag="">што за ліха</Form>
    </Paradigm>
    <Paradigm pdgId="1126899" Lemma="эй" Tag="Y">
        <Form Tag="">эй</Form>
    </Paradigm>
    <Paradigm pdgId="1126900" Lemma="эх" Tag="Y">
        <Form Tag="">эх</Form>
    </Paradigm>
    <Paradigm pdgId="1126903" Lemma="як бы не так" Tag="Y">
        <Form Tag="">як бы не так</Form>
    </Paradigm>
    <Paradigm pdgId="1126901" Lemma="я табе" Tag="Y">
        <Form Tag="">я табе</Form>
    </Paradigm>
    <Paradigm pdgId="1126902" Lemma="я цябе" Tag="Y">
        <Form Tag="">я цябе</Form>
    </Paradigm>
</Wordlist>
