<?xml version="1.0" encoding="UTF-8" standalone="yes"?>
<Wordlist>
    <Paradigm pdgId="1161027" Lemma="аднак" Tag="Z">
        <Form Tag="">аднак</Form>
    </Paradigm>
    <Paradigm pdgId="1159713" Lemma="відаць" Tag="Z">
        <Form Tag="">відаць</Form>
    </Paradigm>
    <Paradigm pdgId="1160151" Lemma="значыць" Tag="Z">
        <Form Tag="">значыць</Form>
    </Paradigm>
    <Paradigm pdgId="1146259" Lemma="мабыць" Tag="Z">
        <Form Tag="">мабыць</Form>
    </Paradigm>
    <Paradigm pdgId="1127927" Lemma="магчыма" Tag="Z">
        <Form Tag="">магчыма</Form>
    </Paradigm>
    <Paradigm pdgId="1127928" Lemma="мусіць" Tag="Z">
        <Form Tag="">мусіць</Form>
    </Paradigm>
    <Paradigm pdgId="1161028" Lemma="наадварот" Tag="Z">
        <Form Tag="">наадварот</Form>
    </Paradigm>
    <Paradigm pdgId="1127926" Lemma="напрыклад" Tag="Z">
        <Form Tag="">напрыклад</Form>
    </Paradigm>
    <Paradigm pdgId="1145613" Lemma="прынамсі" Tag="Z">
        <Form Tag="">прынамсі</Form>
    </Paradigm>
    <Paradigm pdgId="1161026" Lemma="так" Tag="Z">
        <Form Tag="">так</Form>
    </Paradigm>
</Wordlist>
